n_features,ultima_feature,tratamento,modelo,transform,rmse,mae,mape,mdape,r2
1,metragem,minmax_mean_ohe,Linear,log,,,,,
1,metragem,quantile_median_ord,Linear,boxcox,,,,,
1,metragem,quantile_median_ord,MLP_opt,log,,,,,
1,metragem,raw_zero_ord,MLP_opt,boxcox,,,,,
1,metragem,power_median_ohe,HistGB_opt,boxcox,,,,,
1,metragem,raw_zero_ord,RandomForest_opt,sqrt,,,,,
1,metragem,std_median_ohe,RandomForest_opt,yeojohnson,,,,,
1,metragem,std_median_ohe,Ridge_opt,log,,,,,
1,metragem,std_median_ohe,LightGBM_opt,sqrt,,,,,
1,metragem,robust_median_ohe,LightGBM_opt,none,,,,,
1,metragem,robust_median_ohe,GradientBoosting_opt,sqrt,,,,,
1,metragem,robust_median_ohe,Linear,boxcox,,,,,
1,metragem,minmax_mean_ohe,KNN_opt,none,,,,,
1,metragem,minmax_mean_ohe,MLP_opt,log,,,,,
1,metragem,minmax_mean_ohe,SVR_opt,boxcox,,,,,
1,metragem,quantile_median_ord,Ridge_opt,none,,,,,
1,metragem,quantile_median_ord,CatBoost_opt,boxcox,,,,,
1,metragem,power_median_ohe,MLP_opt,log,,,,,
1,metragem,raw_zero_ord,KNN_opt,none,,,,,
1,metragem,raw_zero_ord,HistGB_opt,boxcox,,,,,
1,metragem,quantile_median_ord,LightGBM_opt,log,,,,,
1,metragem,power_median_ohe,Ridge_opt,none,,,,,
1,metragem,power_median_ohe,SVR_opt,boxcox,,,,,
1,metragem,raw_zero_ord,Linear,log,,,,,
1,metragem,std_median_ohe,GradientBoosting_opt,yeojohnson,,,,,
1,metragem,std_median_ohe,RandomForest_opt,log,,,,,
1,metragem,std_median_ohe,HistGB_opt,sqrt,,,,,
1,metragem,robust_median_ohe,HistGB_opt,none,,,,,
1,metragem,robust_median_ohe,KNN_opt,sqrt,,,,,
1,metragem,robust_median_ohe,MLP_opt,boxcox,,,,,
1,metragem,minmax_mean_ohe,SVR_opt,none,,,,,
1,metragem,minmax_mean_ohe,Ridge_opt,sqrt,,,,,
1,metragem,minmax_mean_ohe,CatBoost_opt,boxcox,,,,,
1,metragem,std_median_ohe,Ridge_opt,yeojohnson,,,,,
1,metragem,quantile_median_ord,GradientBoosting_opt,boxcox,,,,,
1,metragem,power_median_ohe,LightGBM_opt,log,,,,,
1,metragem,raw_zero_ord,Ridge_opt,none,,,,,
1,metragem,raw_zero_ord,SVR_opt,boxcox,,,,,
1,metragem,quantile_median_ord,HistGB_opt,yeojohnson,,,,,
1,metragem,power_median_ohe,RandomForest_opt,boxcox,,,,,
1,metragem,raw_zero_ord,CatBoost_opt,log,,,,,
1,metragem,power_median_ohe,Ridge_opt,yeojohnson,,,,,
1,metragem,std_median_ohe,GradientBoosting_opt,log,,,,,
1,metragem,std_median_ohe,Linear,sqrt,,,,,
1,metragem,std_median_ohe,KNN_opt,yeojohnson,,,,,
1,metragem,robust_median_ohe,Linear,none,,,,,
1,metragem,robust_median_ohe,SVR_opt,sqrt,,,,,
1,metragem,robust_median_ohe,Ridge_opt,yeojohnson,,,,,
1,metragem,minmax_mean_ohe,CatBoost_opt,none,,,,,
1,metragem,minmax_mean_ohe,RandomForest_opt,sqrt,,,,,
1,metragem,minmax_mean_ohe,LightGBM_opt,boxcox,,,,,
1,metragem,quantile_median_ord,GradientBoosting_opt,none,,,,,
1,metragem,power_median_ohe,KNN_opt,log,,,,,
1,metragem,power_median_ohe,HistGB_opt,yeojohnson,,,,,
1,metragem,raw_zero_ord,RandomForest_opt,boxcox,,,,,
1,metragem,quantile_median_ord,RandomForest_opt,log,,,,,
1,metragem,power_median_ohe,Linear,sqrt,,,,,
1,metragem,raw_zero_ord,GradientBoosting_opt,log,,,,,
1,metragem,raw_zero_ord,LightGBM_opt,yeojohnson,,,,,
1,metragem,quantile_median_ord,LightGBM_opt,sqrt,,,,,
1,metragem,quantile_median_ord,RandomForest_opt,none,,,,,
1,metragem,std_median_ohe,MLP_opt,sqrt,,,,,
1,metragem,robust_median_ohe,MLP_opt,none,,,,,
1,metragem,robust_median_ohe,CatBoost_opt,sqrt,,,,,
1,metragem,std_median_ohe,SVR_opt,yeojohnson,,,,,
1,metragem,robust_median_ohe,RandomForest_opt,yeojohnson,,,,,
1,metragem,minmax_mean_ohe,LightGBM_opt,none,,,,,
1,metragem,minmax_mean_ohe,GradientBoosting_opt,sqrt,,,,,
1,metragem,minmax_mean_ohe,HistGB_opt,boxcox,,,,,
1,metragem,quantile_median_ord,KNN_opt,none,,,,,
1,metragem,quantile_median_ord,Linear,none,,,,,
1,metragem,power_median_ohe,SVR_opt,yeojohnson,,,,,
1,metragem,robust_median_ohe,RandomForest_opt,sqrt,,,,,
1,metragem,quantile_median_ord,GradientBoosting_opt,yeojohnson,,,,,
1,metragem,raw_zero_ord,MLP_opt,none,,,,,
1,metragem,raw_zero_ord,KNN_opt,yeojohnson,,,,,
1,metragem,quantile_median_ord,KNN_opt,sqrt,,,,,
1,metragem,power_median_ohe,HistGB_opt,none,,,,,
1,metragem,std_median_ohe,CatBoost_opt,yeojohnson,,,,,
1,metragem,std_median_ohe,SVR_opt,log,,,,,
1,metragem,std_median_ohe,Ridge_opt,boxcox,,,,,
1,metragem,robust_median_ohe,Ridge_opt,log,,,,,
1,metragem,robust_median_ohe,LightGBM_opt,sqrt,,,,,
1,metragem,robust_median_ohe,GradientBoosting_opt,yeojohnson,,,,,
1,metragem,minmax_mean_ohe,HistGB_opt,none,,,,,
1,metragem,minmax_mean_ohe,KNN_opt,sqrt,,,,,
1,metragem,raw_zero_ord,Linear,sqrt,,,,,
1,metragem,quantile_median_ord,SVR_opt,none,,,,,
1,metragem,quantile_median_ord,CatBoost_opt,none,,,,,
1,metragem,quantile_median_ord,MLP_opt,boxcox,,,,,
1,metragem,raw_zero_ord,CatBoost_opt,sqrt,,,,,
1,metragem,power_median_ohe,KNN_opt,sqrt,,,,,
1,metragem,raw_zero_ord,Ridge_opt,yeojohnson,,,,,
1,metragem,quantile_median_ord,Ridge_opt,sqrt,,,,,
1,metragem,power_median_ohe,SVR_opt,none,,,,,
1,metragem,raw_zero_ord,GradientBoosting_opt,sqrt,,,,,
1,metragem,minmax_mean_ohe,Linear,boxcox,,,,,
1,metragem,std_median_ohe,LightGBM_opt,yeojohnson,,,,,
1,metragem,std_median_ohe,Ridge_opt,none,,,,,
1,metragem,std_median_ohe,CatBoost_opt,log,,,,,
1,metragem,std_median_ohe,RandomForest_opt,boxcox,,,,,
1,metragem,robust_median_ohe,RandomForest_opt,log,,,,,
1,metragem,robust_median_ohe,HistGB_opt,sqrt,,,,,
1,metragem,robust_median_ohe,KNN_opt,yeojohnson,,,,,
1,metragem,minmax_mean_ohe,Linear,none,,,,,
1,metragem,minmax_mean_ohe,SVR_opt,sqrt,,,,,
1,metragem,minmax_mean_ohe,MLP_opt,boxcox,,,,,
1,metragem,quantile_median_ord,LightGBM_opt,boxcox,,,,,
1,metragem,power_median_ohe,Ridge_opt,sqrt,,,,,
1,metragem,raw_zero_ord,SVR_opt,none,,,,,
1,metragem,quantile_median_ord,HistGB_opt,log,,,,,
1,metragem,power_median_ohe,RandomForest_opt,none,,,,,
1,metragem,power_median_ohe,CatBoost_opt,boxcox,,,,,
1,metragem,raw_zero_ord,MLP_opt,log,,,,,
1,metragem,std_median_ohe,HistGB_opt,yeojohnson,,,,,
1,metragem,std_median_ohe,RandomForest_opt,none,,,,,
1,metragem,std_median_ohe,LightGBM_opt,log,,,,,
1,metragem,std_median_ohe,GradientBoosting_opt,boxcox,,,,,
1,metragem,robust_median_ohe,GradientBoosting_opt,log,,,,,
1,metragem,robust_median_ohe,Linear,sqrt,,,,,
1,metragem,robust_median_ohe,SVR_opt,yeojohnson,,,,,
1,metragem,minmax_mean_ohe,MLP_opt,none,,,,,
1,metragem,minmax_mean_ohe,CatBoost_opt,sqrt,,,,,
1,metragem,minmax_mean_ohe,Ridge_opt,yeojohnson,,,,,
1,metragem,quantile_median_ord,KNN_opt,boxcox,,,,,
1,metragem,power_median_ohe,HistGB_opt,log,,,,,
1,metragem,raw_zero_ord,RandomForest_opt,none,,,,,
1,metragem,raw_zero_ord,CatBoost_opt,boxcox,,,,,
1,metragem,quantile_median_ord,SVR_opt,log,,,,,
1,metragem,power_median_ohe,Linear,boxcox,,,,,
1,metragem,power_median_ohe,GradientBoosting_opt,boxcox,,,,,
1,metragem,raw_zero_ord,LightGBM_opt,log,,,,,
1,metragem,std_median_ohe,GradientBoosting_opt,none,,,,,
1,metragem,std_median_ohe,HistGB_opt,log,,,,,
1,metragem,std_median_ohe,KNN_opt,boxcox,,,,,
1,metragem,robust_median_ohe,KNN_opt,log,,,,,
1,metragem,std_median_ohe,Linear,yeojohnson,,,,,
1,metragem,robust_median_ohe,MLP_opt,sqrt,,,,,
1,metragem,robust_median_ohe,CatBoost_opt,yeojohnson,,,,,
1,metragem,minmax_mean_ohe,Ridge_opt,log,,,,,
1,metragem,minmax_mean_ohe,LightGBM_opt,sqrt,,,,,
1,metragem,minmax_mean_ohe,RandomForest_opt,yeojohnson,,,,,
1,metragem,quantile_median_ord,Ridge_opt,boxcox,,,,,
1,metragem,power_median_ohe,SVR_opt,log,,,,,
1,metragem,quantile_median_ord,Linear,yeojohnson,,,,,
1,metragem,raw_zero_ord,GradientBoosting_opt,boxcox,,,,,
1,metragem,quantile_median_ord,GradientBoosting_opt,log,,,,,
1,metragem,quantile_median_ord,CatBoost_opt,yeojohnson,,,,,
1,metragem,power_median_ohe,MLP_opt,sqrt,,,,,
1,metragem,raw_zero_ord,KNN_opt,log,,,,,
1,metragem,raw_zero_ord,HistGB_opt,yeojohnson,,,,,
1,metragem,quantile_median_ord,HistGB_opt,sqrt,,,,,
1,metragem,std_median_ohe,MLP_opt,yeojohnson,,,,,
1,metragem,std_median_ohe,KNN_opt,none,,,,,
1,metragem,power_median_ohe,Linear,yeojohnson,,,,,
1,metragem,std_median_ohe,SVR_opt,boxcox,,,,,
1,metragem,robust_median_ohe,SVR_opt,log,,,,,
1,metragem,robust_median_ohe,Ridge_opt,boxcox,,,,,
1,metragem,robust_median_ohe,LightGBM_opt,yeojohnson,,,,,
1,metragem,minmax_mean_ohe,RandomForest_opt,log,,,,,
1,metragem,minmax_mean_ohe,HistGB_opt,sqrt,,,,,
1,metragem,minmax_mean_ohe,GradientBoosting_opt,yeojohnson,,,,,
1,metragem,power_median_ohe,RandomForest_opt,log,,,,,
1,metragem,quantile_median_ord,MLP_opt,none,,,,,
1,metragem,power_median_ohe,CatBoost_opt,yeojohnson,,,,,
1,metragem,raw_zero_ord,MLP_opt,sqrt,,,,,
1,metragem,quantile_median_ord,KNN_opt,yeojohnson,,,,,
1,metragem,power_median_ohe,LightGBM_opt,sqrt,,,,,
1,metragem,raw_zero_ord,Ridge_opt,log,,,,,
1,metragem,raw_zero_ord,SVR_opt,yeojohnson,,,,,
1,metragem,quantile_median_ord,SVR_opt,sqrt,,,,,
1,metragem,power_median_ohe,KNN_opt,none,,,,,
1,metragem,power_median_ohe,GradientBoosting_opt,yeojohnson,,,,,
1,metragem,robust_median_ohe,Ridge_opt,none,,,,,
1,metragem,std_median_ohe,SVR_opt,none,,,,,
1,metragem,std_median_ohe,MLP_opt,log,,,,,
1,metragem,std_median_ohe,CatBoost_opt,boxcox,,,,,
1,metragem,robust_median_ohe,LightGBM_opt,log,,,,,
1,metragem,robust_median_ohe,RandomForest_opt,boxcox,,,,,
1,metragem,robust_median_ohe,HistGB_opt,yeojohnson,,,,,
1,metragem,minmax_mean_ohe,GradientBoosting_opt,log,,,,,
1,metragem,minmax_mean_ohe,Linear,sqrt,,,,,
1,metragem,minmax_mean_ohe,KNN_opt,yeojohnson,,,,,
1,metragem,quantile_median_ord,LightGBM_opt,none,,,,,
1,metragem,quantile_median_ord,Ridge_opt,yeojohnson,,,,,
1,metragem,raw_zero_ord,LightGBM_opt,sqrt,,,,,
1,metragem,power_median_ohe,SVR_opt,sqrt,,,,,
1,metragem,raw_zero_ord,HistGB_opt,none,,,,,
1,metragem,raw_zero_ord,RandomForest_opt,yeojohnson,,,,,
1,metragem,quantile_median_ord,RandomForest_opt,sqrt,,,,,
1,metragem,power_median_ohe,CatBoost_opt,none,,,,,
1,metragem,power_median_ohe,MLP_opt,boxcox,,,,,
1,metragem,robust_median_ohe,RandomForest_opt,none,,,,,
1,metragem,std_median_ohe,CatBoost_opt,none,,,,,
1,metragem,std_median_ohe,Ridge_opt,sqrt,,,,,
1,metragem,std_median_ohe,LightGBM_opt,boxcox,,,,,
1,metragem,robust_median_ohe,HistGB_opt,log,,,,,
1,metragem,robust_median_ohe,GradientBoosting_opt,boxcox,,,,,
1,metragem,robust_median_ohe,Linear,yeojohnson,,,,,
1,metragem,minmax_mean_ohe,KNN_opt,log,,,,,
1,metragem,minmax_mean_ohe,MLP_opt,sqrt,,,,,
1,metragem,minmax_mean_ohe,SVR_opt,yeojohnson,,,,,
1,metragem,quantile_median_ord,HistGB_opt,boxcox,,,,,
1,metragem,power_median_ohe,RandomForest_opt,sqrt,,,,,
1,metragem,raw_zero_ord,CatBoost_opt,none,,,,,
1,metragem,power_median_ohe,Linear,none,,,,,
1,metragem,std_median_ohe,Linear,log,,,,,
1,metragem,power_median_ohe,GradientBoosting_opt,none,,,,,
1,metragem,power_median_ohe,LightGBM_opt,boxcox,,,,,
1,metragem,raw_zero_ord,Ridge_opt,sqrt,,,,,
1,metragem,robust_median_ohe,GradientBoosting_opt,none,,,,,
1,metragem,std_median_ohe,LightGBM_opt,none,,,,,
1,metragem,std_median_ohe,RandomForest_opt,sqrt,,,,,
1,metragem,std_median_ohe,HistGB_opt,boxcox,,,,,
1,metragem,quantile_median_ord,Linear,log,,,,,
1,metragem,robust_median_ohe,KNN_opt,boxcox,,,,,
1,metragem,raw_zero_ord,Linear,boxcox,,,,,
1,metragem,minmax_mean_ohe,SVR_opt,log,,,,,
1,metragem,minmax_mean_ohe,Ridge_opt,boxcox,,,,,
1,metragem,minmax_mean_ohe,CatBoost_opt,yeojohnson,,,,,
1,metragem,quantile_median_ord,SVR_opt,boxcox,,,,,
1,metragem,robust_median_ohe,MLP_opt,yeojohnson,,,,,
1,metragem,raw_zero_ord,GradientBoosting_opt,none,,,,,
1,metragem,raw_zero_ord,LightGBM_opt,boxcox,,,,,
1,metragem,quantile_median_ord,CatBoost_opt,log,,,,,
1,metragem,robust_median_ohe,Linear,log,,,,,
1,metragem,power_median_ohe,KNN_opt,boxcox,,,,,
1,metragem,raw_zero_ord,KNN_opt,sqrt,,,,,
1,metragem,raw_zero_ord,HistGB_opt,log,,,,,
1,metragem,robust_median_ohe,CatBoost_opt,log,,,,,
1,metragem,std_median_ohe,HistGB_opt,none,,,,,
1,metragem,std_median_ohe,GradientBoosting_opt,sqrt,,,,,
1,metragem,power_median_ohe,Linear,log,,,,,
1,metragem,robust_median_ohe,MLP_opt,log,,,,,
1,metragem,robust_median_ohe,SVR_opt,boxcox,,,,,
1,metragem,minmax_mean_ohe,Ridge_opt,none,,,,,
1,metragem,minmax_mean_ohe,CatBoost_opt,log,,,,,
1,metragem,minmax_mean_ohe,RandomForest_opt,boxcox,,,,,
1,metragem,minmax_mean_ohe,LightGBM_opt,yeojohnson,,,,,
1,metragem,quantile_median_ord,RandomForest_opt,boxcox,,,,,
1,metragem,power_median_ohe,CatBoost_opt,log,,,,,
1,metragem,quantile_median_ord,MLP_opt,yeojohnson,,,,,
1,metragem,raw_zero_ord,KNN_opt,boxcox,,,,,
1,metragem,quantile_median_ord,KNN_opt,log,,,,,
1,metragem,quantile_median_ord,LightGBM_opt,yeojohnson,,,,,
1,metragem,power_median_ohe,Ridge_opt,boxcox,,,,,
1,metragem,raw_zero_ord,SVR_opt,log,,,,,
1,metragem,power_median_ohe,MLP_opt,yeojohnson,,,,,
1,metragem,std_median_ohe,CatBoost_opt,sqrt,,,,,
1,metragem,raw_zero_ord,Linear,yeojohnson,,,,,
1,metragem,robust_median_ohe,KNN_opt,none,,,,,
1,metragem,quantile_median_ord,Linear,sqrt,,,,,
1,metragem,std_median_ohe,KNN_opt,sqrt,,,,,
1,metragem,robust_median_ohe,Ridge_opt,sqrt,,,,,
1,metragem,robust_median_ohe,CatBoost_opt,boxcox,,,,,
1,metragem,minmax_mean_ohe,RandomForest_opt,none,,,,,
1,metragem,minmax_mean_ohe,LightGBM_opt,log,,,,,
1,metragem,minmax_mean_ohe,GradientBoosting_opt,boxcox,,,,,
1,metragem,minmax_mean_ohe,HistGB_opt,yeojohnson,,,,,
1,metragem,power_median_ohe,GradientBoosting_opt,log,,,,,
1,metragem,power_median_ohe,LightGBM_opt,yeojohnson,,,,,
1,metragem,quantile_median_ord,Ridge_opt,log,,,,,
1,metragem,raw_zero_ord,Ridge_opt,boxcox,,,,,
1,metragem,quantile_median_ord,SVR_opt,yeojohnson,,,,,
1,metragem,power_median_ohe,HistGB_opt,sqrt,,,,,
1,metragem,raw_zero_ord,RandomForest_opt,log,,,,,
1,metragem,raw_zero_ord,CatBoost_opt,yeojohnson,,,,,
1,metragem,quantile_median_ord,CatBoost_opt,sqrt,,,,,
1,metragem,std_median_ohe,Linear,none,,,,,
1,metragem,robust_median_ohe,SVR_opt,none,,,,,
1,metragem,std_median_ohe,SVR_opt,sqrt,,,,,
1,metragem,robust_median_ohe,LightGBM_opt,boxcox,,,,,
1,metragem,minmax_mean_ohe,HistGB_opt,log,,,,,
1,metragem,power_median_ohe,MLP_opt,none,,,,,
1,metragem,std_median_ohe,Linear,boxcox,,,,,
1,metragem,power_median_ohe,Ridge_opt,log,,,,,
1,metragem,power_median_ohe,RandomForest_opt,yeojohnson,,,,,
1,metragem,power_median_ohe,KNN_opt,yeojohnson,,,,,
1,metragem,quantile_median_ord,HistGB_opt,none,,,,,
1,metragem,raw_zero_ord,HistGB_opt,sqrt,,,,,
1,metragem,quantile_median_ord,RandomForest_opt,yeojohnson,,,,,
1,metragem,power_median_ohe,CatBoost_opt,sqrt,,,,,
1,metragem,std_median_ohe,MLP_opt,boxcox,,,,,
1,metragem,raw_zero_ord,GradientBoosting_opt,yeojohnson,,,,,
1,metragem,quantile_median_ord,GradientBoosting_opt,sqrt,,,,,
1,metragem,quantile_median_ord,MLP_opt,sqrt,,,,,
1,metragem,raw_zero_ord,Linear,none,,,,,
1,metragem,minmax_mean_ohe,Linear,yeojohnson,,,,,
1,metragem,minmax_mean_ohe,KNN_opt,boxcox,,,,,
1,metragem,std_median_ohe,KNN_opt,log,,,,,
1,metragem,minmax_mean_ohe,GradientBoosting_opt,none,,,,,
1,metragem,power_median_ohe,GradientBoosting_opt,sqrt,,,,,
1,metragem,robust_median_ohe,CatBoost_opt,none,,,,,
1,metragem,minmax_mean_ohe,MLP_opt,yeojohnson,,,,,
1,metragem,std_median_ohe,MLP_opt,none,,,,,
1,metragem,raw_zero_ord,MLP_opt,yeojohnson,,,,,
1,metragem,power_median_ohe,LightGBM_opt,none,,,,,
1,metragem,robust_median_ohe,HistGB_opt,boxcox,,,,,
1,metragem,raw_zero_ord,LightGBM_opt,none,,,,,
1,metragem,raw_zero_ord,SVR_opt,sqrt,,,,,
2,quartos,std_median_ohe,RandomForest_opt,log,,,,,
2,quartos,std_median_ohe,HistGB_opt,sqrt,,,,,
2,quartos,robust_median_ohe,HistGB_opt,none,,,,,
2,quartos,std_median_ohe,GradientBoosting_opt,yeojohnson,,,,,
2,quartos,robust_median_ohe,KNN_opt,sqrt,,,,,
2,quartos,minmax_mean_ohe,SVR_opt,none,,,,,
2,quartos,minmax_mean_ohe,Ridge_opt,sqrt,,,,,
2,quartos,minmax_mean_ohe,CatBoost_opt,boxcox,,,,,
2,quartos,quantile_median_ord,RandomForest_opt,none,,,,,
2,quartos,quantile_median_ord,CatBoost_opt,boxcox,,,,,
2,quartos,power_median_ohe,LightGBM_opt,yeojohnson,,,,,
2,quartos,power_median_ohe,CatBoost_opt,sqrt,,,,,
2,quartos,quantile_median_ord,LightGBM_opt,log,,,,,
2,quartos,power_median_ohe,LightGBM_opt,none,,,,,
2,quartos,raw_zero_ord,RandomForest_opt,sqrt,,,,,
2,quartos,std_median_ohe,KNN_opt,yeojohnson,,,,,
2,quartos,robust_median_ohe,SVR_opt,sqrt,,,,,
2,quartos,std_median_ohe,GradientBoosting_opt,log,,,,,
2,quartos,robust_median_ohe,Ridge_opt,yeojohnson,,,,,
2,quartos,minmax_mean_ohe,CatBoost_opt,none,,,,,
2,quartos,minmax_mean_ohe,RandomForest_opt,sqrt,,,,,
2,quartos,quantile_median_ord,GradientBoosting_opt,none,,,,,
2,quartos,power_median_ohe,GradientBoosting_opt,sqrt,,,,,
2,quartos,raw_zero_ord,HistGB_opt,boxcox,,,,,
2,quartos,raw_zero_ord,SVR_opt,sqrt,,,,,
2,quartos,raw_zero_ord,CatBoost_opt,yeojohnson,,,,,
2,quartos,power_median_ohe,KNN_opt,none,,,,,
2,quartos,power_median_ohe,Ridge_opt,yeojohnson,,,,,
2,quartos,std_median_ohe,SVR_opt,yeojohnson,,,,,
2,quartos,robust_median_ohe,CatBoost_opt,sqrt,,,,,
2,quartos,std_median_ohe,RandomForest_opt,none,,,,,
2,quartos,std_median_ohe,KNN_opt,log,,,,,
2,quartos,robust_median_ohe,RandomForest_opt,yeojohnson,,,,,
2,quartos,minmax_mean_ohe,LightGBM_opt,none,,,,,
2,quartos,robust_median_ohe,MLP_opt,boxcox,,,,,
2,quartos,minmax_mean_ohe,GradientBoosting_opt,sqrt,,,,,
2,quartos,minmax_mean_ohe,HistGB_opt,boxcox,,,,,
2,quartos,raw_zero_ord,SVR_opt,boxcox,,,,,
2,quartos,raw_zero_ord,LightGBM_opt,none,,,,,
2,quartos,quantile_median_ord,CatBoost_opt,yeojohnson,,,,,
2,quartos,raw_zero_ord,GradientBoosting_opt,yeojohnson,,,,,
2,quartos,power_median_ohe,Ridge_opt,none,,,,,
2,quartos,raw_zero_ord,CatBoost_opt,log,,,,,
2,quartos,power_median_ohe,HistGB_opt,boxcox,,,,,
2,quartos,quantile_median_ord,LightGBM_opt,sqrt,,,,,
2,quartos,std_median_ohe,CatBoost_opt,yeojohnson,,,,,
2,quartos,robust_median_ohe,LightGBM_opt,sqrt,,,,,
2,quartos,std_median_ohe,KNN_opt,none,,,,,
2,quartos,std_median_ohe,SVR_opt,log,,,,,
2,quartos,std_median_ohe,Ridge_opt,boxcox,,,,,
2,quartos,robust_median_ohe,Ridge_opt,log,,,,,
2,quartos,robust_median_ohe,GradientBoosting_opt,yeojohnson,,,,,
2,quartos,minmax_mean_ohe,HistGB_opt,none,,,,,
2,quartos,minmax_mean_ohe,KNN_opt,sqrt,,,,,
2,quartos,power_median_ohe,LightGBM_opt,log,,,,,
2,quartos,quantile_median_ord,GradientBoosting_opt,yeojohnson,,,,,
2,quartos,raw_zero_ord,KNN_opt,none,,,,,
2,quartos,raw_zero_ord,RandomForest_opt,boxcox,,,,,
2,quartos,quantile_median_ord,SVR_opt,log,,,,,
2,quartos,quantile_median_ord,HistGB_opt,yeojohnson,,,,,
2,quartos,raw_zero_ord,GradientBoosting_opt,log,,,,,
2,quartos,power_median_ohe,SVR_opt,boxcox,,,,,
2,quartos,quantile_median_ord,KNN_opt,sqrt,,,,,
2,quartos,minmax_mean_ohe,CatBoost_opt,yeojohnson,,,,,
2,quartos,raw_zero_ord,LightGBM_opt,sqrt,,,,,
2,quartos,std_median_ohe,CatBoost_opt,log,,,,,
2,quartos,raw_zero_ord,Linear,log,,,,,
2,quartos,std_median_ohe,RandomForest_opt,boxcox,,,,,
2,quartos,robust_median_ohe,RandomForest_opt,log,,,,,
2,quartos,std_median_ohe,LightGBM_opt,yeojohnson,,,,,
2,quartos,robust_median_ohe,HistGB_opt,sqrt,,,,,
2,quartos,robust_median_ohe,KNN_opt,yeojohnson,,,,,
2,quartos,minmax_mean_ohe,Linear,boxcox,,,,,
2,quartos,minmax_mean_ohe,SVR_opt,sqrt,,,,,
2,quartos,quantile_median_ord,CatBoost_opt,none,,,,,
2,quartos,quantile_median_ord,RandomForest_opt,log,,,,,
2,quartos,raw_zero_ord,Ridge_opt,none,,,,,
2,quartos,power_median_ohe,RandomForest_opt,boxcox,,,,,
2,quartos,quantile_median_ord,Ridge_opt,sqrt,,,,,
2,quartos,power_median_ohe,Ridge_opt,log,,,,,
2,quartos,std_median_ohe,HistGB_opt,yeojohnson,,,,,
2,quartos,std_median_ohe,LightGBM_opt,log,,,,,
2,quartos,std_median_ohe,GradientBoosting_opt,boxcox,,,,,
2,quartos,robust_median_ohe,GradientBoosting_opt,log,,,,,
2,quartos,minmax_mean_ohe,MLP_opt,boxcox,,,,,
2,quartos,robust_median_ohe,SVR_opt,yeojohnson,,,,,
2,quartos,quantile_median_ord,MLP_opt,boxcox,,,,,
2,quartos,minmax_mean_ohe,CatBoost_opt,sqrt,,,,,
2,quartos,minmax_mean_ohe,Ridge_opt,yeojohnson,,,,,
2,quartos,quantile_median_ord,LightGBM_opt,none,,,,,
2,quartos,quantile_median_ord,LightGBM_opt,boxcox,,,,,
2,quartos,std_median_ohe,MLP_opt,sqrt,,,,,
2,quartos,power_median_ohe,HistGB_opt,yeojohnson,,,,,
2,quartos,power_median_ohe,LightGBM_opt,sqrt,,,,,
2,quartos,quantile_median_ord,HistGB_opt,log,,,,,
2,quartos,power_median_ohe,KNN_opt,log,,,,,
2,quartos,raw_zero_ord,Linear,sqrt,,,,,
2,quartos,raw_zero_ord,MLP_opt,none,,,,,
2,quartos,power_median_ohe,HistGB_opt,none,,,,,
2,quartos,raw_zero_ord,GradientBoosting_opt,sqrt,,,,,
2,quartos,std_median_ohe,HistGB_opt,log,,,,,
2,quartos,std_median_ohe,KNN_opt,boxcox,,,,,
2,quartos,robust_median_ohe,KNN_opt,log,,,,,
2,quartos,minmax_mean_ohe,MLP_opt,none,,,,,
2,quartos,robust_median_ohe,CatBoost_opt,yeojohnson,,,,,
2,quartos,quantile_median_ord,MLP_opt,sqrt,,,,,
2,quartos,minmax_mean_ohe,Ridge_opt,log,,,,,
2,quartos,minmax_mean_ohe,LightGBM_opt,sqrt,,,,,
2,quartos,minmax_mean_ohe,RandomForest_opt,yeojohnson,,,,,
2,quartos,quantile_median_ord,HistGB_opt,none,,,,,
2,quartos,quantile_median_ord,KNN_opt,boxcox,,,,,
2,quartos,power_median_ohe,KNN_opt,sqrt,,,,,
2,quartos,quantile_median_ord,GradientBoosting_opt,boxcox,,,,,
2,quartos,raw_zero_ord,LightGBM_opt,yeojohnson,,,,,
2,quartos,power_median_ohe,SVR_opt,none,,,,,
2,quartos,raw_zero_ord,Linear,boxcox,,,,,
2,quartos,power_median_ohe,RandomForest_opt,yeojohnson,,,,,
2,quartos,quantile_median_ord,Ridge_opt,boxcox,,,,,
2,quartos,robust_median_ohe,MLP_opt,sqrt,,,,,
2,quartos,raw_zero_ord,MLP_opt,log,,,,,
2,quartos,std_median_ohe,SVR_opt,boxcox,,,,,
2,quartos,robust_median_ohe,SVR_opt,log,,,,,
2,quartos,robust_median_ohe,Ridge_opt,boxcox,,,,,
2,quartos,robust_median_ohe,LightGBM_opt,yeojohnson,,,,,
2,quartos,minmax_mean_ohe,RandomForest_opt,log,,,,,
2,quartos,minmax_mean_ohe,HistGB_opt,sqrt,,,,,
2,quartos,minmax_mean_ohe,GradientBoosting_opt,yeojohnson,,,,,
2,quartos,robust_median_ohe,Linear,none,,,,,
2,quartos,power_median_ohe,Ridge_opt,sqrt,,,,,
2,quartos,raw_zero_ord,CatBoost_opt,boxcox,,,,,
2,quartos,raw_zero_ord,HistGB_opt,none,,,,,
2,quartos,quantile_median_ord,LightGBM_opt,yeojohnson,,,,,
2,quartos,raw_zero_ord,KNN_opt,yeojohnson,,,,,
2,quartos,power_median_ohe,RandomForest_opt,none,,,,,
2,quartos,raw_zero_ord,LightGBM_opt,log,,,,,
2,quartos,std_median_ohe,Linear,sqrt,,,,,
2,quartos,quantile_median_ord,HistGB_opt,sqrt,,,,,
2,quartos,std_median_ohe,CatBoost_opt,none,,,,,
2,quartos,minmax_mean_ohe,Linear,none,,,,,
2,quartos,std_median_ohe,CatBoost_opt,boxcox,,,,,
2,quartos,robust_median_ohe,LightGBM_opt,log,,,,,
2,quartos,power_median_ohe,Linear,boxcox,,,,,
2,quartos,robust_median_ohe,Ridge_opt,none,,,,,
2,quartos,robust_median_ohe,RandomForest_opt,boxcox,,,,,
2,quartos,robust_median_ohe,HistGB_opt,yeojohnson,,,,,
2,quartos,minmax_mean_ohe,GradientBoosting_opt,log,,,,,
2,quartos,minmax_mean_ohe,KNN_opt,yeojohnson,,,,,
2,quartos,power_median_ohe,HistGB_opt,log,,,,,
2,quartos,raw_zero_ord,SVR_opt,none,,,,,
2,quartos,quantile_median_ord,KNN_opt,yeojohnson,,,,,
2,quartos,raw_zero_ord,GradientBoosting_opt,boxcox,,,,,
2,quartos,quantile_median_ord,CatBoost_opt,log,,,,,
2,quartos,raw_zero_ord,Ridge_opt,yeojohnson,,,,,
2,quartos,power_median_ohe,MLP_opt,log,,,,,
2,quartos,raw_zero_ord,KNN_opt,log,,,,,
2,quartos,std_median_ohe,MLP_opt,log,,,,,
2,quartos,power_median_ohe,CatBoost_opt,boxcox,,,,,
2,quartos,quantile_median_ord,SVR_opt,sqrt,,,,,
2,quartos,robust_median_ohe,RandomForest_opt,none,,,,,
2,quartos,std_median_ohe,SVR_opt,none,,,,,
2,quartos,std_median_ohe,Ridge_opt,sqrt,,,,,
2,quartos,std_median_ohe,LightGBM_opt,boxcox,,,,,
2,quartos,robust_median_ohe,HistGB_opt,log,,,,,
2,quartos,robust_median_ohe,GradientBoosting_opt,boxcox,,,,,
2,quartos,minmax_mean_ohe,KNN_opt,log,,,,,
2,quartos,robust_median_ohe,Linear,sqrt,,,,,
2,quartos,minmax_mean_ohe,SVR_opt,yeojohnson,,,,,
2,quartos,quantile_median_ord,Ridge_opt,yeojohnson,,,,,
2,quartos,power_median_ohe,SVR_opt,log,,,,,
2,quartos,quantile_median_ord,GradientBoosting_opt,log,,,,,
2,quartos,raw_zero_ord,RandomForest_opt,none,,,,,
2,quartos,minmax_mean_ohe,MLP_opt,sqrt,,,,,
2,quartos,raw_zero_ord,Ridge_opt,log,,,,,
2,quartos,power_median_ohe,GradientBoosting_opt,boxcox,,,,,
2,quartos,raw_zero_ord,MLP_opt,sqrt,,,,,
2,quartos,quantile_median_ord,RandomForest_opt,sqrt,,,,,
2,quartos,power_median_ohe,RandomForest_opt,log,,,,,
2,quartos,robust_median_ohe,GradientBoosting_opt,none,,,,,
2,quartos,std_median_ohe,Ridge_opt,none,,,,,
2,quartos,std_median_ohe,LightGBM_opt,none,,,,,
2,quartos,std_median_ohe,RandomForest_opt,sqrt,,,,,
2,quartos,std_median_ohe,HistGB_opt,boxcox,,,,,
2,quartos,robust_median_ohe,KNN_opt,boxcox,,,,,
2,quartos,power_median_ohe,MLP_opt,none,,,,,
2,quartos,minmax_mean_ohe,SVR_opt,log,,,,,
2,quartos,minmax_mean_ohe,Ridge_opt,boxcox,,,,,
2,quartos,std_median_ohe,Linear,log,,,,,
2,quartos,quantile_median_ord,HistGB_opt,boxcox,,,,,
2,quartos,raw_zero_ord,MLP_opt,yeojohnson,,,,,
2,quartos,power_median_ohe,HistGB_opt,sqrt,,,,,
2,quartos,quantile_median_ord,MLP_opt,none,,,,,
2,quartos,std_median_ohe,MLP_opt,yeojohnson,,,,,
2,quartos,raw_zero_ord,CatBoost_opt,sqrt,,,,,
2,quartos,minmax_mean_ohe,Linear,sqrt,,,,,
2,quartos,raw_zero_ord,KNN_opt,sqrt,,,,,
2,quartos,robust_median_ohe,CatBoost_opt,log,,,,,
2,quartos,std_median_ohe,HistGB_opt,none,,,,,
2,quartos,std_median_ohe,GradientBoosting_opt,sqrt,,,,,
2,quartos,std_median_ohe,Linear,boxcox,,,,,
2,quartos,quantile_median_ord,Linear,none,,,,,
2,quartos,robust_median_ohe,SVR_opt,boxcox,,,,,
2,quartos,minmax_mean_ohe,Ridge_opt,none,,,,,
2,quartos,minmax_mean_ohe,CatBoost_opt,log,,,,,
2,quartos,minmax_mean_ohe,RandomForest_opt,boxcox,,,,,
2,quartos,minmax_mean_ohe,LightGBM_opt,yeojohnson,,,,,
2,quartos,quantile_median_ord,SVR_opt,boxcox,,,,,
2,quartos,power_median_ohe,CatBoost_opt,yeojohnson,,,,,
2,quartos,power_median_ohe,SVR_opt,sqrt,,,,,
2,quartos,robust_median_ohe,MLP_opt,log,,,,,
2,quartos,raw_zero_ord,HistGB_opt,yeojohnson,,,,,
2,quartos,power_median_ohe,CatBoost_opt,none,,,,,
2,quartos,raw_zero_ord,MLP_opt,boxcox,,,,,
2,quartos,raw_zero_ord,Ridge_opt,sqrt,,,,,
2,quartos,power_median_ohe,GradientBoosting_opt,yeojohnson,,,,,
2,quartos,robust_median_ohe,KNN_opt,none,,,,,
2,quartos,std_median_ohe,KNN_opt,sqrt,,,,,
2,quartos,std_median_ohe,MLP_opt,boxcox,,,,,
2,quartos,robust_median_ohe,Ridge_opt,sqrt,,,,,
2,quartos,robust_median_ohe,CatBoost_opt,boxcox,,,,,
2,quartos,robust_median_ohe,Linear,log,,,,,
2,quartos,minmax_mean_ohe,RandomForest_opt,none,,,,,
2,quartos,minmax_mean_ohe,LightGBM_opt,log,,,,,
2,quartos,minmax_mean_ohe,GradientBoosting_opt,boxcox,,,,,
2,quartos,minmax_mean_ohe,HistGB_opt,yeojohnson,,,,,
2,quartos,quantile_median_ord,KNN_opt,none,,,,,
2,quartos,power_median_ohe,RandomForest_opt,sqrt,,,,,
2,quartos,raw_zero_ord,LightGBM_opt,boxcox,,,,,
2,quartos,raw_zero_ord,SVR_opt,yeojohnson,,,,,
2,quartos,power_median_ohe,GradientBoosting_opt,none,,,,,
2,quartos,raw_zero_ord,HistGB_opt,log,,,,,
2,quartos,power_median_ohe,MLP_opt,boxcox,,,,,
2,quartos,std_median_ohe,Linear,none,,,,,
2,quartos,robust_median_ohe,SVR_opt,none,,,,,
2,quartos,std_median_ohe,MLP_opt,none,,,,,
2,quartos,std_median_ohe,SVR_opt,sqrt,,,,,
2,quartos,std_median_ohe,Ridge_opt,yeojohnson,,,,,
2,quartos,robust_median_ohe,RandomForest_opt,sqrt,,,,,
2,quartos,robust_median_ohe,LightGBM_opt,boxcox,,,,,
2,quartos,minmax_mean_ohe,GradientBoosting_opt,none,,,,,
2,quartos,minmax_mean_ohe,HistGB_opt,log,,,,,
2,quartos,minmax_mean_ohe,KNN_opt,boxcox,,,,,
2,quartos,power_median_ohe,MLP_opt,sqrt,,,,,
2,quartos,robust_median_ohe,MLP_opt,yeojohnson,,,,,
2,quartos,raw_zero_ord,HistGB_opt,sqrt,,,,,
2,quartos,raw_zero_ord,CatBoost_opt,none,,,,,
2,quartos,quantile_median_ord,SVR_opt,yeojohnson,,,,,
2,quartos,raw_zero_ord,KNN_opt,boxcox,,,,,
2,quartos,raw_zero_ord,RandomForest_opt,yeojohnson,,,,,
2,quartos,raw_zero_ord,Linear,none,,,,,
2,quartos,raw_zero_ord,SVR_opt,log,,,,,
2,quartos,power_median_ohe,LightGBM_opt,boxcox,,,,,
2,quartos,quantile_median_ord,CatBoost_opt,sqrt,,,,,
2,quartos,robust_median_ohe,CatBoost_opt,none,,,,,
2,quartos,std_median_ohe,Ridge_opt,log,,,,,
2,quartos,std_median_ohe,CatBoost_opt,sqrt,,,,,
2,quartos,robust_median_ohe,GradientBoosting_opt,sqrt,,,,,
2,quartos,std_median_ohe,RandomForest_opt,yeojohnson,,,,,
2,quartos,robust_median_ohe,HistGB_opt,boxcox,,,,,
2,quartos,minmax_mean_ohe,KNN_opt,none,,,,,
2,quartos,quantile_median_ord,Linear,log,,,,,
2,quartos,minmax_mean_ohe,SVR_opt,boxcox,,,,,
2,quartos,minmax_mean_ohe,Linear,log,,,,,
2,quartos,quantile_median_ord,RandomForest_opt,yeojohnson,,,,,
2,quartos,power_median_ohe,CatBoost_opt,log,,,,,
2,quartos,raw_zero_ord,GradientBoosting_opt,none,,,,,
2,quartos,quantile_median_ord,KNN_opt,log,,,,,
2,quartos,raw_zero_ord,Ridge_opt,boxcox,,,,,
2,quartos,raw_zero_ord,RandomForest_opt,log,,,,,
2,quartos,power_median_ohe,KNN_opt,boxcox,,,,,
2,quartos,quantile_median_ord,GradientBoosting_opt,sqrt,,,,,
2,quartos,robust_median_ohe,LightGBM_opt,none,,,,,
2,quartos,std_median_ohe,GradientBoosting_opt,none,,,,,
2,quartos,std_median_ohe,LightGBM_opt,sqrt,,,,,
2,quartos,quantile_median_ord,Linear,sqrt,,,,,
2,quartos,robust_median_ohe,Linear,boxcox,,,,,
2,quartos,quantile_median_ord,Ridge_opt,none,,,,,
2,quartos,quantile_median_ord,RandomForest_opt,boxcox,,,,,
2,quartos,quantile_median_ord,Linear,boxcox,,,,,
2,quartos,power_median_ohe,GradientBoosting_opt,log,,,,,
2,quartos,power_median_ohe,KNN_opt,yeojohnson,,,,,
2,quartos,quantile_median_ord,Ridge_opt,log,,,,,
2,quartos,power_median_ohe,SVR_opt,yeojohnson,,,,,
2,quartos,minmax_mean_ohe,MLP_opt,log,,,,,
2,quartos,power_median_ohe,Ridge_opt,boxcox,,,,,
2,quartos,quantile_median_ord,MLP_opt,yeojohnson,,,,,
2,quartos,quantile_median_ord,MLP_opt,log,,,,,
2,quartos,minmax_mean_ohe,MLP_opt,yeojohnson,,,,,
2,quartos,raw_zero_ord,Linear,yeojohnson,,,,,
2,quartos,power_median_ohe,Linear,sqrt,,,,,
2,quartos,std_median_ohe,Linear,yeojohnson,,,,,
2,quartos,robust_median_ohe,Linear,yeojohnson,,,,,
2,quartos,power_median_ohe,Linear,log,,,,,
2,quartos,quantile_median_ord,Linear,yeojohnson,,,,,
2,quartos,power_median_ohe,MLP_opt,yeojohnson,,,,,
2,quartos,power_median_ohe,Linear,none,,,,,
2,quartos,minmax_mean_ohe,Linear,yeojohnson,,,,,
2,quartos,power_median_ohe,Linear,yeojohnson,,,,,
2,quartos,minmax_mean_ohe,LightGBM_opt,boxcox,,,,,
2,quartos,robust_median_ohe,MLP_opt,none,,,,,
2,quartos,quantile_median_ord,SVR_opt,none,,,,,
3,banheiros,power_median_ohe,RandomForest_opt,none,,,,,
3,banheiros,power_median_ohe,CatBoost_opt,boxcox,,,,,
3,banheiros,std_median_ohe,KNN_opt,log,,,,,
3,banheiros,std_median_ohe,Ridge_opt,log,,,,,
3,banheiros,robust_median_ohe,LightGBM_opt,log,,,,,
3,banheiros,std_median_ohe,GradientBoosting_opt,yeojohnson,,,,,
3,banheiros,robust_median_ohe,CatBoost_opt,none,,,,,
3,banheiros,robust_median_ohe,GradientBoosting_opt,boxcox,,,,,
3,banheiros,robust_median_ohe,HistGB_opt,yeojohnson,,,,,
3,banheiros,minmax_mean_ohe,KNN_opt,log,,,,,
3,banheiros,minmax_mean_ohe,SVR_opt,yeojohnson,,,,,
3,banheiros,quantile_median_ord,KNN_opt,boxcox,,,,,
3,banheiros,power_median_ohe,HistGB_opt,log,,,,,
3,banheiros,raw_zero_ord,RandomForest_opt,none,,,,,
3,banheiros,raw_zero_ord,SVR_opt,boxcox,,,,,
3,banheiros,quantile_median_ord,SVR_opt,log,,,,,
3,banheiros,power_median_ohe,GradientBoosting_opt,boxcox,,,,,
3,banheiros,raw_zero_ord,LightGBM_opt,log,,,,,
3,banheiros,robust_median_ohe,SVR_opt,none,,,,,
3,banheiros,std_median_ohe,RandomForest_opt,log,,,,,
3,banheiros,std_median_ohe,RandomForest_opt,sqrt,,,,,
3,banheiros,robust_median_ohe,HistGB_opt,log,,,,,
3,banheiros,std_median_ohe,RandomForest_opt,yeojohnson,,,,,
3,banheiros,robust_median_ohe,KNN_opt,boxcox,,,,,
3,banheiros,minmax_mean_ohe,SVR_opt,log,,,,,
3,banheiros,minmax_mean_ohe,CatBoost_opt,yeojohnson,,,,,
3,banheiros,quantile_median_ord,Ridge_opt,boxcox,,,,,
3,banheiros,power_median_ohe,SVR_opt,log,,,,,
3,banheiros,raw_zero_ord,KNN_opt,log,,,,,
3,banheiros,raw_zero_ord,HistGB_opt,yeojohnson,,,,,
3,banheiros,robust_median_ohe,KNN_opt,none,,,,,
3,banheiros,robust_median_ohe,SVR_opt,boxcox,,,,,
3,banheiros,minmax_mean_ohe,CatBoost_opt,log,,,,,
3,banheiros,minmax_mean_ohe,Ridge_opt,boxcox,,,,,
3,banheiros,minmax_mean_ohe,LightGBM_opt,yeojohnson,,,,,
3,banheiros,quantile_median_ord,RandomForest_opt,log,,,,,
3,banheiros,quantile_median_ord,HistGB_opt,sqrt,,,,,
3,banheiros,power_median_ohe,RandomForest_opt,log,,,,,
3,banheiros,power_median_ohe,CatBoost_opt,yeojohnson,,,,,
3,banheiros,quantile_median_ord,GradientBoosting_opt,yeojohnson,,,,,
3,banheiros,power_median_ohe,LightGBM_opt,sqrt,,,,,
3,banheiros,raw_zero_ord,Ridge_opt,log,,,,,
3,banheiros,raw_zero_ord,SVR_opt,yeojohnson,,,,,
3,banheiros,std_median_ohe,MLP_opt,boxcox,,,,,
3,banheiros,robust_median_ohe,CatBoost_opt,log,,,,,
3,banheiros,std_median_ohe,LightGBM_opt,log,,,,,
3,banheiros,raw_zero_ord,MLP_opt,log,,,,,
3,banheiros,robust_median_ohe,CatBoost_opt,boxcox,,,,,
3,banheiros,minmax_mean_ohe,Ridge_opt,none,,,,,
3,banheiros,minmax_mean_ohe,LightGBM_opt,log,,,,,
3,banheiros,minmax_mean_ohe,RandomForest_opt,boxcox,,,,,
3,banheiros,minmax_mean_ohe,HistGB_opt,yeojohnson,,,,,
3,banheiros,quantile_median_ord,GradientBoosting_opt,log,,,,,
3,banheiros,minmax_mean_ohe,MLP_opt,sqrt,,,,,
3,banheiros,power_median_ohe,GradientBoosting_opt,yeojohnson,,,,,
3,banheiros,raw_zero_ord,LightGBM_opt,sqrt,,,,,
3,banheiros,quantile_median_ord,LightGBM_opt,none,,,,,
3,banheiros,std_median_ohe,Linear,boxcox,,,,,
3,banheiros,power_median_ohe,KNN_opt,sqrt,,,,,
3,banheiros,raw_zero_ord,HistGB_opt,none,,,,,
3,banheiros,raw_zero_ord,RandomForest_opt,yeojohnson,,,,,
3,banheiros,quantile_median_ord,RandomForest_opt,sqrt,,,,,
3,banheiros,std_median_ohe,GradientBoosting_opt,none,,,,,
3,banheiros,std_median_ohe,LightGBM_opt,none,,,,,
3,banheiros,std_median_ohe,MLP_opt,none,,,,,
3,banheiros,robust_median_ohe,Ridge_opt,sqrt,,,,,
3,banheiros,std_median_ohe,HistGB_opt,boxcox,,,,,
3,banheiros,raw_zero_ord,MLP_opt,sqrt,,,,,
3,banheiros,robust_median_ohe,GradientBoosting_opt,none,,,,,
3,banheiros,robust_median_ohe,LightGBM_opt,boxcox,,,,,
3,banheiros,minmax_mean_ohe,RandomForest_opt,none,,,,,
3,banheiros,minmax_mean_ohe,HistGB_opt,log,,,,,
3,banheiros,minmax_mean_ohe,GradientBoosting_opt,boxcox,,,,,
3,banheiros,raw_zero_ord,KNN_opt,sqrt,,,,,
3,banheiros,quantile_median_ord,HistGB_opt,boxcox,,,,,
3,banheiros,raw_zero_ord,SVR_opt,none,,,,,
3,banheiros,raw_zero_ord,Linear,boxcox,,,,,
3,banheiros,power_median_ohe,GradientBoosting_opt,none,,,,,
3,banheiros,robust_median_ohe,RandomForest_opt,none,,,,,
3,banheiros,std_median_ohe,CatBoost_opt,none,,,,,
3,banheiros,power_median_ohe,MLP_opt,boxcox,,,,,
3,banheiros,std_median_ohe,GradientBoosting_opt,log,,,,,
3,banheiros,std_median_ohe,Ridge_opt,boxcox,,,,,
3,banheiros,robust_median_ohe,RandomForest_opt,sqrt,,,,,
3,banheiros,robust_median_ohe,HistGB_opt,boxcox,,,,,
3,banheiros,minmax_mean_ohe,GradientBoosting_opt,none,,,,,
3,banheiros,minmax_mean_ohe,KNN_opt,boxcox,,,,,
3,banheiros,robust_median_ohe,MLP_opt,log,,,,,
3,banheiros,quantile_median_ord,Ridge_opt,none,,,,,
3,banheiros,quantile_median_ord,SVR_opt,boxcox,,,,,
3,banheiros,raw_zero_ord,Ridge_opt,sqrt,,,,,
3,banheiros,minmax_mean_ohe,Linear,sqrt,,,,,
3,banheiros,raw_zero_ord,CatBoost_opt,boxcox,,,,,
3,banheiros,quantile_median_ord,CatBoost_opt,log,,,,,
3,banheiros,robust_median_ohe,Linear,log,,,,,
3,banheiros,power_median_ohe,KNN_opt,boxcox,,,,,
3,banheiros,robust_median_ohe,Ridge_opt,none,,,,,
3,banheiros,std_median_ohe,SVR_opt,none,,,,,
3,banheiros,std_median_ohe,GradientBoosting_opt,sqrt,,,,,
3,banheiros,std_median_ohe,KNN_opt,boxcox,,,,,
3,banheiros,robust_median_ohe,GradientBoosting_opt,sqrt,,,,,
3,banheiros,robust_median_ohe,SVR_opt,log,,,,,
3,banheiros,std_median_ohe,Linear,log,,,,,
3,banheiros,minmax_mean_ohe,KNN_opt,none,,,,,
3,banheiros,minmax_mean_ohe,Linear,log,,,,,
3,banheiros,minmax_mean_ohe,SVR_opt,boxcox,,,,,
3,banheiros,quantile_median_ord,RandomForest_opt,boxcox,,,,,
3,banheiros,power_median_ohe,CatBoost_opt,log,,,,,
3,banheiros,robust_median_ohe,Linear,boxcox,,,,,
3,banheiros,quantile_median_ord,LightGBM_opt,yeojohnson,,,,,
3,banheiros,power_median_ohe,Ridge_opt,boxcox,,,,,
3,banheiros,minmax_mean_ohe,MLP_opt,log,,,,,
3,banheiros,raw_zero_ord,SVR_opt,log,,,,,
3,banheiros,robust_median_ohe,KNN_opt,log,,,,,
3,banheiros,raw_zero_ord,MLP_opt,yeojohnson,,,,,
3,banheiros,std_median_ohe,HistGB_opt,log,,,,,
3,banheiros,std_median_ohe,SVR_opt,log,,,,,
3,banheiros,std_median_ohe,SVR_opt,boxcox,,,,,
3,banheiros,robust_median_ohe,KNN_opt,sqrt,,,,,
3,banheiros,power_median_ohe,MLP_opt,sqrt,,,,,
3,banheiros,minmax_mean_ohe,SVR_opt,none,,,,,
3,banheiros,minmax_mean_ohe,Ridge_opt,sqrt,,,,,
3,banheiros,minmax_mean_ohe,CatBoost_opt,boxcox,,,,,
3,banheiros,robust_median_ohe,MLP_opt,boxcox,,,,,
3,banheiros,power_median_ohe,GradientBoosting_opt,log,,,,,
3,banheiros,power_median_ohe,LightGBM_opt,yeojohnson,,,,,
3,banheiros,raw_zero_ord,Ridge_opt,boxcox,,,,,
3,banheiros,robust_median_ohe,MLP_opt,yeojohnson,,,,,
3,banheiros,quantile_median_ord,KNN_opt,yeojohnson,,,,,
3,banheiros,power_median_ohe,HistGB_opt,sqrt,,,,,
3,banheiros,raw_zero_ord,RandomForest_opt,log,,,,,
3,banheiros,raw_zero_ord,CatBoost_opt,yeojohnson,,,,,
3,banheiros,quantile_median_ord,Linear,log,,,,,
3,banheiros,std_median_ohe,GradientBoosting_opt,boxcox,,,,,
3,banheiros,robust_median_ohe,SVR_opt,sqrt,,,,,
3,banheiros,minmax_mean_ohe,MLP_opt,yeojohnson,,,,,
3,banheiros,robust_median_ohe,GradientBoosting_opt,log,,,,,
3,banheiros,robust_median_ohe,Ridge_opt,yeojohnson,,,,,
3,banheiros,minmax_mean_ohe,CatBoost_opt,none,,,,,
3,banheiros,minmax_mean_ohe,RandomForest_opt,sqrt,,,,,
3,banheiros,minmax_mean_ohe,LightGBM_opt,boxcox,,,,,
3,banheiros,quantile_median_ord,GradientBoosting_opt,none,,,,,
3,banheiros,quantile_median_ord,CatBoost_opt,sqrt,,,,,
3,banheiros,quantile_median_ord,MLP_opt,none,,,,,
3,banheiros,power_median_ohe,KNN_opt,yeojohnson,,,,,
3,banheiros,raw_zero_ord,HistGB_opt,sqrt,,,,,
3,banheiros,quantile_median_ord,HistGB_opt,none,,,,,
3,banheiros,quantile_median_ord,Ridge_opt,yeojohnson,,,,,
3,banheiros,power_median_ohe,SVR_opt,sqrt,,,,,
3,banheiros,std_median_ohe,Linear,none,,,,,
3,banheiros,quantile_median_ord,MLP_opt,yeojohnson,,,,,
3,banheiros,raw_zero_ord,GradientBoosting_opt,yeojohnson,,,,,
3,banheiros,quantile_median_ord,GradientBoosting_opt,sqrt,,,,,
3,banheiros,std_median_ohe,HistGB_opt,yeojohnson,,,,,
3,banheiros,raw_zero_ord,Linear,log,,,,,
3,banheiros,robust_median_ohe,CatBoost_opt,sqrt,,,,,
3,banheiros,std_median_ohe,CatBoost_opt,boxcox,,,,,
3,banheiros,robust_median_ohe,RandomForest_opt,log,,,,,
3,banheiros,robust_median_ohe,RandomForest_opt,yeojohnson,,,,,
3,banheiros,minmax_mean_ohe,LightGBM_opt,none,,,,,
3,banheiros,minmax_mean_ohe,GradientBoosting_opt,sqrt,,,,,
3,banheiros,minmax_mean_ohe,HistGB_opt,boxcox,,,,,
3,banheiros,quantile_median_ord,KNN_opt,none,,,,,
3,banheiros,power_median_ohe,LightGBM_opt,none,,,,,
3,banheiros,quantile_median_ord,SVR_opt,none,,,,,
3,banheiros,power_median_ohe,Ridge_opt,yeojohnson,,,,,
3,banheiros,raw_zero_ord,SVR_opt,sqrt,,,,,
3,banheiros,quantile_median_ord,Linear,boxcox,,,,,
3,banheiros,power_median_ohe,RandomForest_opt,sqrt,,,,,
3,banheiros,raw_zero_ord,CatBoost_opt,none,,,,,
3,banheiros,raw_zero_ord,MLP_opt,boxcox,,,,,
3,banheiros,std_median_ohe,MLP_opt,log,,,,,
3,banheiros,power_median_ohe,KNN_opt,none,,,,,
3,banheiros,std_median_ohe,LightGBM_opt,yeojohnson,,,,,
3,banheiros,std_median_ohe,HistGB_opt,sqrt,,,,,
3,banheiros,std_median_ohe,KNN_opt,yeojohnson,,,,,
3,banheiros,robust_median_ohe,LightGBM_opt,sqrt,,,,,
3,banheiros,robust_median_ohe,Ridge_opt,log,,,,,
3,banheiros,robust_median_ohe,GradientBoosting_opt,yeojohnson,,,,,
3,banheiros,minmax_mean_ohe,HistGB_opt,none,,,,,
3,banheiros,minmax_mean_ohe,KNN_opt,sqrt,,,,,
3,banheiros,minmax_mean_ohe,Linear,boxcox,,,,,
3,banheiros,std_median_ohe,MLP_opt,yeojohnson,,,,,
3,banheiros,quantile_median_ord,RandomForest_opt,none,,,,,
3,banheiros,power_median_ohe,HistGB_opt,boxcox,,,,,
3,banheiros,quantile_median_ord,CatBoost_opt,boxcox,,,,,
3,banheiros,raw_zero_ord,RandomForest_opt,sqrt,,,,,
3,banheiros,raw_zero_ord,GradientBoosting_opt,none,,,,,
3,banheiros,raw_zero_ord,LightGBM_opt,boxcox,,,,,
3,banheiros,quantile_median_ord,LightGBM_opt,log,,,,,
3,banheiros,power_median_ohe,Ridge_opt,none,,,,,
3,banheiros,power_median_ohe,SVR_opt,boxcox,,,,,
3,banheiros,robust_median_ohe,MLP_opt,none,,,,,
3,banheiros,std_median_ohe,HistGB_opt,none,,,,,
3,banheiros,std_median_ohe,CatBoost_opt,sqrt,,,,,
3,banheiros,std_median_ohe,LightGBM_opt,sqrt,,,,,
3,banheiros,std_median_ohe,CatBoost_opt,yeojohnson,,,,,
3,banheiros,robust_median_ohe,HistGB_opt,sqrt,,,,,
3,banheiros,robust_median_ohe,KNN_opt,yeojohnson,,,,,
3,banheiros,quantile_median_ord,MLP_opt,log,,,,,
3,banheiros,minmax_mean_ohe,SVR_opt,sqrt,,,,,
3,banheiros,raw_zero_ord,Linear,none,,,,,
3,banheiros,minmax_mean_ohe,MLP_opt,boxcox,,,,,
3,banheiros,quantile_median_ord,GradientBoosting_opt,boxcox,,,,,
3,banheiros,power_median_ohe,LightGBM_opt,log,,,,,
3,banheiros,raw_zero_ord,Ridge_opt,none,,,,,
3,banheiros,raw_zero_ord,KNN_opt,boxcox,,,,,
3,banheiros,quantile_median_ord,KNN_opt,log,,,,,
3,banheiros,quantile_median_ord,HistGB_opt,yeojohnson,,,,,
3,banheiros,power_median_ohe,RandomForest_opt,boxcox,,,,,
3,banheiros,raw_zero_ord,CatBoost_opt,log,,,,,
3,banheiros,std_median_ohe,Ridge_opt,none,,,,,
3,banheiros,std_median_ohe,Ridge_opt,sqrt,,,,,
3,banheiros,std_median_ohe,KNN_opt,sqrt,,,,,
3,banheiros,std_median_ohe,LightGBM_opt,boxcox,,,,,
3,banheiros,quantile_median_ord,Linear,sqrt,,,,,
3,banheiros,power_median_ohe,MLP_opt,none,,,,,
3,banheiros,robust_median_ohe,SVR_opt,yeojohnson,,,,,
3,banheiros,minmax_mean_ohe,MLP_opt,none,,,,,
3,banheiros,minmax_mean_ohe,CatBoost_opt,sqrt,,,,,
3,banheiros,minmax_mean_ohe,Ridge_opt,yeojohnson,,,,,
3,banheiros,minmax_mean_ohe,Linear,none,,,,,
3,banheiros,power_median_ohe,KNN_opt,log,,,,,
3,banheiros,power_median_ohe,HistGB_opt,yeojohnson,,,,,
3,banheiros,raw_zero_ord,RandomForest_opt,boxcox,,,,,
3,banheiros,quantile_median_ord,Ridge_opt,log,,,,,
3,banheiros,quantile_median_ord,SVR_opt,yeojohnson,,,,,
3,banheiros,power_median_ohe,MLP_opt,log,,,,,
3,banheiros,raw_zero_ord,GradientBoosting_opt,log,,,,,
3,banheiros,raw_zero_ord,LightGBM_opt,yeojohnson,,,,,
3,banheiros,std_median_ohe,RandomForest_opt,none,,,,,
3,banheiros,quantile_median_ord,MLP_opt,sqrt,,,,,
3,banheiros,std_median_ohe,KNN_opt,none,,,,,
3,banheiros,robust_median_ohe,Linear,none,,,,,
3,banheiros,robust_median_ohe,HistGB_opt,none,,,,,
3,banheiros,std_median_ohe,MLP_opt,sqrt,,,,,
3,banheiros,robust_median_ohe,CatBoost_opt,yeojohnson,,,,,
3,banheiros,minmax_mean_ohe,Ridge_opt,log,,,,,
3,banheiros,minmax_mean_ohe,LightGBM_opt,sqrt,,,,,
3,banheiros,minmax_mean_ohe,RandomForest_opt,yeojohnson,,,,,
3,banheiros,quantile_median_ord,LightGBM_opt,sqrt,,,,,
3,banheiros,power_median_ohe,Ridge_opt,log,,,,,
3,banheiros,power_median_ohe,SVR_opt,yeojohnson,,,,,
3,banheiros,robust_median_ohe,MLP_opt,sqrt,,,,,
3,banheiros,robust_median_ohe,Linear,sqrt,,,,,
3,banheiros,quantile_median_ord,RandomForest_opt,yeojohnson,,,,,
3,banheiros,power_median_ohe,CatBoost_opt,sqrt,,,,,
3,banheiros,power_median_ohe,MLP_opt,yeojohnson,,,,,
3,banheiros,raw_zero_ord,KNN_opt,yeojohnson,,,,,
3,banheiros,quantile_median_ord,KNN_opt,sqrt,,,,,
3,banheiros,std_median_ohe,SVR_opt,yeojohnson,,,,,
3,banheiros,std_median_ohe,CatBoost_opt,log,,,,,
3,banheiros,std_median_ohe,SVR_opt,sqrt,,,,,
3,banheiros,std_median_ohe,RandomForest_opt,boxcox,,,,,
3,banheiros,robust_median_ohe,LightGBM_opt,none,,,,,
3,banheiros,robust_median_ohe,Ridge_opt,boxcox,,,,,
3,banheiros,robust_median_ohe,LightGBM_opt,yeojohnson,,,,,
3,banheiros,minmax_mean_ohe,RandomForest_opt,log,,,,,
3,banheiros,minmax_mean_ohe,HistGB_opt,sqrt,,,,,
3,banheiros,minmax_mean_ohe,GradientBoosting_opt,yeojohnson,,,,,
3,banheiros,raw_zero_ord,MLP_opt,none,,,,,
3,banheiros,power_median_ohe,HistGB_opt,none,,,,,
3,banheiros,power_median_ohe,RandomForest_opt,yeojohnson,,,,,
3,banheiros,quantile_median_ord,CatBoost_opt,none,,,,,
3,banheiros,raw_zero_ord,CatBoost_opt,sqrt,,,,,
3,banheiros,power_median_ohe,GradientBoosting_opt,sqrt,,,,,
3,banheiros,raw_zero_ord,LightGBM_opt,none,,,,,
3,banheiros,raw_zero_ord,Ridge_opt,yeojohnson,,,,,
3,banheiros,quantile_median_ord,Ridge_opt,sqrt,,,,,
3,banheiros,power_median_ohe,SVR_opt,none,,,,,
3,banheiros,std_median_ohe,Ridge_opt,yeojohnson,,,,,
3,banheiros,robust_median_ohe,RandomForest_opt,boxcox,,,,,
3,banheiros,minmax_mean_ohe,GradientBoosting_opt,log,,,,,
3,banheiros,minmax_mean_ohe,KNN_opt,yeojohnson,,,,,
3,banheiros,quantile_median_ord,SVR_opt,sqrt,,,,,
3,banheiros,power_median_ohe,CatBoost_opt,none,,,,,
3,banheiros,power_median_ohe,LightGBM_opt,boxcox,,,,,
3,banheiros,quantile_median_ord,MLP_opt,boxcox,,,,,
3,banheiros,raw_zero_ord,HistGB_opt,log,,,,,
3,banheiros,raw_zero_ord,GradientBoosting_opt,sqrt,,,,,
3,banheiros,quantile_median_ord,LightGBM_opt,boxcox,,,,,
3,banheiros,power_median_ohe,Ridge_opt,sqrt,,,,,
3,banheiros,raw_zero_ord,KNN_opt,none,,,,,
3,banheiros,raw_zero_ord,HistGB_opt,boxcox,,,,,
3,banheiros,quantile_median_ord,HistGB_opt,log,,,,,
3,banheiros,power_median_ohe,Linear,boxcox,,,,,
3,banheiros,raw_zero_ord,Linear,sqrt,,,,,
3,banheiros,std_median_ohe,Linear,sqrt,,,,,
3,banheiros,power_median_ohe,Linear,log,,,,,
3,banheiros,quantile_median_ord,Linear,none,,,,,
3,banheiros,power_median_ohe,Linear,none,,,,,
3,banheiros,robust_median_ohe,Linear,yeojohnson,,,,,
3,banheiros,raw_zero_ord,Linear,yeojohnson,,,,,
3,banheiros,quantile_median_ord,Linear,yeojohnson,,,,,
3,banheiros,std_median_ohe,Linear,yeojohnson,,,,,
3,banheiros,minmax_mean_ohe,Linear,yeojohnson,,,,,
3,banheiros,power_median_ohe,Linear,sqrt,,,,,
3,banheiros,power_median_ohe,Linear,yeojohnson,,,,,
3,banheiros,raw_zero_ord,GradientBoosting_opt,boxcox,,,,,
3,banheiros,quantile_median_ord,CatBoost_opt,yeojohnson,,,,,
4,vagas,quantile_median_ord,LightGBM_opt,yeojohnson,,,,,
4,vagas,power_median_ohe,Ridge_opt,boxcox,,,,,
4,vagas,std_median_ohe,GradientBoosting_opt,boxcox,,,,,
4,vagas,std_median_ohe,LightGBM_opt,yeojohnson,,,,,
4,vagas,robust_median_ohe,Ridge_opt,log,,,,,
4,vagas,robust_median_ohe,HistGB_opt,sqrt,,,,,
4,vagas,robust_median_ohe,GradientBoosting_opt,yeojohnson,,,,,
4,vagas,minmax_mean_ohe,KNN_opt,sqrt,,,,,
4,vagas,quantile_median_ord,SVR_opt,none,,,,,
4,vagas,quantile_median_ord,Ridge_opt,sqrt,,,,,
4,vagas,raw_zero_ord,SVR_opt,log,,,,,
4,vagas,power_median_ohe,GradientBoosting_opt,log,,,,,
4,vagas,power_median_ohe,LightGBM_opt,yeojohnson,,,,,
4,vagas,quantile_median_ord,KNN_opt,yeojohnson,,,,,
4,vagas,power_median_ohe,HistGB_opt,sqrt,,,,,
4,vagas,raw_zero_ord,RandomForest_opt,log,,,,,
4,vagas,std_median_ohe,LightGBM_opt,none,,,,,
4,vagas,std_median_ohe,RandomForest_opt,boxcox,,,,,
4,vagas,std_median_ohe,HistGB_opt,yeojohnson,,,,,
4,vagas,robust_median_ohe,RandomForest_opt,log,,,,,
4,vagas,robust_median_ohe,KNN_opt,yeojohnson,,,,,
4,vagas,minmax_mean_ohe,SVR_opt,sqrt,,,,,
4,vagas,minmax_mean_ohe,Ridge_opt,yeojohnson,,,,,
4,vagas,power_median_ohe,KNN_opt,yeojohnson,,,,,
4,vagas,quantile_median_ord,KNN_opt,boxcox,,,,,
4,vagas,minmax_mean_ohe,MLP_opt,boxcox,,,,,
4,vagas,raw_zero_ord,HistGB_opt,sqrt,,,,,
4,vagas,quantile_median_ord,Ridge_opt,yeojohnson,,,,,
4,vagas,power_median_ohe,SVR_opt,sqrt,,,,,
4,vagas,quantile_median_ord,SVR_opt,log,,,,,
4,vagas,raw_zero_ord,GradientBoosting_opt,yeojohnson,,,,,
4,vagas,robust_median_ohe,GradientBoosting_opt,log,,,,,
4,vagas,std_median_ohe,RandomForest_opt,none,,,,,
4,vagas,std_median_ohe,HistGB_opt,log,,,,,
4,vagas,std_median_ohe,KNN_opt,boxcox,,,,,
4,vagas,robust_median_ohe,SVR_opt,yeojohnson,,,,,
4,vagas,minmax_mean_ohe,Ridge_opt,log,,,,,
4,vagas,minmax_mean_ohe,CatBoost_opt,sqrt,,,,,
4,vagas,power_median_ohe,LightGBM_opt,none,,,,,
4,vagas,quantile_median_ord,Ridge_opt,boxcox,,,,,
4,vagas,power_median_ohe,Ridge_opt,yeojohnson,,,,,
4,vagas,raw_zero_ord,SVR_opt,sqrt,,,,,
4,vagas,quantile_median_ord,HistGB_opt,boxcox,,,,,
4,vagas,power_median_ohe,RandomForest_opt,sqrt,,,,,
4,vagas,quantile_median_ord,RandomForest_opt,log,,,,,
4,vagas,raw_zero_ord,CatBoost_opt,none,,,,,
4,vagas,power_median_ohe,GradientBoosting_opt,boxcox,,,,,
4,vagas,robust_median_ohe,KNN_opt,log,,,,,
4,vagas,std_median_ohe,HistGB_opt,none,,,,,
4,vagas,std_median_ohe,LightGBM_opt,log,,,,,
4,vagas,std_median_ohe,HistGB_opt,sqrt,,,,,
4,vagas,raw_zero_ord,MLP_opt,sqrt,,,,,
4,vagas,robust_median_ohe,CatBoost_opt,yeojohnson,,,,,
4,vagas,minmax_mean_ohe,RandomForest_opt,log,,,,,
4,vagas,minmax_mean_ohe,LightGBM_opt,sqrt,,,,,
4,vagas,minmax_mean_ohe,GradientBoosting_opt,yeojohnson,,,,,
4,vagas,quantile_median_ord,HistGB_opt,sqrt,,,,,
4,vagas,raw_zero_ord,MLP_opt,boxcox,,,,,
4,vagas,std_median_ohe,MLP_opt,log,,,,,
4,vagas,power_median_ohe,KNN_opt,none,,,,,
4,vagas,power_median_ohe,HistGB_opt,boxcox,,,,,
4,vagas,raw_zero_ord,RandomForest_opt,sqrt,,,,,
4,vagas,raw_zero_ord,GradientBoosting_opt,none,,,,,
4,vagas,raw_zero_ord,LightGBM_opt,boxcox,,,,,
4,vagas,minmax_mean_ohe,MLP_opt,none,,,,,
4,vagas,raw_zero_ord,KNN_opt,yeojohnson,,,,,
4,vagas,std_median_ohe,CatBoost_opt,none,,,,,
4,vagas,raw_zero_ord,Linear,none,,,,,
4,vagas,std_median_ohe,CatBoost_opt,log,,,,,
4,vagas,std_median_ohe,SVR_opt,boxcox,,,,,
4,vagas,robust_median_ohe,Ridge_opt,none,,,,,
4,vagas,robust_median_ohe,SVR_opt,log,,,,,
4,vagas,robust_median_ohe,RandomForest_opt,boxcox,,,,,
4,vagas,robust_median_ohe,LightGBM_opt,yeojohnson,,,,,
4,vagas,minmax_mean_ohe,GradientBoosting_opt,log,,,,,
4,vagas,minmax_mean_ohe,HistGB_opt,sqrt,,,,,
4,vagas,minmax_mean_ohe,KNN_opt,yeojohnson,,,,,
4,vagas,quantile_median_ord,SVR_opt,sqrt,,,,,
4,vagas,power_median_ohe,SVR_opt,boxcox,,,,,
4,vagas,quantile_median_ord,CatBoost_opt,none,,,,,
4,vagas,raw_zero_ord,KNN_opt,boxcox,,,,,
4,vagas,std_median_ohe,MLP_opt,sqrt,,,,,
4,vagas,quantile_median_ord,HistGB_opt,yeojohnson,,,,,
4,vagas,std_median_ohe,GradientBoosting_opt,none,,,,,
4,vagas,std_median_ohe,Ridge_opt,log,,,,,
4,vagas,std_median_ohe,CatBoost_opt,boxcox,,,,,
4,vagas,robust_median_ohe,RandomForest_opt,none,,,,,
4,vagas,robust_median_ohe,LightGBM_opt,log,,,,,
4,vagas,robust_median_ohe,GradientBoosting_opt,boxcox,,,,,
4,vagas,robust_median_ohe,HistGB_opt,yeojohnson,,,,,
4,vagas,minmax_mean_ohe,KNN_opt,log,,,,,
4,vagas,minmax_mean_ohe,SVR_opt,yeojohnson,,,,,
4,vagas,quantile_median_ord,RandomForest_opt,sqrt,,,,,
4,vagas,raw_zero_ord,CatBoost_opt,log,,,,,
4,vagas,robust_median_ohe,MLP_opt,sqrt,,,,,
4,vagas,power_median_ohe,KNN_opt,log,,,,,
4,vagas,raw_zero_ord,Ridge_opt,boxcox,,,,,
4,vagas,quantile_median_ord,SVR_opt,yeojohnson,,,,,
4,vagas,minmax_mean_ohe,Linear,none,,,,,
4,vagas,raw_zero_ord,Linear,log,,,,,
4,vagas,robust_median_ohe,HistGB_opt,log,,,,,
4,vagas,std_median_ohe,SVR_opt,none,,,,,
4,vagas,std_median_ohe,RandomForest_opt,log,,,,,
4,vagas,std_median_ohe,LightGBM_opt,boxcox,,,,,
4,vagas,robust_median_ohe,GradientBoosting_opt,none,,,,,
4,vagas,robust_median_ohe,KNN_opt,boxcox,,,,,
4,vagas,std_median_ohe,Linear,log,,,,,
4,vagas,minmax_mean_ohe,SVR_opt,log,,,,,
4,vagas,robust_median_ohe,Linear,sqrt,,,,,
4,vagas,minmax_mean_ohe,CatBoost_opt,yeojohnson,,,,,
4,vagas,power_median_ohe,Ridge_opt,log,,,,,
4,vagas,raw_zero_ord,CatBoost_opt,yeojohnson,,,,,
4,vagas,raw_zero_ord,LightGBM_opt,yeojohnson,,,,,
4,vagas,power_median_ohe,SVR_opt,yeojohnson,,,,,
4,vagas,quantile_median_ord,SVR_opt,boxcox,,,,,
4,vagas,quantile_median_ord,RandomForest_opt,yeojohnson,,,,,
4,vagas,power_median_ohe,CatBoost_opt,sqrt,,,,,
4,vagas,minmax_mean_ohe,MLP_opt,sqrt,,,,,
4,vagas,minmax_mean_ohe,Linear,sqrt,,,,,
4,vagas,robust_median_ohe,CatBoost_opt,log,,,,,
4,vagas,std_median_ohe,KNN_opt,none,,,,,
4,vagas,std_median_ohe,GradientBoosting_opt,log,,,,,
4,vagas,std_median_ohe,HistGB_opt,boxcox,,,,,
4,vagas,robust_median_ohe,SVR_opt,boxcox,,,,,
4,vagas,raw_zero_ord,MLP_opt,none,,,,,
4,vagas,minmax_mean_ohe,CatBoost_opt,log,,,,,
4,vagas,minmax_mean_ohe,Ridge_opt,boxcox,,,,,
4,vagas,minmax_mean_ohe,LightGBM_opt,yeojohnson,,,,,
4,vagas,power_median_ohe,HistGB_opt,none,,,,,
4,vagas,power_median_ohe,RandomForest_opt,yeojohnson,,,,,
4,vagas,quantile_median_ord,RandomForest_opt,boxcox,,,,,
4,vagas,raw_zero_ord,CatBoost_opt,sqrt,,,,,
4,vagas,raw_zero_ord,SVR_opt,yeojohnson,,,,,
4,vagas,quantile_median_ord,Linear,boxcox,,,,,
4,vagas,power_median_ohe,GradientBoosting_opt,sqrt,,,,,
4,vagas,quantile_median_ord,GradientBoosting_opt,log,,,,,
4,vagas,raw_zero_ord,LightGBM_opt,none,,,,,
4,vagas,raw_zero_ord,Ridge_opt,yeojohnson,,,,,
4,vagas,quantile_median_ord,Linear,log,,,,,
4,vagas,std_median_ohe,KNN_opt,log,,,,,
4,vagas,std_median_ohe,CatBoost_opt,sqrt,,,,,
4,vagas,robust_median_ohe,KNN_opt,none,,,,,
4,vagas,std_median_ohe,Linear,boxcox,,,,,
4,vagas,robust_median_ohe,CatBoost_opt,boxcox,,,,,
4,vagas,minmax_mean_ohe,Ridge_opt,none,,,,,
4,vagas,minmax_mean_ohe,LightGBM_opt,log,,,,,
4,vagas,minmax_mean_ohe,RandomForest_opt,boxcox,,,,,
4,vagas,minmax_mean_ohe,HistGB_opt,yeojohnson,,,,,
4,vagas,robust_median_ohe,MLP_opt,log,,,,,
4,vagas,power_median_ohe,SVR_opt,none,,,,,
4,vagas,power_median_ohe,Linear,boxcox,,,,,
4,vagas,raw_zero_ord,GradientBoosting_opt,sqrt,,,,,
4,vagas,quantile_median_ord,CatBoost_opt,boxcox,,,,,
4,vagas,quantile_median_ord,Linear,sqrt,,,,,
4,vagas,robust_median_ohe,Linear,log,,,,,
4,vagas,raw_zero_ord,KNN_opt,none,,,,,
4,vagas,raw_zero_ord,HistGB_opt,boxcox,,,,,
4,vagas,std_median_ohe,SVR_opt,log,,,,,
4,vagas,std_median_ohe,LightGBM_opt,sqrt,,,,,
4,vagas,std_median_ohe,MLP_opt,boxcox,,,,,
4,vagas,robust_median_ohe,SVR_opt,none,,,,,
4,vagas,robust_median_ohe,Ridge_opt,sqrt,,,,,
4,vagas,robust_median_ohe,LightGBM_opt,boxcox,,,,,
4,vagas,minmax_mean_ohe,RandomForest_opt,none,,,,,
4,vagas,minmax_mean_ohe,HistGB_opt,log,,,,,
4,vagas,minmax_mean_ohe,GradientBoosting_opt,boxcox,,,,,
4,vagas,minmax_mean_ohe,RandomForest_opt,yeojohnson,,,,,
4,vagas,quantile_median_ord,CatBoost_opt,sqrt,,,,,
4,vagas,power_median_ohe,CatBoost_opt,boxcox,,,,,
4,vagas,quantile_median_ord,Linear,none,,,,,
4,vagas,power_median_ohe,LightGBM_opt,log,,,,,
4,vagas,quantile_median_ord,LightGBM_opt,none,,,,,
4,vagas,raw_zero_ord,Ridge_opt,none,,,,,
4,vagas,raw_zero_ord,SVR_opt,boxcox,,,,,
4,vagas,raw_zero_ord,Linear,yeojohnson,,,,,
4,vagas,power_median_ohe,MLP_opt,none,,,,,
4,vagas,robust_median_ohe,RandomForest_opt,sqrt,,,,,
4,vagas,std_median_ohe,SVR_opt,sqrt,,,,,
4,vagas,minmax_mean_ohe,MLP_opt,yeojohnson,,,,,
4,vagas,std_median_ohe,Ridge_opt,boxcox,,,,,
4,vagas,std_median_ohe,Ridge_opt,yeojohnson,,,,,
4,vagas,raw_zero_ord,MLP_opt,log,,,,,
4,vagas,robust_median_ohe,CatBoost_opt,none,,,,,
4,vagas,robust_median_ohe,HistGB_opt,boxcox,,,,,
4,vagas,minmax_mean_ohe,GradientBoosting_opt,none,,,,,
4,vagas,minmax_mean_ohe,KNN_opt,boxcox,,,,,
4,vagas,std_median_ohe,MLP_opt,yeojohnson,,,,,
4,vagas,quantile_median_ord,GradientBoosting_opt,sqrt,,,,,
4,vagas,raw_zero_ord,LightGBM_opt,log,,,,,
4,vagas,power_median_ohe,SVR_opt,log,,,,,
4,vagas,power_median_ohe,HistGB_opt,yeojohnson,,,,,
4,vagas,raw_zero_ord,RandomForest_opt,boxcox,,,,,
4,vagas,quantile_median_ord,CatBoost_opt,yeojohnson,,,,,
4,vagas,robust_median_ohe,LightGBM_opt,none,,,,,
4,vagas,robust_median_ohe,GradientBoosting_opt,sqrt,,,,,
4,vagas,std_median_ohe,KNN_opt,sqrt,,,,,
4,vagas,std_median_ohe,RandomForest_opt,yeojohnson,,,,,
4,vagas,minmax_mean_ohe,KNN_opt,none,,,,,
4,vagas,quantile_median_ord,MLP_opt,none,,,,,
4,vagas,minmax_mean_ohe,SVR_opt,boxcox,,,,,
4,vagas,quantile_median_ord,Ridge_opt,none,,,,,
4,vagas,quantile_median_ord,CatBoost_opt,log,,,,,
4,vagas,raw_zero_ord,KNN_opt,log,,,,,
4,vagas,power_median_ohe,RandomForest_opt,log,,,,,
4,vagas,raw_zero_ord,MLP_opt,yeojohnson,,,,,
4,vagas,raw_zero_ord,HistGB_opt,yeojohnson,,,,,
4,vagas,power_median_ohe,CatBoost_opt,yeojohnson,,,,,
4,vagas,quantile_median_ord,GradientBoosting_opt,yeojohnson,,,,,
4,vagas,robust_median_ohe,Linear,boxcox,,,,,
4,vagas,power_median_ohe,LightGBM_opt,sqrt,,,,,
4,vagas,quantile_median_ord,LightGBM_opt,log,,,,,
4,vagas,raw_zero_ord,Ridge_opt,log,,,,,
4,vagas,std_median_ohe,Ridge_opt,none,,,,,
4,vagas,std_median_ohe,GradientBoosting_opt,sqrt,,,,,
4,vagas,std_median_ohe,GradientBoosting_opt,yeojohnson,,,,,
4,vagas,robust_median_ohe,HistGB_opt,none,,,,,
4,vagas,robust_median_ohe,KNN_opt,sqrt,,,,,
4,vagas,minmax_mean_ohe,SVR_opt,none,,,,,
4,vagas,minmax_mean_ohe,Ridge_opt,sqrt,,,,,
4,vagas,minmax_mean_ohe,CatBoost_opt,boxcox,,,,,
4,vagas,quantile_median_ord,RandomForest_opt,none,,,,,
4,vagas,std_median_ohe,MLP_opt,none,,,,,
4,vagas,minmax_mean_ohe,Linear,log,,,,,
4,vagas,power_median_ohe,GradientBoosting_opt,yeojohnson,,,,,
4,vagas,quantile_median_ord,GradientBoosting_opt,boxcox,,,,,
4,vagas,raw_zero_ord,LightGBM_opt,sqrt,,,,,
4,vagas,minmax_mean_ohe,MLP_opt,log,,,,,
4,vagas,power_median_ohe,KNN_opt,sqrt,,,,,
4,vagas,quantile_median_ord,KNN_opt,log,,,,,
4,vagas,robust_median_ohe,MLP_opt,boxcox,,,,,
4,vagas,raw_zero_ord,HistGB_opt,none,,,,,
4,vagas,raw_zero_ord,RandomForest_opt,yeojohnson,,,,,
4,vagas,robust_median_ohe,SVR_opt,sqrt,,,,,
4,vagas,std_median_ohe,RandomForest_opt,sqrt,,,,,
4,vagas,std_median_ohe,KNN_opt,yeojohnson,,,,,
4,vagas,robust_median_ohe,Ridge_opt,yeojohnson,,,,,
4,vagas,minmax_mean_ohe,CatBoost_opt,none,,,,,
4,vagas,minmax_mean_ohe,RandomForest_opt,sqrt,,,,,
4,vagas,quantile_median_ord,MLP_opt,boxcox,,,,,
4,vagas,minmax_mean_ohe,LightGBM_opt,boxcox,,,,,
4,vagas,quantile_median_ord,GradientBoosting_opt,none,,,,,
4,vagas,quantile_median_ord,HistGB_opt,log,,,,,
4,vagas,power_median_ohe,CatBoost_opt,none,,,,,
4,vagas,power_median_ohe,MLP_opt,boxcox,,,,,
4,vagas,raw_zero_ord,KNN_opt,sqrt,,,,,
4,vagas,quantile_median_ord,LightGBM_opt,boxcox,,,,,
4,vagas,power_median_ohe,Ridge_opt,sqrt,,,,,
4,vagas,quantile_median_ord,Ridge_opt,log,,,,,
4,vagas,raw_zero_ord,SVR_opt,none,,,,,
4,vagas,raw_zero_ord,Linear,boxcox,,,,,
4,vagas,power_median_ohe,RandomForest_opt,none,,,,,
4,vagas,robust_median_ohe,CatBoost_opt,sqrt,,,,,
4,vagas,quantile_median_ord,MLP_opt,sqrt,,,,,
4,vagas,std_median_ohe,Ridge_opt,sqrt,,,,,
4,vagas,std_median_ohe,SVR_opt,yeojohnson,,,,,
4,vagas,raw_zero_ord,Linear,sqrt,,,,,
4,vagas,robust_median_ohe,RandomForest_opt,yeojohnson,,,,,
4,vagas,minmax_mean_ohe,LightGBM_opt,none,,,,,
4,vagas,minmax_mean_ohe,GradientBoosting_opt,sqrt,,,,,
4,vagas,minmax_mean_ohe,HistGB_opt,boxcox,,,,,
4,vagas,quantile_median_ord,KNN_opt,none,,,,,
4,vagas,quantile_median_ord,LightGBM_opt,sqrt,,,,,
4,vagas,power_median_ohe,GradientBoosting_opt,none,,,,,
4,vagas,power_median_ohe,LightGBM_opt,boxcox,,,,,
4,vagas,raw_zero_ord,Ridge_opt,sqrt,,,,,
4,vagas,power_median_ohe,HistGB_opt,log,,,,,
4,vagas,quantile_median_ord,HistGB_opt,none,,,,,
4,vagas,raw_zero_ord,RandomForest_opt,none,,,,,
4,vagas,raw_zero_ord,CatBoost_opt,boxcox,,,,,
4,vagas,raw_zero_ord,GradientBoosting_opt,log,,,,,
4,vagas,robust_median_ohe,MLP_opt,none,,,,,
4,vagas,robust_median_ohe,LightGBM_opt,sqrt,,,,,
4,vagas,power_median_ohe,MLP_opt,log,,,,,
4,vagas,std_median_ohe,CatBoost_opt,yeojohnson,,,,,
4,vagas,minmax_mean_ohe,HistGB_opt,none,,,,,
4,vagas,minmax_mean_ohe,Linear,boxcox,,,,,
4,vagas,robust_median_ohe,MLP_opt,yeojohnson,,,,,
4,vagas,quantile_median_ord,KNN_opt,sqrt,,,,,
4,vagas,power_median_ohe,Ridge_opt,none,,,,,
4,vagas,power_median_ohe,RandomForest_opt,boxcox,,,,,
4,vagas,power_median_ohe,KNN_opt,boxcox,,,,,
4,vagas,robust_median_ohe,Linear,none,,,,,
4,vagas,raw_zero_ord,HistGB_opt,log,,,,,
4,vagas,power_median_ohe,CatBoost_opt,log,,,,,
4,vagas,raw_zero_ord,GradientBoosting_opt,boxcox,,,,,
4,vagas,std_median_ohe,Linear,none,,,,,
4,vagas,quantile_median_ord,MLP_opt,log,,,,,
4,vagas,std_median_ohe,Linear,sqrt,,,,,
4,vagas,power_median_ohe,MLP_opt,sqrt,,,,,
4,vagas,quantile_median_ord,Linear,yeojohnson,,,,,
4,vagas,power_median_ohe,MLP_opt,yeojohnson,,,,,
4,vagas,quantile_median_ord,MLP_opt,yeojohnson,,,,,
4,vagas,power_median_ohe,Linear,log,,,,,
4,vagas,power_median_ohe,Linear,sqrt,,,,,
4,vagas,std_median_ohe,Linear,yeojohnson,,,,,
4,vagas,robust_median_ohe,Linear,yeojohnson,,,,,
4,vagas,power_median_ohe,Linear,none,,,,,
4,vagas,minmax_mean_ohe,Linear,yeojohnson,,,,,
4,vagas,power_median_ohe,Linear,yeojohnson,,,,,
4,vagas,robust_median_ohe,Ridge_opt,boxcox,,,,,
5,score_escola_privada,power_median_ohe,GradientBoosting_opt,sqrt,,,,,
5,score_escola_privada,std_median_ohe,GradientBoosting_opt,boxcox,,,,,
5,score_escola_privada,robust_median_ohe,SVR_opt,sqrt,,,,,
5,score_escola_privada,robust_median_ohe,SVR_opt,none,,,,,
5,score_escola_privada,robust_median_ohe,HistGB_opt,none,,,,,
5,score_escola_privada,robust_median_ohe,SVR_opt,boxcox,,,,,
5,score_escola_privada,minmax_mean_ohe,Ridge_opt,none,,,,,
5,score_escola_privada,minmax_mean_ohe,CatBoost_opt,log,,,,,
5,score_escola_privada,minmax_mean_ohe,RandomForest_opt,boxcox,,,,,
5,score_escola_privada,minmax_mean_ohe,LightGBM_opt,yeojohnson,,,,,
5,score_escola_privada,quantile_median_ord,GradientBoosting_opt,log,,,,,
5,score_escola_privada,raw_zero_ord,LightGBM_opt,none,,,,,
5,score_escola_privada,raw_zero_ord,Ridge_opt,yeojohnson,,,,,
5,score_escola_privada,power_median_ohe,SVR_opt,none,,,,,
5,score_escola_privada,raw_zero_ord,RandomForest_opt,sqrt,,,,,
5,score_escola_privada,quantile_median_ord,CatBoost_opt,boxcox,,,,,
5,score_escola_privada,raw_zero_ord,KNN_opt,none,,,,,
5,score_escola_privada,robust_median_ohe,KNN_opt,none,,,,,
5,score_escola_privada,std_median_ohe,GradientBoosting_opt,none,,,,,
5,score_escola_privada,std_median_ohe,KNN_opt,boxcox,,,,,
5,score_escola_privada,robust_median_ohe,CatBoost_opt,boxcox,,,,,
5,score_escola_privada,minmax_mean_ohe,RandomForest_opt,none,,,,,
5,score_escola_privada,minmax_mean_ohe,LightGBM_opt,log,,,,,
5,score_escola_privada,minmax_mean_ohe,GradientBoosting_opt,boxcox,,,,,
5,score_escola_privada,minmax_mean_ohe,HistGB_opt,yeojohnson,,,,,
5,score_escola_privada,quantile_median_ord,KNN_opt,log,,,,,
5,score_escola_privada,power_median_ohe,RandomForest_opt,none,,,,,
5,score_escola_privada,raw_zero_ord,HistGB_opt,boxcox,,,,,
5,score_escola_privada,power_median_ohe,CatBoost_opt,boxcox,,,,,
5,score_escola_privada,quantile_median_ord,SVR_opt,sqrt,,,,,
5,score_escola_privada,quantile_median_ord,GradientBoosting_opt,boxcox,,,,,
5,score_escola_privada,power_median_ohe,LightGBM_opt,log,,,,,
5,score_escola_privada,quantile_median_ord,CatBoost_opt,none,,,,,
5,score_escola_privada,raw_zero_ord,Ridge_opt,none,,,,,
5,score_escola_privada,raw_zero_ord,SVR_opt,boxcox,,,,,
5,score_escola_privada,robust_median_ohe,CatBoost_opt,log,,,,,
5,score_escola_privada,std_median_ohe,LightGBM_opt,log,,,,,
5,score_escola_privada,robust_median_ohe,LightGBM_opt,boxcox,,,,,
5,score_escola_privada,minmax_mean_ohe,GradientBoosting_opt,none,,,,,
5,score_escola_privada,minmax_mean_ohe,HistGB_opt,log,,,,,
5,score_escola_privada,minmax_mean_ohe,KNN_opt,boxcox,,,,,
5,score_escola_privada,quantile_median_ord,Linear,boxcox,,,,,
5,score_escola_privada,quantile_median_ord,SVR_opt,log,,,,,
5,score_escola_privada,quantile_median_ord,RandomForest_opt,sqrt,,,,,
5,score_escola_privada,power_median_ohe,Linear,boxcox,,,,,
5,score_escola_privada,power_median_ohe,GradientBoosting_opt,boxcox,,,,,
5,score_escola_privada,raw_zero_ord,LightGBM_opt,log,,,,,
5,score_escola_privada,power_median_ohe,KNN_opt,log,,,,,
5,score_escola_privada,quantile_median_ord,GradientBoosting_opt,none,,,,,
5,score_escola_privada,power_median_ohe,HistGB_opt,yeojohnson,,,,,
5,score_escola_privada,raw_zero_ord,RandomForest_opt,boxcox,,,,,
5,score_escola_privada,robust_median_ohe,CatBoost_opt,none,,,,,
5,score_escola_privada,robust_median_ohe,Ridge_opt,log,,,,,
5,score_escola_privada,std_median_ohe,SVR_opt,none,,,,,
5,score_escola_privada,robust_median_ohe,HistGB_opt,boxcox,,,,,
5,score_escola_privada,minmax_mean_ohe,KNN_opt,none,,,,,
5,score_escola_privada,minmax_mean_ohe,SVR_opt,boxcox,,,,,
5,score_escola_privada,quantile_median_ord,CatBoost_opt,log,,,,,
5,score_escola_privada,quantile_median_ord,CatBoost_opt,yeojohnson,,,,,
5,score_escola_privada,raw_zero_ord,KNN_opt,log,,,,,
5,score_escola_privada,raw_zero_ord,HistGB_opt,yeojohnson,,,,,
5,score_escola_privada,power_median_ohe,Ridge_opt,log,,,,,
5,score_escola_privada,power_median_ohe,SVR_opt,yeojohnson,,,,,
5,score_escola_privada,std_median_ohe,Ridge_opt,none,,,,,
5,score_escola_privada,std_median_ohe,CatBoost_opt,none,,,,,
5,score_escola_privada,std_median_ohe,LightGBM_opt,sqrt,,,,,
5,score_escola_privada,robust_median_ohe,RandomForest_opt,log,,,,,
5,score_escola_privada,robust_median_ohe,GradientBoosting_opt,none,,,,,
5,score_escola_privada,minmax_mean_ohe,SVR_opt,none,,,,,
5,score_escola_privada,minmax_mean_ohe,CatBoost_opt,boxcox,,,,,
5,score_escola_privada,quantile_median_ord,Ridge_opt,none,,,,,
5,score_escola_privada,power_median_ohe,LightGBM_opt,sqrt,,,,,
5,score_escola_privada,raw_zero_ord,Ridge_opt,log,,,,,
5,score_escola_privada,raw_zero_ord,SVR_opt,yeojohnson,,,,,
5,score_escola_privada,minmax_mean_ohe,CatBoost_opt,yeojohnson,,,,,
5,score_escola_privada,power_median_ohe,RandomForest_opt,yeojohnson,,,,,
5,score_escola_privada,raw_zero_ord,CatBoost_opt,sqrt,,,,,
5,score_escola_privada,robust_median_ohe,Linear,boxcox,,,,,
5,score_escola_privada,robust_median_ohe,RandomForest_opt,none,,,,,
5,score_escola_privada,robust_median_ohe,GradientBoosting_opt,log,,,,,
5,score_escola_privada,std_median_ohe,KNN_opt,none,,,,,
5,score_escola_privada,std_median_ohe,HistGB_opt,sqrt,,,,,
5,score_escola_privada,quantile_median_ord,MLP_opt,boxcox,,,,,
5,score_escola_privada,minmax_mean_ohe,Linear,log,,,,,
5,score_escola_privada,minmax_mean_ohe,CatBoost_opt,none,,,,,
5,score_escola_privada,minmax_mean_ohe,Ridge_opt,sqrt,,,,,
5,score_escola_privada,minmax_mean_ohe,LightGBM_opt,boxcox,,,,,
5,score_escola_privada,quantile_median_ord,RandomForest_opt,none,,,,,
5,score_escola_privada,quantile_median_ord,HistGB_opt,log,,,,,
5,score_escola_privada,robust_median_ohe,MLP_opt,none,,,,,
5,score_escola_privada,robust_median_ohe,Linear,none,,,,,
5,score_escola_privada,raw_zero_ord,HistGB_opt,none,,,,,
5,score_escola_privada,raw_zero_ord,RandomForest_opt,yeojohnson,,,,,
5,score_escola_privada,minmax_mean_ohe,GradientBoosting_opt,yeojohnson,,,,,
5,score_escola_privada,power_median_ohe,CatBoost_opt,none,,,,,
5,score_escola_privada,raw_zero_ord,CatBoost_opt,boxcox,,,,,
5,score_escola_privada,raw_zero_ord,GradientBoosting_opt,sqrt,,,,,
5,score_escola_privada,quantile_median_ord,LightGBM_opt,boxcox,,,,,
5,score_escola_privada,power_median_ohe,Ridge_opt,sqrt,,,,,
5,score_escola_privada,robust_median_ohe,Ridge_opt,none,,,,,
5,score_escola_privada,robust_median_ohe,KNN_opt,log,,,,,
5,score_escola_privada,robust_median_ohe,MLP_opt,boxcox,,,,,
5,score_escola_privada,std_median_ohe,LightGBM_opt,none,,,,,
5,score_escola_privada,std_median_ohe,KNN_opt,sqrt,,,,,
5,score_escola_privada,minmax_mean_ohe,MLP_opt,log,,,,,
5,score_escola_privada,robust_median_ohe,CatBoost_opt,sqrt,,,,,
5,score_escola_privada,std_median_ohe,KNN_opt,yeojohnson,,,,,
5,score_escola_privada,robust_median_ohe,Ridge_opt,yeojohnson,,,,,
5,score_escola_privada,minmax_mean_ohe,LightGBM_opt,none,,,,,
5,score_escola_privada,minmax_mean_ohe,RandomForest_opt,sqrt,,,,,
5,score_escola_privada,power_median_ohe,GradientBoosting_opt,none,,,,,
5,score_escola_privada,power_median_ohe,LightGBM_opt,boxcox,,,,,
5,score_escola_privada,quantile_median_ord,CatBoost_opt,sqrt,,,,,
5,score_escola_privada,quantile_median_ord,KNN_opt,boxcox,,,,,
5,score_escola_privada,power_median_ohe,HistGB_opt,log,,,,,
5,score_escola_privada,quantile_median_ord,LightGBM_opt,none,,,,,
5,score_escola_privada,raw_zero_ord,RandomForest_opt,none,,,,,
5,score_escola_privada,robust_median_ohe,SVR_opt,log,,,,,
5,score_escola_privada,std_median_ohe,HistGB_opt,none,,,,,
5,score_escola_privada,std_median_ohe,CatBoost_opt,log,,,,,
5,score_escola_privada,std_median_ohe,GradientBoosting_opt,yeojohnson,,,,,
5,score_escola_privada,minmax_mean_ohe,MLP_opt,boxcox,,,,,
5,score_escola_privada,raw_zero_ord,Linear,boxcox,,,,,
5,score_escola_privada,robust_median_ohe,LightGBM_opt,sqrt,,,,,
5,score_escola_privada,robust_median_ohe,RandomForest_opt,yeojohnson,,,,,
5,score_escola_privada,minmax_mean_ohe,HistGB_opt,none,,,,,
5,score_escola_privada,minmax_mean_ohe,GradientBoosting_opt,sqrt,,,,,
5,score_escola_privada,quantile_median_ord,GradientBoosting_opt,sqrt,,,,,
5,score_escola_privada,power_median_ohe,KNN_opt,boxcox,,,,,
5,score_escola_privada,raw_zero_ord,HistGB_opt,log,,,,,
5,score_escola_privada,quantile_median_ord,Ridge_opt,boxcox,,,,,
5,score_escola_privada,power_median_ohe,SVR_opt,log,,,,,
5,score_escola_privada,quantile_median_ord,KNN_opt,none,,,,,
5,score_escola_privada,minmax_mean_ohe,Linear,boxcox,,,,,
5,score_escola_privada,raw_zero_ord,GradientBoosting_opt,boxcox,,,,,
5,score_escola_privada,std_median_ohe,Ridge_opt,log,,,,,
5,score_escola_privada,std_median_ohe,MLP_opt,none,,,,,
5,score_escola_privada,robust_median_ohe,LightGBM_opt,none,,,,,
5,score_escola_privada,std_median_ohe,RandomForest_opt,yeojohnson,,,,,
5,score_escola_privada,robust_median_ohe,LightGBM_opt,log,,,,,
5,score_escola_privada,quantile_median_ord,MLP_opt,sqrt,,,,,
5,score_escola_privada,robust_median_ohe,HistGB_opt,sqrt,,,,,
5,score_escola_privada,robust_median_ohe,GradientBoosting_opt,yeojohnson,,,,,
5,score_escola_privada,quantile_median_ord,Linear,none,,,,,
5,score_escola_privada,minmax_mean_ohe,KNN_opt,sqrt,,,,,
5,score_escola_privada,quantile_median_ord,Linear,log,,,,,
5,score_escola_privada,quantile_median_ord,LightGBM_opt,yeojohnson,,,,,
5,score_escola_privada,power_median_ohe,Ridge_opt,boxcox,,,,,
5,score_escola_privada,raw_zero_ord,SVR_opt,log,,,,,
5,score_escola_privada,raw_zero_ord,Linear,sqrt,,,,,
5,score_escola_privada,quantile_median_ord,HistGB_opt,sqrt,,,,,
5,score_escola_privada,power_median_ohe,RandomForest_opt,log,,,,,
5,score_escola_privada,power_median_ohe,CatBoost_opt,yeojohnson,,,,,
5,score_escola_privada,quantile_median_ord,MLP_opt,none,,,,,
5,score_escola_privada,std_median_ohe,HistGB_opt,yeojohnson,,,,,
5,score_escola_privada,robust_median_ohe,HistGB_opt,log,,,,,
5,score_escola_privada,std_median_ohe,RandomForest_opt,log,,,,,
5,score_escola_privada,std_median_ohe,GradientBoosting_opt,sqrt,,,,,
5,score_escola_privada,std_median_ohe,Ridge_opt,yeojohnson,,,,,
5,score_escola_privada,raw_zero_ord,MLP_opt,sqrt,,,,,
5,score_escola_privada,robust_median_ohe,KNN_opt,yeojohnson,,,,,
5,score_escola_privada,minmax_mean_ohe,MLP_opt,none,,,,,
5,score_escola_privada,minmax_mean_ohe,SVR_opt,sqrt,,,,,
5,score_escola_privada,minmax_mean_ohe,Ridge_opt,yeojohnson,,,,,
5,score_escola_privada,quantile_median_ord,LightGBM_opt,log,,,,,
5,score_escola_privada,power_median_ohe,HistGB_opt,sqrt,,,,,
5,score_escola_privada,raw_zero_ord,RandomForest_opt,log,,,,,
5,score_escola_privada,raw_zero_ord,CatBoost_opt,yeojohnson,,,,,
5,score_escola_privada,quantile_median_ord,MLP_opt,log,,,,,
5,score_escola_privada,power_median_ohe,GradientBoosting_opt,yeojohnson,,,,,
5,score_escola_privada,raw_zero_ord,LightGBM_opt,sqrt,,,,,
5,score_escola_privada,quantile_median_ord,Ridge_opt,yeojohnson,,,,,
5,score_escola_privada,std_median_ohe,LightGBM_opt,yeojohnson,,,,,
5,score_escola_privada,std_median_ohe,Linear,sqrt,,,,,
5,score_escola_privada,minmax_mean_ohe,Linear,none,,,,,
5,score_escola_privada,std_median_ohe,SVR_opt,boxcox,,,,,
5,score_escola_privada,std_median_ohe,MLP_opt,boxcox,,,,,
5,score_escola_privada,std_median_ohe,MLP_opt,log,,,,,
5,score_escola_privada,robust_median_ohe,SVR_opt,yeojohnson,,,,,
5,score_escola_privada,minmax_mean_ohe,Ridge_opt,log,,,,,
5,score_escola_privada,minmax_mean_ohe,CatBoost_opt,sqrt,,,,,
5,score_escola_privada,minmax_mean_ohe,RandomForest_opt,yeojohnson,,,,,
5,score_escola_privada,power_median_ohe,SVR_opt,sqrt,,,,,
5,score_escola_privada,robust_median_ohe,MLP_opt,sqrt,,,,,
5,score_escola_privada,raw_zero_ord,GradientBoosting_opt,yeojohnson,,,,,
5,score_escola_privada,minmax_mean_ohe,KNN_opt,yeojohnson,,,,,
5,score_escola_privada,power_median_ohe,LightGBM_opt,none,,,,,
5,score_escola_privada,power_median_ohe,MLP_opt,boxcox,,,,,
5,score_escola_privada,raw_zero_ord,KNN_opt,sqrt,,,,,
5,score_escola_privada,quantile_median_ord,HistGB_opt,boxcox,,,,,
5,score_escola_privada,power_median_ohe,RandomForest_opt,sqrt,,,,,
5,score_escola_privada,quantile_median_ord,Ridge_opt,log,,,,,
5,score_escola_privada,std_median_ohe,CatBoost_opt,yeojohnson,,,,,
5,score_escola_privada,robust_median_ohe,Linear,sqrt,,,,,
5,score_escola_privada,std_median_ohe,GradientBoosting_opt,log,,,,,
5,score_escola_privada,std_median_ohe,CatBoost_opt,sqrt,,,,,
5,score_escola_privada,robust_median_ohe,MLP_opt,log,,,,,
5,score_escola_privada,std_median_ohe,RandomForest_opt,boxcox,,,,,
5,score_escola_privada,robust_median_ohe,Ridge_opt,boxcox,,,,,
5,score_escola_privada,robust_median_ohe,CatBoost_opt,yeojohnson,,,,,
5,score_escola_privada,minmax_mean_ohe,RandomForest_opt,log,,,,,
5,score_escola_privada,minmax_mean_ohe,LightGBM_opt,sqrt,,,,,
5,score_escola_privada,raw_zero_ord,CatBoost_opt,none,,,,,
5,score_escola_privada,power_median_ohe,KNN_opt,none,,,,,
5,score_escola_privada,std_median_ohe,Linear,boxcox,,,,,
5,score_escola_privada,power_median_ohe,HistGB_opt,boxcox,,,,,
5,score_escola_privada,quantile_median_ord,LightGBM_opt,sqrt,,,,,
5,score_escola_privada,raw_zero_ord,Ridge_opt,sqrt,,,,,
5,score_escola_privada,raw_zero_ord,MLP_opt,boxcox,,,,,
5,score_escola_privada,quantile_median_ord,SVR_opt,boxcox,,,,,
5,score_escola_privada,quantile_median_ord,HistGB_opt,none,,,,,
5,score_escola_privada,raw_zero_ord,GradientBoosting_opt,none,,,,,
5,score_escola_privada,robust_median_ohe,Ridge_opt,sqrt,,,,,
5,score_escola_privada,std_median_ohe,KNN_opt,log,,,,,
5,score_escola_privada,std_median_ohe,RandomForest_opt,none,,,,,
5,score_escola_privada,std_median_ohe,Ridge_opt,sqrt,,,,,
5,score_escola_privada,std_median_ohe,SVR_opt,sqrt,,,,,
5,score_escola_privada,std_median_ohe,HistGB_opt,boxcox,,,,,
5,score_escola_privada,robust_median_ohe,RandomForest_opt,boxcox,,,,,
5,score_escola_privada,robust_median_ohe,LightGBM_opt,yeojohnson,,,,,
5,score_escola_privada,minmax_mean_ohe,GradientBoosting_opt,log,,,,,
5,score_escola_privada,minmax_mean_ohe,HistGB_opt,sqrt,,,,,
5,score_escola_privada,minmax_mean_ohe,HistGB_opt,boxcox,,,,,
5,score_escola_privada,power_median_ohe,Ridge_opt,none,,,,,
5,score_escola_privada,quantile_median_ord,KNN_opt,sqrt,,,,,
5,score_escola_privada,power_median_ohe,SVR_opt,boxcox,,,,,
5,score_escola_privada,power_median_ohe,MLP_opt,log,,,,,
5,score_escola_privada,quantile_median_ord,RandomForest_opt,boxcox,,,,,
5,score_escola_privada,power_median_ohe,CatBoost_opt,log,,,,,
5,score_escola_privada,quantile_median_ord,SVR_opt,none,,,,,
5,score_escola_privada,raw_zero_ord,Linear,none,,,,,
5,score_escola_privada,raw_zero_ord,KNN_opt,boxcox,,,,,
5,score_escola_privada,robust_median_ohe,RandomForest_opt,sqrt,,,,,
5,score_escola_privada,std_median_ohe,SVR_opt,log,,,,,
5,score_escola_privada,std_median_ohe,RandomForest_opt,sqrt,,,,,
5,score_escola_privada,robust_median_ohe,Linear,log,,,,,
5,score_escola_privada,std_median_ohe,LightGBM_opt,boxcox,,,,,
5,score_escola_privada,robust_median_ohe,GradientBoosting_opt,boxcox,,,,,
5,score_escola_privada,robust_median_ohe,HistGB_opt,yeojohnson,,,,,
5,score_escola_privada,minmax_mean_ohe,KNN_opt,log,,,,,
5,score_escola_privada,std_median_ohe,MLP_opt,sqrt,,,,,
5,score_escola_privada,minmax_mean_ohe,SVR_opt,yeojohnson,,,,,
5,score_escola_privada,quantile_median_ord,Ridge_opt,sqrt,,,,,
5,score_escola_privada,quantile_median_ord,HistGB_opt,yeojohnson,,,,,
5,score_escola_privada,power_median_ohe,RandomForest_opt,boxcox,,,,,
5,score_escola_privada,raw_zero_ord,CatBoost_opt,log,,,,,
5,score_escola_privada,power_median_ohe,MLP_opt,sqrt,,,,,
5,score_escola_privada,raw_zero_ord,Linear,log,,,,,
5,score_escola_privada,power_median_ohe,GradientBoosting_opt,log,,,,,
5,score_escola_privada,power_median_ohe,LightGBM_opt,yeojohnson,,,,,
5,score_escola_privada,raw_zero_ord,Ridge_opt,boxcox,,,,,
5,score_escola_privada,robust_median_ohe,GradientBoosting_opt,sqrt,,,,,
5,score_escola_privada,std_median_ohe,SVR_opt,yeojohnson,,,,,
5,score_escola_privada,minmax_mean_ohe,MLP_opt,yeojohnson,,,,,
5,score_escola_privada,std_median_ohe,Linear,log,,,,,
5,score_escola_privada,std_median_ohe,Linear,none,,,,,
5,score_escola_privada,std_median_ohe,Ridge_opt,boxcox,,,,,
5,score_escola_privada,std_median_ohe,CatBoost_opt,boxcox,,,,,
5,score_escola_privada,robust_median_ohe,KNN_opt,boxcox,,,,,
5,score_escola_privada,minmax_mean_ohe,SVR_opt,log,,,,,
5,score_escola_privada,std_median_ohe,MLP_opt,yeojohnson,,,,,
5,score_escola_privada,quantile_median_ord,SVR_opt,yeojohnson,,,,,
5,score_escola_privada,minmax_mean_ohe,MLP_opt,sqrt,,,,,
5,score_escola_privada,raw_zero_ord,GradientBoosting_opt,log,,,,,
5,score_escola_privada,raw_zero_ord,LightGBM_opt,yeojohnson,,,,,
5,score_escola_privada,raw_zero_ord,LightGBM_opt,boxcox,,,,,
5,score_escola_privada,minmax_mean_ohe,Linear,sqrt,,,,,
5,score_escola_privada,power_median_ohe,KNN_opt,yeojohnson,,,,,
5,score_escola_privada,raw_zero_ord,HistGB_opt,sqrt,,,,,
5,score_escola_privada,quantile_median_ord,RandomForest_opt,yeojohnson,,,,,
5,score_escola_privada,robust_median_ohe,KNN_opt,sqrt,,,,,
5,score_escola_privada,std_median_ohe,HistGB_opt,log,,,,,
5,score_escola_privada,quantile_median_ord,Linear,yeojohnson,,,,,
5,score_escola_privada,minmax_mean_ohe,Ridge_opt,boxcox,,,,,
5,score_escola_privada,quantile_median_ord,RandomForest_opt,log,,,,,
5,score_escola_privada,quantile_median_ord,GradientBoosting_opt,yeojohnson,,,,,
5,score_escola_privada,power_median_ohe,KNN_opt,sqrt,,,,,
5,score_escola_privada,power_median_ohe,CatBoost_opt,sqrt,,,,,
5,score_escola_privada,raw_zero_ord,SVR_opt,none,,,,,
5,score_escola_privada,raw_zero_ord,MLP_opt,none,,,,,
5,score_escola_privada,raw_zero_ord,KNN_opt,yeojohnson,,,,,
5,score_escola_privada,quantile_median_ord,KNN_opt,yeojohnson,,,,,
5,score_escola_privada,power_median_ohe,HistGB_opt,none,,,,,
5,score_escola_privada,power_median_ohe,Ridge_opt,yeojohnson,,,,,
5,score_escola_privada,raw_zero_ord,SVR_opt,sqrt,,,,,
5,score_escola_privada,quantile_median_ord,MLP_opt,yeojohnson,,,,,
5,score_escola_privada,raw_zero_ord,MLP_opt,yeojohnson,,,,,
5,score_escola_privada,quantile_median_ord,Linear,sqrt,,,,,
5,score_escola_privada,power_median_ohe,MLP_opt,none,,,,,
5,score_escola_privada,robust_median_ohe,MLP_opt,yeojohnson,,,,,
5,score_escola_privada,power_median_ohe,MLP_opt,yeojohnson,,,,,
5,score_escola_privada,power_median_ohe,Linear,log,,,,,
5,score_escola_privada,minmax_mean_ohe,Linear,yeojohnson,,,,,
5,score_escola_privada,std_median_ohe,Linear,yeojohnson,,,,,
5,score_escola_privada,raw_zero_ord,Linear,yeojohnson,,,,,
5,score_escola_privada,power_median_ohe,Linear,none,,,,,
5,score_escola_privada,power_median_ohe,Linear,sqrt,,,,,
5,score_escola_privada,robust_median_ohe,Linear,yeojohnson,,,,,
5,score_escola_privada,power_median_ohe,Linear,yeojohnson,,,,,
5,score_escola_privada,raw_zero_ord,MLP_opt,log,,,,,
6,score_escola_publica,quantile_median_ord,RandomForest_opt,yeojohnson,,,,,
6,score_escola_publica,std_median_ohe,KNN_opt,sqrt,,,,,
6,score_escola_publica,std_median_ohe,RandomForest_opt,boxcox,,,,,
6,score_escola_publica,std_median_ohe,HistGB_opt,yeojohnson,,,,,
6,score_escola_publica,robust_median_ohe,Ridge_opt,sqrt,,,,,
6,score_escola_publica,robust_median_ohe,KNN_opt,none,,,,,
6,score_escola_publica,robust_median_ohe,CatBoost_opt,boxcox,,,,,
6,score_escola_publica,minmax_mean_ohe,RandomForest_opt,none,,,,,
6,score_escola_publica,minmax_mean_ohe,LightGBM_opt,log,,,,,
6,score_escola_publica,minmax_mean_ohe,GradientBoosting_opt,boxcox,,,,,
6,score_escola_publica,power_median_ohe,CatBoost_opt,sqrt,,,,,
6,score_escola_publica,quantile_median_ord,KNN_opt,sqrt,,,,,
6,score_escola_publica,raw_zero_ord,CatBoost_opt,yeojohnson,,,,,
6,score_escola_publica,power_median_ohe,HistGB_opt,none,,,,,
6,score_escola_publica,power_median_ohe,Ridge_opt,yeojohnson,,,,,
6,score_escola_publica,raw_zero_ord,LightGBM_opt,sqrt,,,,,
6,score_escola_publica,power_median_ohe,GradientBoosting_opt,sqrt,,,,,
6,score_escola_publica,std_median_ohe,SVR_opt,sqrt,,,,,
6,score_escola_publica,std_median_ohe,GradientBoosting_opt,boxcox,,,,,
6,score_escola_publica,robust_median_ohe,SVR_opt,none,,,,,
6,score_escola_publica,robust_median_ohe,RandomForest_opt,sqrt,,,,,
6,score_escola_publica,robust_median_ohe,LightGBM_opt,boxcox,,,,,
6,score_escola_publica,minmax_mean_ohe,GradientBoosting_opt,none,,,,,
6,score_escola_publica,minmax_mean_ohe,HistGB_opt,log,,,,,
6,score_escola_publica,minmax_mean_ohe,KNN_opt,boxcox,,,,,
6,score_escola_publica,power_median_ohe,SVR_opt,none,,,,,
6,score_escola_publica,raw_zero_ord,GradientBoosting_opt,yeojohnson,,,,,
6,score_escola_publica,raw_zero_ord,KNN_opt,sqrt,,,,,
6,score_escola_publica,quantile_median_ord,RandomForest_opt,none,,,,,
6,score_escola_publica,quantile_median_ord,CatBoost_opt,boxcox,,,,,
6,score_escola_publica,raw_zero_ord,KNN_opt,none,,,,,
6,score_escola_publica,robust_median_ohe,CatBoost_opt,none,,,,,
6,score_escola_publica,robust_median_ohe,GradientBoosting_opt,sqrt,,,,,
6,score_escola_publica,std_median_ohe,HistGB_opt,log,,,,,
6,score_escola_publica,std_median_ohe,Ridge_opt,sqrt,,,,,
6,score_escola_publica,std_median_ohe,KNN_opt,boxcox,,,,,
6,score_escola_publica,robust_median_ohe,HistGB_opt,boxcox,,,,,
6,score_escola_publica,minmax_mean_ohe,KNN_opt,none,,,,,
6,score_escola_publica,minmax_mean_ohe,SVR_opt,boxcox,,,,,
6,score_escola_publica,quantile_median_ord,HistGB_opt,log,,,,,
6,score_escola_publica,power_median_ohe,RandomForest_opt,none,,,,,
6,score_escola_publica,power_median_ohe,CatBoost_opt,boxcox,,,,,
6,score_escola_publica,raw_zero_ord,LightGBM_opt,boxcox,,,,,
6,score_escola_publica,quantile_median_ord,GradientBoosting_opt,boxcox,,,,,
6,score_escola_publica,power_median_ohe,LightGBM_opt,log,,,,,
6,score_escola_publica,quantile_median_ord,Linear,boxcox,,,,,
6,score_escola_publica,raw_zero_ord,Ridge_opt,none,,,,,
6,score_escola_publica,robust_median_ohe,LightGBM_opt,none,,,,,
6,score_escola_publica,robust_median_ohe,KNN_opt,sqrt,,,,,
6,score_escola_publica,std_median_ohe,RandomForest_opt,sqrt,,,,,
6,score_escola_publica,std_median_ohe,SVR_opt,boxcox,,,,,
6,score_escola_publica,robust_median_ohe,Ridge_opt,none,,,,,
6,score_escola_publica,minmax_mean_ohe,SVR_opt,none,,,,,
6,score_escola_publica,power_median_ohe,Linear,boxcox,,,,,
6,score_escola_publica,minmax_mean_ohe,CatBoost_opt,boxcox,,,,,
6,score_escola_publica,quantile_median_ord,Ridge_opt,none,,,,,
6,score_escola_publica,quantile_median_ord,SVR_opt,log,,,,,
6,score_escola_publica,power_median_ohe,GradientBoosting_opt,boxcox,,,,,
6,score_escola_publica,raw_zero_ord,MLP_opt,none,,,,,
6,score_escola_publica,raw_zero_ord,LightGBM_opt,log,,,,,
6,score_escola_publica,power_median_ohe,KNN_opt,log,,,,,
6,score_escola_publica,power_median_ohe,HistGB_opt,yeojohnson,,,,,
6,score_escola_publica,raw_zero_ord,KNN_opt,boxcox,,,,,
6,score_escola_publica,quantile_median_ord,RandomForest_opt,log,,,,,
6,score_escola_publica,std_median_ohe,HistGB_opt,none,,,,,
6,score_escola_publica,std_median_ohe,LightGBM_opt,log,,,,,
6,score_escola_publica,std_median_ohe,CatBoost_opt,boxcox,,,,,
6,score_escola_publica,robust_median_ohe,Linear,boxcox,,,,,
6,score_escola_publica,robust_median_ohe,RandomForest_opt,none,,,,,
6,score_escola_publica,robust_median_ohe,HistGB_opt,none,,,,,
6,score_escola_publica,robust_median_ohe,SVR_opt,sqrt,,,,,
6,score_escola_publica,minmax_mean_ohe,CatBoost_opt,none,,,,,
6,score_escola_publica,minmax_mean_ohe,Ridge_opt,sqrt,,,,,
6,score_escola_publica,minmax_mean_ohe,LightGBM_opt,boxcox,,,,,
6,score_escola_publica,quantile_median_ord,CatBoost_opt,yeojohnson,,,,,
6,score_escola_publica,raw_zero_ord,KNN_opt,log,,,,,
6,score_escola_publica,quantile_median_ord,HistGB_opt,sqrt,,,,,
6,score_escola_publica,power_median_ohe,Ridge_opt,log,,,,,
6,score_escola_publica,raw_zero_ord,MLP_opt,log,,,,,
6,score_escola_publica,power_median_ohe,SVR_opt,yeojohnson,,,,,
6,score_escola_publica,raw_zero_ord,Ridge_opt,boxcox,,,,,
6,score_escola_publica,quantile_median_ord,GradientBoosting_opt,yeojohnson,,,,,
6,score_escola_publica,robust_median_ohe,CatBoost_opt,sqrt,,,,,
6,score_escola_publica,std_median_ohe,LightGBM_opt,none,,,,,
6,score_escola_publica,std_median_ohe,CatBoost_opt,log,,,,,
6,score_escola_publica,std_median_ohe,LightGBM_opt,boxcox,,,,,
6,score_escola_publica,std_median_ohe,MLP_opt,log,,,,,
6,score_escola_publica,robust_median_ohe,GradientBoosting_opt,none,,,,,
6,score_escola_publica,robust_median_ohe,MLP_opt,boxcox,,,,,
6,score_escola_publica,robust_median_ohe,Ridge_opt,yeojohnson,,,,,
6,score_escola_publica,minmax_mean_ohe,LightGBM_opt,none,,,,,
6,score_escola_publica,raw_zero_ord,Linear,boxcox,,,,,
6,score_escola_publica,minmax_mean_ohe,RandomForest_opt,sqrt,,,,,
6,score_escola_publica,minmax_mean_ohe,HistGB_opt,boxcox,,,,,
6,score_escola_publica,power_median_ohe,LightGBM_opt,sqrt,,,,,
6,score_escola_publica,raw_zero_ord,Ridge_opt,log,,,,,
6,score_escola_publica,quantile_median_ord,SVR_opt,sqrt,,,,,
6,score_escola_publica,raw_zero_ord,LightGBM_opt,yeojohnson,,,,,
6,score_escola_publica,minmax_mean_ohe,MLP_opt,log,,,,,
6,score_escola_publica,power_median_ohe,RandomForest_opt,yeojohnson,,,,,
6,score_escola_publica,raw_zero_ord,HistGB_opt,sqrt,,,,,
6,score_escola_publica,power_median_ohe,KNN_opt,sqrt,,,,,
6,score_escola_publica,robust_median_ohe,LightGBM_opt,sqrt,,,,,
6,score_escola_publica,std_median_ohe,HistGB_opt,boxcox,,,,,
6,score_escola_publica,std_median_ohe,GradientBoosting_opt,none,,,,,
6,score_escola_publica,std_median_ohe,Ridge_opt,none,,,,,
6,score_escola_publica,std_median_ohe,LightGBM_opt,sqrt,,,,,
6,score_escola_publica,robust_median_ohe,RandomForest_opt,yeojohnson,,,,,
6,score_escola_publica,minmax_mean_ohe,HistGB_opt,none,,,,,
6,score_escola_publica,minmax_mean_ohe,GradientBoosting_opt,sqrt,,,,,
6,score_escola_publica,quantile_median_ord,MLP_opt,boxcox,,,,,
6,score_escola_publica,quantile_median_ord,RandomForest_opt,sqrt,,,,,
6,score_escola_publica,raw_zero_ord,HistGB_opt,none,,,,,
6,score_escola_publica,minmax_mean_ohe,Linear,boxcox,,,,,
6,score_escola_publica,power_median_ohe,CatBoost_opt,none,,,,,
6,score_escola_publica,raw_zero_ord,KNN_opt,yeojohnson,,,,,
6,score_escola_publica,raw_zero_ord,SVR_opt,sqrt,,,,,
6,score_escola_publica,quantile_median_ord,GradientBoosting_opt,none,,,,,
6,score_escola_publica,quantile_median_ord,LightGBM_opt,boxcox,,,,,
6,score_escola_publica,power_median_ohe,Ridge_opt,sqrt,,,,,
6,score_escola_publica,raw_zero_ord,SVR_opt,none,,,,,
6,score_escola_publica,robust_median_ohe,Ridge_opt,log,,,,,
6,score_escola_publica,std_median_ohe,RandomForest_opt,log,,,,,
6,score_escola_publica,std_median_ohe,Ridge_opt,boxcox,,,,,
6,score_escola_publica,power_median_ohe,MLP_opt,boxcox,,,,,
6,score_escola_publica,robust_median_ohe,HistGB_opt,sqrt,,,,,
6,score_escola_publica,robust_median_ohe,GradientBoosting_opt,yeojohnson,,,,,
6,score_escola_publica,std_median_ohe,Linear,boxcox,,,,,
6,score_escola_publica,minmax_mean_ohe,KNN_opt,sqrt,,,,,
6,score_escola_publica,robust_median_ohe,MLP_opt,none,,,,,
6,score_escola_publica,quantile_median_ord,SVR_opt,none,,,,,
6,score_escola_publica,minmax_mean_ohe,MLP_opt,boxcox,,,,,
6,score_escola_publica,power_median_ohe,GradientBoosting_opt,none,,,,,
6,score_escola_publica,power_median_ohe,LightGBM_opt,boxcox,,,,,
6,score_escola_publica,raw_zero_ord,Ridge_opt,yeojohnson,,,,,
6,score_escola_publica,raw_zero_ord,Ridge_opt,sqrt,,,,,
6,score_escola_publica,raw_zero_ord,RandomForest_opt,sqrt,,,,,
6,score_escola_publica,quantile_median_ord,MLP_opt,sqrt,,,,,
6,score_escola_publica,quantile_median_ord,KNN_opt,boxcox,,,,,
6,score_escola_publica,power_median_ohe,HistGB_opt,log,,,,,
6,score_escola_publica,raw_zero_ord,RandomForest_opt,none,,,,,
6,score_escola_publica,std_median_ohe,RandomForest_opt,none,,,,,
6,score_escola_publica,std_median_ohe,SVR_opt,log,,,,,
6,score_escola_publica,robust_median_ohe,RandomForest_opt,log,,,,,
6,score_escola_publica,minmax_mean_ohe,Linear,log,,,,,
6,score_escola_publica,std_median_ohe,MLP_opt,boxcox,,,,,
6,score_escola_publica,robust_median_ohe,KNN_opt,yeojohnson,,,,,
6,score_escola_publica,std_median_ohe,Linear,log,,,,,
6,score_escola_publica,minmax_mean_ohe,SVR_opt,sqrt,,,,,
6,score_escola_publica,minmax_mean_ohe,Ridge_opt,yeojohnson,,,,,
6,score_escola_publica,quantile_median_ord,CatBoost_opt,none,,,,,
6,score_escola_publica,quantile_median_ord,CatBoost_opt,log,,,,,
6,score_escola_publica,minmax_mean_ohe,MLP_opt,none,,,,,
6,score_escola_publica,power_median_ohe,KNN_opt,boxcox,,,,,
6,score_escola_publica,raw_zero_ord,HistGB_opt,log,,,,,
6,score_escola_publica,quantile_median_ord,Ridge_opt,boxcox,,,,,
6,score_escola_publica,power_median_ohe,SVR_opt,log,,,,,
6,score_escola_publica,raw_zero_ord,LightGBM_opt,none,,,,,
6,score_escola_publica,quantile_median_ord,Linear,log,,,,,
6,score_escola_publica,raw_zero_ord,SVR_opt,boxcox,,,,,
6,score_escola_publica,std_median_ohe,Ridge_opt,yeojohnson,,,,,
6,score_escola_publica,std_median_ohe,CatBoost_opt,none,,,,,
6,score_escola_publica,std_median_ohe,CatBoost_opt,sqrt,,,,,
6,score_escola_publica,robust_median_ohe,GradientBoosting_opt,log,,,,,
6,score_escola_publica,minmax_mean_ohe,Linear,none,,,,,
6,score_escola_publica,robust_median_ohe,SVR_opt,yeojohnson,,,,,
6,score_escola_publica,minmax_mean_ohe,Ridge_opt,log,,,,,
6,score_escola_publica,minmax_mean_ohe,CatBoost_opt,sqrt,,,,,
6,score_escola_publica,minmax_mean_ohe,RandomForest_opt,yeojohnson,,,,,
6,score_escola_publica,quantile_median_ord,LightGBM_opt,none,,,,,
6,score_escola_publica,quantile_median_ord,LightGBM_opt,yeojohnson,,,,,
6,score_escola_publica,power_median_ohe,Ridge_opt,boxcox,,,,,
6,score_escola_publica,raw_zero_ord,SVR_opt,log,,,,,
6,score_escola_publica,power_median_ohe,RandomForest_opt,log,,,,,
6,score_escola_publica,power_median_ohe,CatBoost_opt,yeojohnson,,,,,
6,score_escola_publica,raw_zero_ord,RandomForest_opt,boxcox,,,,,
6,score_escola_publica,robust_median_ohe,KNN_opt,log,,,,,
6,score_escola_publica,std_median_ohe,RandomForest_opt,yeojohnson,,,,,
6,score_escola_publica,std_median_ohe,SVR_opt,none,,,,,
6,score_escola_publica,std_median_ohe,KNN_opt,none,,,,,
6,score_escola_publica,robust_median_ohe,Ridge_opt,boxcox,,,,,
6,score_escola_publica,robust_median_ohe,CatBoost_opt,yeojohnson,,,,,
6,score_escola_publica,minmax_mean_ohe,RandomForest_opt,log,,,,,
6,score_escola_publica,minmax_mean_ohe,LightGBM_opt,sqrt,,,,,
6,score_escola_publica,minmax_mean_ohe,GradientBoosting_opt,yeojohnson,,,,,
6,score_escola_publica,quantile_median_ord,HistGB_opt,none,,,,,
6,score_escola_publica,power_median_ohe,HistGB_opt,sqrt,,,,,
6,score_escola_publica,raw_zero_ord,RandomForest_opt,log,,,,,
6,score_escola_publica,raw_zero_ord,HistGB_opt,yeojohnson,,,,,
6,score_escola_publica,quantile_median_ord,CatBoost_opt,sqrt,,,,,
6,score_escola_publica,power_median_ohe,GradientBoosting_opt,yeojohnson,,,,,
6,score_escola_publica,robust_median_ohe,Linear,none,,,,,
6,score_escola_publica,quantile_median_ord,Ridge_opt,yeojohnson,,,,,
6,score_escola_publica,robust_median_ohe,SVR_opt,log,,,,,
6,score_escola_publica,std_median_ohe,GradientBoosting_opt,log,,,,,
6,score_escola_publica,robust_median_ohe,MLP_opt,sqrt,,,,,
6,score_escola_publica,std_median_ohe,GradientBoosting_opt,yeojohnson,,,,,
6,score_escola_publica,robust_median_ohe,RandomForest_opt,boxcox,,,,,
6,score_escola_publica,robust_median_ohe,LightGBM_opt,yeojohnson,,,,,
6,score_escola_publica,minmax_mean_ohe,GradientBoosting_opt,log,,,,,
6,score_escola_publica,minmax_mean_ohe,HistGB_opt,sqrt,,,,,
6,score_escola_publica,minmax_mean_ohe,KNN_opt,yeojohnson,,,,,
6,score_escola_publica,robust_median_ohe,Linear,sqrt,,,,,
6,score_escola_publica,quantile_median_ord,GradientBoosting_opt,sqrt,,,,,
6,score_escola_publica,raw_zero_ord,Linear,sqrt,,,,,
6,score_escola_publica,raw_zero_ord,SVR_opt,yeojohnson,,,,,
6,score_escola_publica,power_median_ohe,LightGBM_opt,none,,,,,
6,score_escola_publica,raw_zero_ord,HistGB_opt,boxcox,,,,,
6,score_escola_publica,raw_zero_ord,CatBoost_opt,sqrt,,,,,
6,score_escola_publica,quantile_median_ord,KNN_opt,none,,,,,
6,score_escola_publica,quantile_median_ord,HistGB_opt,boxcox,,,,,
6,score_escola_publica,power_median_ohe,RandomForest_opt,sqrt,,,,,
6,score_escola_publica,std_median_ohe,KNN_opt,yeojohnson,,,,,
6,score_escola_publica,std_median_ohe,MLP_opt,none,,,,,
6,score_escola_publica,std_median_ohe,HistGB_opt,sqrt,,,,,
6,score_escola_publica,robust_median_ohe,LightGBM_opt,log,,,,,
6,score_escola_publica,robust_median_ohe,GradientBoosting_opt,boxcox,,,,,
6,score_escola_publica,robust_median_ohe,HistGB_opt,yeojohnson,,,,,
6,score_escola_publica,minmax_mean_ohe,KNN_opt,log,,,,,
6,score_escola_publica,std_median_ohe,Linear,none,,,,,
6,score_escola_publica,minmax_mean_ohe,SVR_opt,yeojohnson,,,,,
6,score_escola_publica,raw_zero_ord,Linear,none,,,,,
6,score_escola_publica,power_median_ohe,MLP_opt,log,,,,,
6,score_escola_publica,power_median_ohe,KNN_opt,none,,,,,
6,score_escola_publica,raw_zero_ord,RandomForest_opt,yeojohnson,,,,,
6,score_escola_publica,power_median_ohe,HistGB_opt,boxcox,,,,,
6,score_escola_publica,raw_zero_ord,GradientBoosting_opt,sqrt,,,,,
6,score_escola_publica,quantile_median_ord,SVR_opt,boxcox,,,,,
6,score_escola_publica,power_median_ohe,MLP_opt,sqrt,,,,,
6,score_escola_publica,raw_zero_ord,GradientBoosting_opt,none,,,,,
6,score_escola_publica,robust_median_ohe,HistGB_opt,log,,,,,
6,score_escola_publica,std_median_ohe,SVR_opt,yeojohnson,,,,,
6,score_escola_publica,std_median_ohe,KNN_opt,log,,,,,
6,score_escola_publica,quantile_median_ord,MLP_opt,none,,,,,
6,score_escola_publica,robust_median_ohe,KNN_opt,boxcox,,,,,
6,score_escola_publica,minmax_mean_ohe,Linear,sqrt,,,,,
6,score_escola_publica,minmax_mean_ohe,SVR_opt,log,,,,,
6,score_escola_publica,minmax_mean_ohe,MLP_opt,sqrt,,,,,
6,score_escola_publica,minmax_mean_ohe,CatBoost_opt,yeojohnson,,,,,
6,score_escola_publica,quantile_median_ord,Ridge_opt,log,,,,,
6,score_escola_publica,quantile_median_ord,LightGBM_opt,log,,,,,
6,score_escola_publica,power_median_ohe,Ridge_opt,none,,,,,
6,score_escola_publica,power_median_ohe,SVR_opt,boxcox,,,,,
6,score_escola_publica,quantile_median_ord,MLP_opt,log,,,,,
6,score_escola_publica,minmax_mean_ohe,HistGB_opt,yeojohnson,,,,,
6,score_escola_publica,quantile_median_ord,RandomForest_opt,boxcox,,,,,
6,score_escola_publica,power_median_ohe,CatBoost_opt,log,,,,,
6,score_escola_publica,minmax_mean_ohe,Linear,yeojohnson,,,,,
6,score_escola_publica,raw_zero_ord,MLP_opt,boxcox,,,,,
6,score_escola_publica,raw_zero_ord,CatBoost_opt,boxcox,,,,,
6,score_escola_publica,raw_zero_ord,Linear,log,,,,,
6,score_escola_publica,std_median_ohe,CatBoost_opt,yeojohnson,,,,,
6,score_escola_publica,std_median_ohe,Ridge_opt,log,,,,,
6,score_escola_publica,std_median_ohe,Linear,yeojohnson,,,,,
6,score_escola_publica,robust_median_ohe,CatBoost_opt,log,,,,,
6,score_escola_publica,robust_median_ohe,SVR_opt,boxcox,,,,,
6,score_escola_publica,std_median_ohe,MLP_opt,yeojohnson,,,,,
6,score_escola_publica,minmax_mean_ohe,CatBoost_opt,log,,,,,
6,score_escola_publica,minmax_mean_ohe,Ridge_opt,boxcox,,,,,
6,score_escola_publica,raw_zero_ord,MLP_opt,yeojohnson,,,,,
6,score_escola_publica,minmax_mean_ohe,LightGBM_opt,yeojohnson,,,,,
6,score_escola_publica,quantile_median_ord,KNN_opt,log,,,,,
6,score_escola_publica,quantile_median_ord,HistGB_opt,yeojohnson,,,,,
6,score_escola_publica,power_median_ohe,RandomForest_opt,boxcox,,,,,
6,score_escola_publica,raw_zero_ord,CatBoost_opt,log,,,,,
6,score_escola_publica,power_median_ohe,GradientBoosting_opt,log,,,,,
6,score_escola_publica,power_median_ohe,LightGBM_opt,yeojohnson,,,,,
6,score_escola_publica,raw_zero_ord,GradientBoosting_opt,boxcox,,,,,
6,score_escola_publica,std_median_ohe,MLP_opt,sqrt,,,,,
6,score_escola_publica,std_median_ohe,GradientBoosting_opt,sqrt,,,,,
6,score_escola_publica,std_median_ohe,LightGBM_opt,yeojohnson,,,,,
6,score_escola_publica,minmax_mean_ohe,Ridge_opt,none,,,,,
6,score_escola_publica,minmax_mean_ohe,RandomForest_opt,boxcox,,,,,
6,score_escola_publica,quantile_median_ord,GradientBoosting_opt,log,,,,,
6,score_escola_publica,quantile_median_ord,KNN_opt,yeojohnson,,,,,
6,score_escola_publica,quantile_median_ord,SVR_opt,yeojohnson,,,,,
6,score_escola_publica,power_median_ohe,SVR_opt,sqrt,,,,,
6,score_escola_publica,robust_median_ohe,MLP_opt,log,,,,,
6,score_escola_publica,raw_zero_ord,GradientBoosting_opt,log,,,,,
6,score_escola_publica,minmax_mean_ohe,MLP_opt,yeojohnson,,,,,
6,score_escola_publica,quantile_median_ord,LightGBM_opt,sqrt,,,,,
6,score_escola_publica,std_median_ohe,Linear,sqrt,,,,,
6,score_escola_publica,raw_zero_ord,CatBoost_opt,none,,,,,
6,score_escola_publica,power_median_ohe,KNN_opt,yeojohnson,,,,,
6,score_escola_publica,raw_zero_ord,MLP_opt,sqrt,,,,,
6,score_escola_publica,robust_median_ohe,Linear,log,,,,,
6,score_escola_publica,quantile_median_ord,Linear,none,,,,,
6,score_escola_publica,quantile_median_ord,MLP_opt,yeojohnson,,,,,
6,score_escola_publica,quantile_median_ord,Linear,sqrt,,,,,
6,score_escola_publica,robust_median_ohe,MLP_opt,yeojohnson,,,,,
6,score_escola_publica,power_median_ohe,MLP_opt,none,,,,,
6,score_escola_publica,power_median_ohe,MLP_opt,yeojohnson,,,,,
6,score_escola_publica,power_median_ohe,Linear,none,,,,,
6,score_escola_publica,power_median_ohe,Linear,log,,,,,
6,score_escola_publica,quantile_median_ord,Linear,yeojohnson,,,,,
6,score_escola_publica,robust_median_ohe,Linear,yeojohnson,,,,,
6,score_escola_publica,power_median_ohe,Linear,sqrt,,,,,
6,score_escola_publica,raw_zero_ord,Linear,yeojohnson,,,,,
6,score_escola_publica,power_median_ohe,Linear,yeojohnson,,,,,
6,score_escola_publica,quantile_median_ord,Ridge_opt,sqrt,,,,,
7,score_hospitais,quantile_median_ord,Ridge_opt,yeojohnson,,,,,
7,score_hospitais,std_median_ohe,LightGBM_opt,log,,,,,
7,score_hospitais,robust_median_ohe,KNN_opt,sqrt,,,,,
7,score_hospitais,robust_median_ohe,LightGBM_opt,none,,,,,
7,score_hospitais,robust_median_ohe,CatBoost_opt,log,,,,,
7,score_hospitais,robust_median_ohe,KNN_opt,boxcox,,,,,
7,score_hospitais,minmax_mean_ohe,CatBoost_opt,log,,,,,
7,score_hospitais,minmax_mean_ohe,RandomForest_opt,boxcox,,,,,
7,score_hospitais,minmax_mean_ohe,LightGBM_opt,yeojohnson,,,,,
7,score_hospitais,quantile_median_ord,GradientBoosting_opt,log,,,,,
7,score_hospitais,raw_zero_ord,HistGB_opt,none,,,,,
7,score_hospitais,quantile_median_ord,GradientBoosting_opt,sqrt,,,,,
7,score_hospitais,raw_zero_ord,RandomForest_opt,yeojohnson,,,,,
7,score_hospitais,minmax_mean_ohe,KNN_opt,yeojohnson,,,,,
7,score_hospitais,power_median_ohe,LightGBM_opt,none,,,,,
7,score_hospitais,raw_zero_ord,GradientBoosting_opt,sqrt,,,,,
7,score_hospitais,raw_zero_ord,CatBoost_opt,boxcox,,,,,
7,score_hospitais,quantile_median_ord,KNN_opt,none,,,,,
7,score_hospitais,quantile_median_ord,HistGB_opt,boxcox,,,,,
7,score_hospitais,power_median_ohe,Ridge_opt,sqrt,,,,,
7,score_hospitais,robust_median_ohe,GradientBoosting_opt,none,,,,,
7,score_hospitais,robust_median_ohe,HistGB_opt,none,,,,,
7,score_hospitais,std_median_ohe,Ridge_opt,yeojohnson,,,,,
7,score_hospitais,robust_median_ohe,SVR_opt,boxcox,,,,,
7,score_hospitais,minmax_mean_ohe,Ridge_opt,none,,,,,
7,score_hospitais,minmax_mean_ohe,LightGBM_opt,log,,,,,
7,score_hospitais,minmax_mean_ohe,GradientBoosting_opt,boxcox,,,,,
7,score_hospitais,minmax_mean_ohe,HistGB_opt,yeojohnson,,,,,
7,score_hospitais,quantile_median_ord,KNN_opt,log,,,,,
7,score_hospitais,power_median_ohe,KNN_opt,none,,,,,
7,score_hospitais,power_median_ohe,LightGBM_opt,boxcox,,,,,
7,score_hospitais,quantile_median_ord,SVR_opt,boxcox,,,,,
7,score_hospitais,power_median_ohe,HistGB_opt,log,,,,,
7,score_hospitais,raw_zero_ord,RandomForest_opt,none,,,,,
7,score_hospitais,robust_median_ohe,SVR_opt,none,,,,,
7,score_hospitais,std_median_ohe,LightGBM_opt,sqrt,,,,,
7,score_hospitais,robust_median_ohe,CatBoost_opt,boxcox,,,,,
7,score_hospitais,minmax_mean_ohe,RandomForest_opt,none,,,,,
7,score_hospitais,minmax_mean_ohe,HistGB_opt,log,,,,,
7,score_hospitais,minmax_mean_ohe,KNN_opt,boxcox,,,,,
7,score_hospitais,minmax_mean_ohe,HistGB_opt,boxcox,,,,,
7,score_hospitais,quantile_median_ord,SVR_opt,log,,,,,
7,score_hospitais,quantile_median_ord,LightGBM_opt,log,,,,,
7,score_hospitais,power_median_ohe,Ridge_opt,none,,,,,
7,score_hospitais,power_median_ohe,KNN_opt,boxcox,,,,,
7,score_hospitais,raw_zero_ord,HistGB_opt,log,,,,,
7,score_hospitais,quantile_median_ord,RandomForest_opt,boxcox,,,,,
7,score_hospitais,power_median_ohe,SVR_opt,log,,,,,
7,score_hospitais,raw_zero_ord,GradientBoosting_opt,boxcox,,,,,
7,score_hospitais,robust_median_ohe,KNN_opt,none,,,,,
7,score_hospitais,raw_zero_ord,Linear,boxcox,,,,,
7,score_hospitais,robust_median_ohe,LightGBM_opt,boxcox,,,,,
7,score_hospitais,minmax_mean_ohe,GradientBoosting_opt,none,,,,,
7,score_hospitais,minmax_mean_ohe,SVR_opt,boxcox,,,,,
7,score_hospitais,quantile_median_ord,CatBoost_opt,log,,,,,
7,score_hospitais,quantile_median_ord,Ridge_opt,boxcox,,,,,
7,score_hospitais,quantile_median_ord,HistGB_opt,yeojohnson,,,,,
7,score_hospitais,power_median_ohe,Ridge_opt,boxcox,,,,,
7,score_hospitais,raw_zero_ord,SVR_opt,log,,,,,
7,score_hospitais,power_median_ohe,RandomForest_opt,log,,,,,
7,score_hospitais,power_median_ohe,CatBoost_opt,yeojohnson,,,,,
7,score_hospitais,quantile_median_ord,Ridge_opt,log,,,,,
7,score_hospitais,std_median_ohe,RandomForest_opt,log,,,,,
7,score_hospitais,std_median_ohe,HistGB_opt,boxcox,,,,,
7,score_hospitais,std_median_ohe,GradientBoosting_opt,yeojohnson,,,,,
7,score_hospitais,robust_median_ohe,Ridge_opt,log,,,,,
7,score_hospitais,robust_median_ohe,RandomForest_opt,none,,,,,
7,score_hospitais,robust_median_ohe,HistGB_opt,boxcox,,,,,
7,score_hospitais,minmax_mean_ohe,KNN_opt,none,,,,,
7,score_hospitais,minmax_mean_ohe,CatBoost_opt,boxcox,,,,,
7,score_hospitais,quantile_median_ord,Ridge_opt,none,,,,,
7,score_hospitais,quantile_median_ord,SVR_opt,yeojohnson,,,,,
7,score_hospitais,power_median_ohe,HistGB_opt,sqrt,,,,,
7,score_hospitais,raw_zero_ord,RandomForest_opt,log,,,,,
7,score_hospitais,raw_zero_ord,CatBoost_opt,yeojohnson,,,,,
7,score_hospitais,quantile_median_ord,LightGBM_opt,sqrt,,,,,
7,score_hospitais,std_median_ohe,Linear,boxcox,,,,,
7,score_hospitais,power_median_ohe,GradientBoosting_opt,yeojohnson,,,,,
7,score_hospitais,raw_zero_ord,LightGBM_opt,sqrt,,,,,
7,score_hospitais,raw_zero_ord,CatBoost_opt,none,,,,,
7,score_hospitais,quantile_median_ord,HistGB_opt,none,,,,,
7,score_hospitais,quantile_median_ord,RandomForest_opt,yeojohnson,,,,,
7,score_hospitais,robust_median_ohe,Ridge_opt,none,,,,,
7,score_hospitais,robust_median_ohe,RandomForest_opt,log,,,,,
7,score_hospitais,std_median_ohe,KNN_opt,log,,,,,
7,score_hospitais,std_median_ohe,MLP_opt,log,,,,,
7,score_hospitais,minmax_mean_ohe,SVR_opt,none,,,,,
7,score_hospitais,minmax_mean_ohe,Ridge_opt,sqrt,,,,,
7,score_hospitais,minmax_mean_ohe,LightGBM_opt,boxcox,,,,,
7,score_hospitais,quantile_median_ord,RandomForest_opt,none,,,,,
7,score_hospitais,raw_zero_ord,MLP_opt,sqrt,,,,,
7,score_hospitais,quantile_median_ord,HistGB_opt,log,,,,,
7,score_hospitais,power_median_ohe,SVR_opt,sqrt,,,,,
7,score_hospitais,quantile_median_ord,KNN_opt,sqrt,,,,,
7,score_hospitais,raw_zero_ord,GradientBoosting_opt,yeojohnson,,,,,
7,score_hospitais,minmax_mean_ohe,SVR_opt,yeojohnson,,,,,
7,score_hospitais,std_median_ohe,MLP_opt,boxcox,,,,,
7,score_hospitais,power_median_ohe,HistGB_opt,none,,,,,
7,score_hospitais,raw_zero_ord,KNN_opt,sqrt,,,,,
7,score_hospitais,robust_median_ohe,Linear,boxcox,,,,,
7,score_hospitais,quantile_median_ord,SVR_opt,none,,,,,
7,score_hospitais,power_median_ohe,RandomForest_opt,sqrt,,,,,
7,score_hospitais,std_median_ohe,SVR_opt,yeojohnson,,,,,
7,score_hospitais,robust_median_ohe,GradientBoosting_opt,log,,,,,
7,score_hospitais,std_median_ohe,CatBoost_opt,none,,,,,
7,score_hospitais,std_median_ohe,GradientBoosting_opt,log,,,,,
7,score_hospitais,std_median_ohe,KNN_opt,boxcox,,,,,
7,score_hospitais,minmax_mean_ohe,MLP_opt,log,,,,,
7,score_hospitais,std_median_ohe,LightGBM_opt,boxcox,,,,,
7,score_hospitais,robust_median_ohe,SVR_opt,sqrt,,,,,
7,score_hospitais,minmax_mean_ohe,CatBoost_opt,none,,,,,
7,score_hospitais,minmax_mean_ohe,RandomForest_opt,sqrt,,,,,
7,score_hospitais,quantile_median_ord,Ridge_opt,sqrt,,,,,
7,score_hospitais,power_median_ohe,MLP_opt,boxcox,,,,,
7,score_hospitais,robust_median_ohe,MLP_opt,none,,,,,
7,score_hospitais,quantile_median_ord,Linear,boxcox,,,,,
7,score_hospitais,power_median_ohe,SVR_opt,none,,,,,
7,score_hospitais,power_median_ohe,HistGB_opt,boxcox,,,,,
7,score_hospitais,raw_zero_ord,Ridge_opt,sqrt,,,,,
7,score_hospitais,quantile_median_ord,CatBoost_opt,boxcox,,,,,
7,score_hospitais,raw_zero_ord,GradientBoosting_opt,none,,,,,
7,score_hospitais,robust_median_ohe,KNN_opt,log,,,,,
7,score_hospitais,std_median_ohe,RandomForest_opt,none,,,,,
7,score_hospitais,std_median_ohe,HistGB_opt,sqrt,,,,,
7,score_hospitais,std_median_ohe,CatBoost_opt,boxcox,,,,,
7,score_hospitais,std_median_ohe,CatBoost_opt,yeojohnson,,,,,
7,score_hospitais,robust_median_ohe,CatBoost_opt,sqrt,,,,,
7,score_hospitais,raw_zero_ord,MLP_opt,boxcox,,,,,
7,score_hospitais,robust_median_ohe,Ridge_opt,yeojohnson,,,,,
7,score_hospitais,robust_median_ohe,MLP_opt,boxcox,,,,,
7,score_hospitais,minmax_mean_ohe,LightGBM_opt,none,,,,,
7,score_hospitais,minmax_mean_ohe,GradientBoosting_opt,sqrt,,,,,
7,score_hospitais,power_median_ohe,RandomForest_opt,none,,,,,
7,score_hospitais,power_median_ohe,SVR_opt,boxcox,,,,,
7,score_hospitais,quantile_median_ord,GradientBoosting_opt,boxcox,,,,,
7,score_hospitais,power_median_ohe,CatBoost_opt,log,,,,,
7,score_hospitais,raw_zero_ord,KNN_opt,boxcox,,,,,
7,score_hospitais,std_median_ohe,GradientBoosting_opt,none,,,,,
7,score_hospitais,std_median_ohe,HistGB_opt,log,,,,,
7,score_hospitais,std_median_ohe,GradientBoosting_opt,boxcox,,,,,
7,score_hospitais,robust_median_ohe,CatBoost_opt,none,,,,,
7,score_hospitais,robust_median_ohe,LightGBM_opt,sqrt,,,,,
7,score_hospitais,robust_median_ohe,SVR_opt,log,,,,,
7,score_hospitais,std_median_ohe,LightGBM_opt,yeojohnson,,,,,
7,score_hospitais,minmax_mean_ohe,Linear,boxcox,,,,,
7,score_hospitais,robust_median_ohe,RandomForest_opt,yeojohnson,,,,,
7,score_hospitais,minmax_mean_ohe,HistGB_opt,none,,,,,
7,score_hospitais,minmax_mean_ohe,KNN_opt,sqrt,,,,,
7,score_hospitais,power_median_ohe,RandomForest_opt,boxcox,,,,,
7,score_hospitais,raw_zero_ord,CatBoost_opt,log,,,,,
7,score_hospitais,raw_zero_ord,HistGB_opt,boxcox,,,,,
7,score_hospitais,raw_zero_ord,Linear,none,,,,,
7,score_hospitais,minmax_mean_ohe,Linear,log,,,,,
7,score_hospitais,power_median_ohe,GradientBoosting_opt,log,,,,,
7,score_hospitais,quantile_median_ord,MLP_opt,log,,,,,
7,score_hospitais,power_median_ohe,LightGBM_opt,yeojohnson,,,,,
7,score_hospitais,raw_zero_ord,Ridge_opt,boxcox,,,,,
7,score_hospitais,std_median_ohe,KNN_opt,yeojohnson,,,,,
7,score_hospitais,robust_median_ohe,LightGBM_opt,log,,,,,
7,score_hospitais,std_median_ohe,LightGBM_opt,none,,,,,
7,score_hospitais,std_median_ohe,Ridge_opt,sqrt,,,,,
7,score_hospitais,std_median_ohe,RandomForest_opt,boxcox,,,,,
7,score_hospitais,robust_median_ohe,HistGB_opt,sqrt,,,,,
7,score_hospitais,robust_median_ohe,GradientBoosting_opt,yeojohnson,,,,,
7,score_hospitais,minmax_mean_ohe,SVR_opt,sqrt,,,,,
7,score_hospitais,minmax_mean_ohe,Ridge_opt,yeojohnson,,,,,
7,score_hospitais,quantile_median_ord,CatBoost_opt,yeojohnson,,,,,
7,score_hospitais,raw_zero_ord,Linear,log,,,,,
7,score_hospitais,raw_zero_ord,GradientBoosting_opt,log,,,,,
7,score_hospitais,raw_zero_ord,LightGBM_opt,yeojohnson,,,,,
7,score_hospitais,robust_median_ohe,Linear,none,,,,,
7,score_hospitais,power_median_ohe,KNN_opt,yeojohnson,,,,,
7,score_hospitais,raw_zero_ord,HistGB_opt,sqrt,,,,,
7,score_hospitais,raw_zero_ord,LightGBM_opt,boxcox,,,,,
7,score_hospitais,quantile_median_ord,MLP_opt,sqrt,,,,,
7,score_hospitais,minmax_mean_ohe,Linear,none,,,,,
7,score_hospitais,robust_median_ohe,HistGB_opt,log,,,,,
7,score_hospitais,std_median_ohe,SVR_opt,none,,,,,
7,score_hospitais,std_median_ohe,CatBoost_opt,log,,,,,
7,score_hospitais,std_median_ohe,GradientBoosting_opt,sqrt,,,,,
7,score_hospitais,quantile_median_ord,Linear,none,,,,,
7,score_hospitais,robust_median_ohe,KNN_opt,yeojohnson,,,,,
7,score_hospitais,minmax_mean_ohe,MLP_opt,none,,,,,
7,score_hospitais,minmax_mean_ohe,CatBoost_opt,sqrt,,,,,
7,score_hospitais,minmax_mean_ohe,RandomForest_opt,yeojohnson,,,,,
7,score_hospitais,power_median_ohe,CatBoost_opt,sqrt,,,,,
7,score_hospitais,raw_zero_ord,MLP_opt,none,,,,,
7,score_hospitais,raw_zero_ord,KNN_opt,yeojohnson,,,,,
7,score_hospitais,quantile_median_ord,SVR_opt,sqrt,,,,,
7,score_hospitais,minmax_mean_ohe,CatBoost_opt,yeojohnson,,,,,
7,score_hospitais,power_median_ohe,Ridge_opt,yeojohnson,,,,,
7,score_hospitais,raw_zero_ord,SVR_opt,sqrt,,,,,
7,score_hospitais,quantile_median_ord,CatBoost_opt,none,,,,,
7,score_hospitais,quantile_median_ord,MLP_opt,boxcox,,,,,
7,score_hospitais,power_median_ohe,GradientBoosting_opt,sqrt,,,,,
7,score_hospitais,robust_median_ohe,Linear,sqrt,,,,,
7,score_hospitais,std_median_ohe,MLP_opt,none,,,,,
7,score_hospitais,std_median_ohe,SVR_opt,log,,,,,
7,score_hospitais,std_median_ohe,Ridge_opt,boxcox,,,,,
7,score_hospitais,quantile_median_ord,Linear,sqrt,,,,,
7,score_hospitais,robust_median_ohe,Linear,log,,,,,
7,score_hospitais,robust_median_ohe,SVR_opt,yeojohnson,,,,,
7,score_hospitais,minmax_mean_ohe,Ridge_opt,log,,,,,
7,score_hospitais,minmax_mean_ohe,LightGBM_opt,sqrt,,,,,
7,score_hospitais,minmax_mean_ohe,GradientBoosting_opt,yeojohnson,,,,,
7,score_hospitais,minmax_mean_ohe,MLP_opt,yeojohnson,,,,,
7,score_hospitais,quantile_median_ord,RandomForest_opt,sqrt,,,,,
7,score_hospitais,raw_zero_ord,LightGBM_opt,none,,,,,
7,score_hospitais,raw_zero_ord,Ridge_opt,yeojohnson,,,,,
7,score_hospitais,power_median_ohe,CatBoost_opt,none,,,,,
7,score_hospitais,raw_zero_ord,RandomForest_opt,sqrt,,,,,
7,score_hospitais,robust_median_ohe,MLP_opt,sqrt,,,,,
7,score_hospitais,quantile_median_ord,GradientBoosting_opt,none,,,,,
7,score_hospitais,quantile_median_ord,LightGBM_opt,boxcox,,,,,
7,score_hospitais,raw_zero_ord,KNN_opt,none,,,,,
7,score_hospitais,robust_median_ohe,MLP_opt,yeojohnson,,,,,
7,score_hospitais,std_median_ohe,HistGB_opt,none,,,,,
7,score_hospitais,std_median_ohe,RandomForest_opt,sqrt,,,,,
7,score_hospitais,std_median_ohe,KNN_opt,sqrt,,,,,
7,score_hospitais,power_median_ohe,Linear,boxcox,,,,,
7,score_hospitais,std_median_ohe,RandomForest_opt,yeojohnson,,,,,
7,score_hospitais,robust_median_ohe,Ridge_opt,boxcox,,,,,
7,score_hospitais,robust_median_ohe,CatBoost_opt,yeojohnson,,,,,
7,score_hospitais,minmax_mean_ohe,RandomForest_opt,log,,,,,
7,score_hospitais,raw_zero_ord,Linear,yeojohnson,,,,,
7,score_hospitais,minmax_mean_ohe,HistGB_opt,sqrt,,,,,
7,score_hospitais,minmax_mean_ohe,MLP_opt,boxcox,,,,,
7,score_hospitais,power_median_ohe,GradientBoosting_opt,none,,,,,
7,score_hospitais,power_median_ohe,CatBoost_opt,boxcox,,,,,
7,score_hospitais,std_median_ohe,MLP_opt,sqrt,,,,,
7,score_hospitais,quantile_median_ord,KNN_opt,boxcox,,,,,
7,score_hospitais,power_median_ohe,LightGBM_opt,log,,,,,
7,score_hospitais,raw_zero_ord,Ridge_opt,none,,,,,
7,score_hospitais,raw_zero_ord,SVR_opt,boxcox,,,,,
7,score_hospitais,robust_median_ohe,Ridge_opt,sqrt,,,,,
7,score_hospitais,robust_median_ohe,MLP_opt,log,,,,,
7,score_hospitais,raw_zero_ord,MLP_opt,log,,,,,
7,score_hospitais,std_median_ohe,Ridge_opt,none,,,,,
7,score_hospitais,std_median_ohe,Ridge_opt,log,,,,,
7,score_hospitais,robust_median_ohe,RandomForest_opt,boxcox,,,,,
7,score_hospitais,robust_median_ohe,LightGBM_opt,yeojohnson,,,,,
7,score_hospitais,minmax_mean_ohe,GradientBoosting_opt,log,,,,,
7,score_hospitais,minmax_mean_ohe,KNN_opt,log,,,,,
7,score_hospitais,raw_zero_ord,MLP_opt,yeojohnson,,,,,
7,score_hospitais,power_median_ohe,MLP_opt,none,,,,,
7,score_hospitais,power_median_ohe,GradientBoosting_opt,boxcox,,,,,
7,score_hospitais,raw_zero_ord,LightGBM_opt,log,,,,,
7,score_hospitais,power_median_ohe,KNN_opt,log,,,,,
7,score_hospitais,power_median_ohe,HistGB_opt,yeojohnson,,,,,
7,score_hospitais,raw_zero_ord,RandomForest_opt,boxcox,,,,,
7,score_hospitais,std_median_ohe,HistGB_opt,yeojohnson,,,,,
7,score_hospitais,robust_median_ohe,RandomForest_opt,sqrt,,,,,
7,score_hospitais,std_median_ohe,SVR_opt,boxcox,,,,,
7,score_hospitais,std_median_ohe,KNN_opt,none,,,,,
7,score_hospitais,minmax_mean_ohe,Linear,sqrt,,,,,
7,score_hospitais,std_median_ohe,SVR_opt,sqrt,,,,,
7,score_hospitais,robust_median_ohe,GradientBoosting_opt,boxcox,,,,,
7,score_hospitais,robust_median_ohe,HistGB_opt,yeojohnson,,,,,
7,score_hospitais,std_median_ohe,Linear,log,,,,,
7,score_hospitais,minmax_mean_ohe,SVR_opt,log,,,,,
7,score_hospitais,quantile_median_ord,LightGBM_opt,yeojohnson,,,,,
7,score_hospitais,std_median_ohe,Linear,sqrt,,,,,
7,score_hospitais,raw_zero_ord,KNN_opt,log,,,,,
7,score_hospitais,raw_zero_ord,HistGB_opt,yeojohnson,,,,,
7,score_hospitais,quantile_median_ord,HistGB_opt,sqrt,,,,,
7,score_hospitais,power_median_ohe,Ridge_opt,log,,,,,
7,score_hospitais,power_median_ohe,SVR_opt,yeojohnson,,,,,
7,score_hospitais,minmax_mean_ohe,MLP_opt,sqrt,,,,,
7,score_hospitais,raw_zero_ord,Linear,sqrt,,,,,
7,score_hospitais,robust_median_ohe,GradientBoosting_opt,sqrt,,,,,
7,score_hospitais,std_median_ohe,CatBoost_opt,sqrt,,,,,
7,score_hospitais,std_median_ohe,Linear,none,,,,,
7,score_hospitais,minmax_mean_ohe,Ridge_opt,boxcox,,,,,
7,score_hospitais,quantile_median_ord,RandomForest_opt,log,,,,,
7,score_hospitais,quantile_median_ord,GradientBoosting_opt,yeojohnson,,,,,
7,score_hospitais,quantile_median_ord,KNN_opt,yeojohnson,,,,,
7,score_hospitais,power_median_ohe,KNN_opt,sqrt,,,,,
7,score_hospitais,power_median_ohe,LightGBM_opt,sqrt,,,,,
7,score_hospitais,raw_zero_ord,SVR_opt,none,,,,,
7,score_hospitais,raw_zero_ord,Ridge_opt,log,,,,,
7,score_hospitais,raw_zero_ord,SVR_opt,yeojohnson,,,,,
7,score_hospitais,quantile_median_ord,CatBoost_opt,sqrt,,,,,
7,score_hospitais,power_median_ohe,RandomForest_opt,yeojohnson,,,,,
7,score_hospitais,raw_zero_ord,CatBoost_opt,sqrt,,,,,
7,score_hospitais,quantile_median_ord,LightGBM_opt,none,,,,,
7,score_hospitais,quantile_median_ord,MLP_opt,none,,,,,
7,score_hospitais,power_median_ohe,MLP_opt,log,,,,,
7,score_hospitais,std_median_ohe,MLP_opt,yeojohnson,,,,,
7,score_hospitais,quantile_median_ord,Linear,log,,,,,
7,score_hospitais,power_median_ohe,MLP_opt,yeojohnson,,,,,
7,score_hospitais,power_median_ohe,MLP_opt,sqrt,,,,,
7,score_hospitais,quantile_median_ord,MLP_opt,yeojohnson,,,,,
7,score_hospitais,power_median_ohe,Linear,log,,,,,
7,score_hospitais,minmax_mean_ohe,Linear,yeojohnson,,,,,
7,score_hospitais,power_median_ohe,Linear,none,,,,,
7,score_hospitais,power_median_ohe,Linear,sqrt,,,,,
7,score_hospitais,std_median_ohe,Linear,yeojohnson,,,,,
7,score_hospitais,quantile_median_ord,Linear,yeojohnson,,,,,
7,score_hospitais,robust_median_ohe,Linear,yeojohnson,,,,,
7,score_hospitais,power_median_ohe,Linear,yeojohnson,,,,,
8,score_mercado,std_median_ohe,LightGBM_opt,none,,,,,
8,score_mercado,std_median_ohe,SVR_opt,boxcox,,,,,
8,score_mercado,robust_median_ohe,SVR_opt,sqrt,,,,,
8,score_mercado,robust_median_ohe,Ridge_opt,none,,,,,
8,score_mercado,robust_median_ohe,Ridge_opt,yeojohnson,,,,,
8,score_mercado,minmax_mean_ohe,CatBoost_opt,none,,,,,
8,score_mercado,minmax_mean_ohe,RandomForest_opt,sqrt,,,,,
8,score_mercado,power_median_ohe,SVR_opt,log,,,,,
8,score_mercado,raw_zero_ord,GradientBoosting_opt,boxcox,,,,,
8,score_mercado,quantile_median_ord,CatBoost_opt,yeojohnson,,,,,
8,score_mercado,raw_zero_ord,KNN_opt,log,,,,,
8,score_mercado,raw_zero_ord,HistGB_opt,yeojohnson,,,,,
8,score_mercado,quantile_median_ord,LightGBM_opt,sqrt,,,,,
8,score_mercado,power_median_ohe,RandomForest_opt,log,,,,,
8,score_mercado,std_median_ohe,GradientBoosting_opt,log,,,,,
8,score_mercado,std_median_ohe,KNN_opt,boxcox,,,,,
8,score_mercado,robust_median_ohe,Ridge_opt,log,,,,,
8,score_mercado,robust_median_ohe,CatBoost_opt,sqrt,,,,,
8,score_mercado,robust_median_ohe,RandomForest_opt,yeojohnson,,,,,
8,score_mercado,minmax_mean_ohe,LightGBM_opt,none,,,,,
8,score_mercado,minmax_mean_ohe,GradientBoosting_opt,sqrt,,,,,
8,score_mercado,quantile_median_ord,GradientBoosting_opt,yeojohnson,,,,,
8,score_mercado,power_median_ohe,HistGB_opt,sqrt,,,,,
8,score_mercado,raw_zero_ord,Ridge_opt,log,,,,,
8,score_mercado,raw_zero_ord,SVR_opt,yeojohnson,,,,,
8,score_mercado,quantile_median_ord,KNN_opt,sqrt,,,,,
8,score_mercado,power_median_ohe,GradientBoosting_opt,yeojohnson,,,,,
8,score_mercado,std_median_ohe,SVR_opt,none,,,,,
8,score_mercado,std_median_ohe,LightGBM_opt,log,,,,,
8,score_mercado,std_median_ohe,GradientBoosting_opt,boxcox,,,,,
8,score_mercado,std_median_ohe,LightGBM_opt,boxcox,,,,,
8,score_mercado,robust_median_ohe,RandomForest_opt,log,,,,,
8,score_mercado,robust_median_ohe,LightGBM_opt,sqrt,,,,,
8,score_mercado,robust_median_ohe,GradientBoosting_opt,yeojohnson,,,,,
8,score_mercado,minmax_mean_ohe,HistGB_opt,none,,,,,
8,score_mercado,minmax_mean_ohe,KNN_opt,sqrt,,,,,
8,score_mercado,quantile_median_ord,LightGBM_opt,none,,,,,
8,score_mercado,power_median_ohe,SVR_opt,sqrt,,,,,
8,score_mercado,raw_zero_ord,RandomForest_opt,yeojohnson,,,,,
8,score_mercado,minmax_mean_ohe,HistGB_opt,boxcox,,,,,
8,score_mercado,quantile_median_ord,Ridge_opt,sqrt,,,,,
8,score_mercado,raw_zero_ord,LightGBM_opt,sqrt,,,,,
8,score_mercado,power_median_ohe,CatBoost_opt,none,,,,,
8,score_mercado,quantile_median_ord,MLP_opt,boxcox,,,,,
8,score_mercado,raw_zero_ord,KNN_opt,sqrt,,,,,
8,score_mercado,std_median_ohe,HistGB_opt,yeojohnson,,,,,
8,score_mercado,std_median_ohe,SVR_opt,log,,,,,
8,score_mercado,std_median_ohe,RandomForest_opt,boxcox,,,,,
8,score_mercado,robust_median_ohe,GradientBoosting_opt,log,,,,,
8,score_mercado,robust_median_ohe,HistGB_opt,sqrt,,,,,
8,score_mercado,raw_zero_ord,MLP_opt,sqrt,,,,,
8,score_mercado,robust_median_ohe,KNN_opt,yeojohnson,,,,,
8,score_mercado,minmax_mean_ohe,SVR_opt,sqrt,,,,,
8,score_mercado,power_median_ohe,MLP_opt,boxcox,,,,,
8,score_mercado,quantile_median_ord,KNN_opt,none,,,,,
8,score_mercado,quantile_median_ord,LightGBM_opt,boxcox,,,,,
8,score_mercado,power_median_ohe,RandomForest_opt,sqrt,,,,,
8,score_mercado,raw_zero_ord,CatBoost_opt,none,,,,,
8,score_mercado,std_median_ohe,MLP_opt,sqrt,,,,,
8,score_mercado,std_median_ohe,Linear,log,,,,,
8,score_mercado,quantile_median_ord,HistGB_opt,log,,,,,
8,score_mercado,std_median_ohe,MLP_opt,log,,,,,
8,score_mercado,power_median_ohe,GradientBoosting_opt,none,,,,,
8,score_mercado,power_median_ohe,LightGBM_opt,boxcox,,,,,
8,score_mercado,raw_zero_ord,Ridge_opt,sqrt,,,,,
8,score_mercado,quantile_median_ord,Ridge_opt,none,,,,,
8,score_mercado,minmax_mean_ohe,MLP_opt,boxcox,,,,,
8,score_mercado,std_median_ohe,RandomForest_opt,log,,,,,
8,score_mercado,std_median_ohe,Linear,sqrt,,,,,
8,score_mercado,std_median_ohe,CatBoost_opt,boxcox,,,,,
8,score_mercado,robust_median_ohe,KNN_opt,log,,,,,
8,score_mercado,std_median_ohe,CatBoost_opt,yeojohnson,,,,,
8,score_mercado,robust_median_ohe,SVR_opt,yeojohnson,,,,,
8,score_mercado,robust_median_ohe,MLP_opt,none,,,,,
8,score_mercado,raw_zero_ord,MLP_opt,boxcox,,,,,
8,score_mercado,minmax_mean_ohe,CatBoost_opt,sqrt,,,,,
8,score_mercado,minmax_mean_ohe,Ridge_opt,yeojohnson,,,,,
8,score_mercado,quantile_median_ord,KNN_opt,boxcox,,,,,
8,score_mercado,raw_zero_ord,GradientBoosting_opt,none,,,,,
8,score_mercado,raw_zero_ord,LightGBM_opt,boxcox,,,,,
8,score_mercado,quantile_median_ord,LightGBM_opt,log,,,,,
8,score_mercado,power_median_ohe,KNN_opt,boxcox,,,,,
8,score_mercado,raw_zero_ord,HistGB_opt,log,,,,,
8,score_mercado,quantile_median_ord,Ridge_opt,boxcox,,,,,
8,score_mercado,std_median_ohe,KNN_opt,none,,,,,
8,score_mercado,std_median_ohe,CatBoost_opt,log,,,,,
8,score_mercado,robust_median_ohe,SVR_opt,log,,,,,
8,score_mercado,std_median_ohe,HistGB_opt,boxcox,,,,,
8,score_mercado,std_median_ohe,LightGBM_opt,yeojohnson,,,,,
8,score_mercado,robust_median_ohe,CatBoost_opt,yeojohnson,,,,,
8,score_mercado,minmax_mean_ohe,Ridge_opt,log,,,,,
8,score_mercado,minmax_mean_ohe,LightGBM_opt,sqrt,,,,,
8,score_mercado,minmax_mean_ohe,RandomForest_opt,yeojohnson,,,,,
8,score_mercado,power_median_ohe,CatBoost_opt,log,,,,,
8,score_mercado,std_median_ohe,MLP_opt,none,,,,,
8,score_mercado,quantile_median_ord,KNN_opt,log,,,,,
8,score_mercado,raw_zero_ord,KNN_opt,boxcox,,,,,
8,score_mercado,quantile_median_ord,LightGBM_opt,yeojohnson,,,,,
8,score_mercado,power_median_ohe,Ridge_opt,boxcox,,,,,
8,score_mercado,raw_zero_ord,SVR_opt,log,,,,,
8,score_mercado,minmax_mean_ohe,MLP_opt,none,,,,,
8,score_mercado,power_median_ohe,GradientBoosting_opt,log,,,,,
8,score_mercado,std_median_ohe,GradientBoosting_opt,none,,,,,
8,score_mercado,std_median_ohe,LightGBM_opt,sqrt,,,,,
8,score_mercado,robust_median_ohe,LightGBM_opt,log,,,,,
8,score_mercado,robust_median_ohe,Ridge_opt,boxcox,,,,,
8,score_mercado,robust_median_ohe,LightGBM_opt,yeojohnson,,,,,
8,score_mercado,minmax_mean_ohe,RandomForest_opt,log,,,,,
8,score_mercado,minmax_mean_ohe,HistGB_opt,sqrt,,,,,
8,score_mercado,minmax_mean_ohe,GradientBoosting_opt,yeojohnson,,,,,
8,score_mercado,robust_median_ohe,MLP_opt,sqrt,,,,,
8,score_mercado,quantile_median_ord,Ridge_opt,log,,,,,
8,score_mercado,power_median_ohe,LightGBM_opt,yeojohnson,,,,,
8,score_mercado,quantile_median_ord,KNN_opt,yeojohnson,,,,,
8,score_mercado,raw_zero_ord,Ridge_opt,boxcox,,,,,
8,score_mercado,raw_zero_ord,Linear,none,,,,,
8,score_mercado,raw_zero_ord,RandomForest_opt,log,,,,,
8,score_mercado,raw_zero_ord,CatBoost_opt,yeojohnson,,,,,
8,score_mercado,quantile_median_ord,SVR_opt,sqrt,,,,,
8,score_mercado,quantile_median_ord,MLP_opt,none,,,,,
8,score_mercado,power_median_ohe,KNN_opt,yeojohnson,,,,,
8,score_mercado,robust_median_ohe,RandomForest_opt,none,,,,,
8,score_mercado,std_median_ohe,KNN_opt,log,,,,,
8,score_mercado,std_median_ohe,KNN_opt,sqrt,,,,,
8,score_mercado,quantile_median_ord,MLP_opt,sqrt,,,,,
8,score_mercado,std_median_ohe,RandomForest_opt,yeojohnson,,,,,
8,score_mercado,robust_median_ohe,HistGB_opt,log,,,,,
8,score_mercado,robust_median_ohe,RandomForest_opt,boxcox,,,,,
8,score_mercado,robust_median_ohe,HistGB_opt,yeojohnson,,,,,
8,score_mercado,minmax_mean_ohe,GradientBoosting_opt,log,,,,,
8,score_mercado,minmax_mean_ohe,KNN_opt,yeojohnson,,,,,
8,score_mercado,quantile_median_ord,HistGB_opt,none,,,,,
8,score_mercado,quantile_median_ord,Ridge_opt,yeojohnson,,,,,
8,score_mercado,power_median_ohe,CatBoost_opt,sqrt,,,,,
8,score_mercado,raw_zero_ord,MLP_opt,none,,,,,
8,score_mercado,raw_zero_ord,GradientBoosting_opt,yeojohnson,,,,,
8,score_mercado,minmax_mean_ohe,Linear,none,,,,,
8,score_mercado,quantile_median_ord,RandomForest_opt,sqrt,,,,,
8,score_mercado,power_median_ohe,LightGBM_opt,none,,,,,
8,score_mercado,power_median_ohe,Ridge_opt,yeojohnson,,,,,
8,score_mercado,raw_zero_ord,SVR_opt,sqrt,,,,,
8,score_mercado,std_median_ohe,HistGB_opt,none,,,,,
8,score_mercado,minmax_mean_ohe,Linear,sqrt,,,,,
8,score_mercado,minmax_mean_ohe,Linear,boxcox,,,,,
8,score_mercado,robust_median_ohe,GradientBoosting_opt,none,,,,,
8,score_mercado,robust_median_ohe,GradientBoosting_opt,boxcox,,,,,
8,score_mercado,std_median_ohe,Linear,boxcox,,,,,
8,score_mercado,minmax_mean_ohe,KNN_opt,log,,,,,
8,score_mercado,minmax_mean_ohe,MLP_opt,sqrt,,,,,
8,score_mercado,minmax_mean_ohe,SVR_opt,yeojohnson,,,,,
8,score_mercado,quantile_median_ord,SVR_opt,none,,,,,
8,score_mercado,quantile_median_ord,HistGB_opt,boxcox,,,,,
8,score_mercado,power_median_ohe,GradientBoosting_opt,sqrt,,,,,
8,score_mercado,raw_zero_ord,LightGBM_opt,none,,,,,
8,score_mercado,raw_zero_ord,Ridge_opt,yeojohnson,,,,,
8,score_mercado,quantile_median_ord,Linear,none,,,,,
8,score_mercado,power_median_ohe,KNN_opt,none,,,,,
8,score_mercado,power_median_ohe,HistGB_opt,boxcox,,,,,
8,score_mercado,raw_zero_ord,RandomForest_opt,sqrt,,,,,
8,score_mercado,robust_median_ohe,CatBoost_opt,log,,,,,
8,score_mercado,std_median_ohe,CatBoost_opt,none,,,,,
8,score_mercado,robust_median_ohe,Linear,sqrt,,,,,
8,score_mercado,std_median_ohe,HistGB_opt,sqrt,,,,,
8,score_mercado,robust_median_ohe,KNN_opt,boxcox,,,,,
8,score_mercado,robust_median_ohe,MLP_opt,log,,,,,
8,score_mercado,minmax_mean_ohe,SVR_opt,log,,,,,
8,score_mercado,minmax_mean_ohe,Ridge_opt,boxcox,,,,,
8,score_mercado,minmax_mean_ohe,CatBoost_opt,yeojohnson,,,,,
8,score_mercado,quantile_median_ord,RandomForest_opt,log,,,,,
8,score_mercado,quantile_median_ord,SVR_opt,boxcox,,,,,
8,score_mercado,robust_median_ohe,Linear,log,,,,,
8,score_mercado,raw_zero_ord,KNN_opt,none,,,,,
8,score_mercado,raw_zero_ord,HistGB_opt,boxcox,,,,,
8,score_mercado,raw_zero_ord,CatBoost_opt,sqrt,,,,,
8,score_mercado,power_median_ohe,Ridge_opt,none,,,,,
8,score_mercado,power_median_ohe,SVR_opt,boxcox,,,,,
8,score_mercado,raw_zero_ord,Linear,log,,,,,
8,score_mercado,quantile_median_ord,RandomForest_opt,boxcox,,,,,
8,score_mercado,robust_median_ohe,KNN_opt,none,,,,,
8,score_mercado,std_median_ohe,Ridge_opt,log,,,,,
8,score_mercado,robust_median_ohe,Ridge_opt,sqrt,,,,,
8,score_mercado,robust_median_ohe,SVR_opt,boxcox,,,,,
8,score_mercado,minmax_mean_ohe,Ridge_opt,none,,,,,
8,score_mercado,minmax_mean_ohe,CatBoost_opt,log,,,,,
8,score_mercado,minmax_mean_ohe,RandomForest_opt,boxcox,,,,,
8,score_mercado,minmax_mean_ohe,LightGBM_opt,yeojohnson,,,,,
8,score_mercado,quantile_median_ord,GradientBoosting_opt,log,,,,,
8,score_mercado,quantile_median_ord,HistGB_opt,sqrt,,,,,
8,score_mercado,power_median_ohe,LightGBM_opt,log,,,,,
8,score_mercado,raw_zero_ord,Ridge_opt,none,,,,,
8,score_mercado,raw_zero_ord,SVR_opt,boxcox,,,,,
8,score_mercado,quantile_median_ord,SVR_opt,log,,,,,
8,score_mercado,quantile_median_ord,HistGB_opt,yeojohnson,,,,,
8,score_mercado,power_median_ohe,RandomForest_opt,boxcox,,,,,
8,score_mercado,raw_zero_ord,CatBoost_opt,log,,,,,
8,score_mercado,power_median_ohe,MLP_opt,sqrt,,,,,
8,score_mercado,std_median_ohe,MLP_opt,yeojohnson,,,,,
8,score_mercado,robust_median_ohe,SVR_opt,none,,,,,
8,score_mercado,std_median_ohe,RandomForest_opt,none,,,,,
8,score_mercado,std_median_ohe,Ridge_opt,yeojohnson,,,,,
8,score_mercado,std_median_ohe,SVR_opt,yeojohnson,,,,,
8,score_mercado,robust_median_ohe,RandomForest_opt,sqrt,,,,,
8,score_mercado,robust_median_ohe,CatBoost_opt,boxcox,,,,,
8,score_mercado,minmax_mean_ohe,RandomForest_opt,none,,,,,
8,score_mercado,minmax_mean_ohe,LightGBM_opt,log,,,,,
8,score_mercado,minmax_mean_ohe,GradientBoosting_opt,boxcox,,,,,
8,score_mercado,minmax_mean_ohe,HistGB_opt,yeojohnson,,,,,
8,score_mercado,power_median_ohe,HistGB_opt,yeojohnson,,,,,
8,score_mercado,raw_zero_ord,RandomForest_opt,boxcox,,,,,
8,score_mercado,quantile_median_ord,SVR_opt,yeojohnson,,,,,
8,score_mercado,raw_zero_ord,GradientBoosting_opt,log,,,,,
8,score_mercado,raw_zero_ord,LightGBM_opt,yeojohnson,,,,,
8,score_mercado,quantile_median_ord,CatBoost_opt,sqrt,,,,,
8,score_mercado,raw_zero_ord,HistGB_opt,sqrt,,,,,
8,score_mercado,power_median_ohe,Ridge_opt,log,,,,,
8,score_mercado,robust_median_ohe,CatBoost_opt,none,,,,,
8,score_mercado,std_median_ohe,HistGB_opt,log,,,,,
8,score_mercado,std_median_ohe,GradientBoosting_opt,sqrt,,,,,
8,score_mercado,robust_median_ohe,GradientBoosting_opt,sqrt,,,,,
8,score_mercado,power_median_ohe,Linear,none,,,,,
8,score_mercado,std_median_ohe,KNN_opt,yeojohnson,,,,,
8,score_mercado,robust_median_ohe,LightGBM_opt,boxcox,,,,,
8,score_mercado,minmax_mean_ohe,GradientBoosting_opt,none,,,,,
8,score_mercado,minmax_mean_ohe,HistGB_opt,log,,,,,
8,score_mercado,minmax_mean_ohe,KNN_opt,boxcox,,,,,
8,score_mercado,quantile_median_ord,RandomForest_opt,yeojohnson,,,,,
8,score_mercado,power_median_ohe,MLP_opt,none,,,,,
8,score_mercado,power_median_ohe,LightGBM_opt,sqrt,,,,,
8,score_mercado,raw_zero_ord,KNN_opt,yeojohnson,,,,,
8,score_mercado,quantile_median_ord,GradientBoosting_opt,sqrt,,,,,
8,score_mercado,power_median_ohe,HistGB_opt,none,,,,,
8,score_mercado,quantile_median_ord,Linear,log,,,,,
8,score_mercado,power_median_ohe,RandomForest_opt,yeojohnson,,,,,
8,score_mercado,robust_median_ohe,LightGBM_opt,none,,,,,
8,score_mercado,std_median_ohe,SVR_opt,sqrt,,,,,
8,score_mercado,quantile_median_ord,MLP_opt,yeojohnson,,,,,
8,score_mercado,robust_median_ohe,HistGB_opt,boxcox,,,,,
8,score_mercado,minmax_mean_ohe,KNN_opt,none,,,,,
8,score_mercado,raw_zero_ord,Linear,sqrt,,,,,
8,score_mercado,minmax_mean_ohe,SVR_opt,boxcox,,,,,
8,score_mercado,std_median_ohe,MLP_opt,boxcox,,,,,
8,score_mercado,quantile_median_ord,CatBoost_opt,none,,,,,
8,score_mercado,quantile_median_ord,Linear,boxcox,,,,,
8,score_mercado,power_median_ohe,KNN_opt,sqrt,,,,,
8,score_mercado,raw_zero_ord,HistGB_opt,none,,,,,
8,score_mercado,minmax_mean_ohe,LightGBM_opt,boxcox,,,,,
8,score_mercado,power_median_ohe,MLP_opt,log,,,,,
8,score_mercado,power_median_ohe,CatBoost_opt,yeojohnson,,,,,
8,score_mercado,power_median_ohe,SVR_opt,none,,,,,
8,score_mercado,robust_median_ohe,MLP_opt,yeojohnson,,,,,
8,score_mercado,raw_zero_ord,GradientBoosting_opt,sqrt,,,,,
8,score_mercado,robust_median_ohe,KNN_opt,sqrt,,,,,
8,score_mercado,robust_median_ohe,HistGB_opt,none,,,,,
8,score_mercado,std_median_ohe,Ridge_opt,none,,,,,
8,score_mercado,std_median_ohe,RandomForest_opt,sqrt,,,,,
8,score_mercado,std_median_ohe,CatBoost_opt,sqrt,,,,,
8,score_mercado,std_median_ohe,GradientBoosting_opt,yeojohnson,,,,,
8,score_mercado,power_median_ohe,Linear,boxcox,,,,,
8,score_mercado,minmax_mean_ohe,SVR_opt,none,,,,,
8,score_mercado,robust_median_ohe,Linear,boxcox,,,,,
8,score_mercado,minmax_mean_ohe,CatBoost_opt,boxcox,,,,,
8,score_mercado,quantile_median_ord,GradientBoosting_opt,none,,,,,
8,score_mercado,quantile_median_ord,CatBoost_opt,boxcox,,,,,
8,score_mercado,power_median_ohe,Ridge_opt,sqrt,,,,,
8,score_mercado,raw_zero_ord,SVR_opt,none,,,,,
8,score_mercado,raw_zero_ord,Linear,boxcox,,,,,
8,score_mercado,power_median_ohe,RandomForest_opt,none,,,,,
8,score_mercado,power_median_ohe,CatBoost_opt,boxcox,,,,,
8,score_mercado,minmax_mean_ohe,MLP_opt,log,,,,,
8,score_mercado,raw_zero_ord,MLP_opt,log,,,,,
8,score_mercado,std_median_ohe,Ridge_opt,sqrt,,,,,
8,score_mercado,std_median_ohe,Ridge_opt,boxcox,,,,,
8,score_mercado,robust_median_ohe,MLP_opt,boxcox,,,,,
8,score_mercado,minmax_mean_ohe,Ridge_opt,sqrt,,,,,
8,score_mercado,quantile_median_ord,RandomForest_opt,none,,,,,
8,score_mercado,quantile_median_ord,GradientBoosting_opt,boxcox,,,,,
8,score_mercado,power_median_ohe,KNN_opt,log,,,,,
8,score_mercado,power_median_ohe,HistGB_opt,log,,,,,
8,score_mercado,power_median_ohe,SVR_opt,yeojohnson,,,,,
8,score_mercado,raw_zero_ord,RandomForest_opt,none,,,,,
8,score_mercado,raw_zero_ord,CatBoost_opt,boxcox,,,,,
8,score_mercado,quantile_median_ord,CatBoost_opt,log,,,,,
8,score_mercado,minmax_mean_ohe,Linear,log,,,,,
8,score_mercado,power_median_ohe,GradientBoosting_opt,boxcox,,,,,
8,score_mercado,raw_zero_ord,LightGBM_opt,log,,,,,
8,score_mercado,std_median_ohe,Linear,none,,,,,
8,score_mercado,quantile_median_ord,MLP_opt,log,,,,,
8,score_mercado,robust_median_ohe,Linear,none,,,,,
8,score_mercado,raw_zero_ord,MLP_opt,yeojohnson,,,,,
8,score_mercado,quantile_median_ord,Linear,sqrt,,,,,
8,score_mercado,power_median_ohe,MLP_opt,yeojohnson,,,,,
8,score_mercado,minmax_mean_ohe,MLP_opt,yeojohnson,,,,,
8,score_mercado,power_median_ohe,Linear,log,,,,,
8,score_mercado,raw_zero_ord,Linear,yeojohnson,,,,,
8,score_mercado,std_median_ohe,Linear,yeojohnson,,,,,
8,score_mercado,power_median_ohe,Linear,sqrt,,,,,
8,score_mercado,robust_median_ohe,Linear,yeojohnson,,,,,
8,score_mercado,minmax_mean_ohe,Linear,yeojohnson,,,,,
8,score_mercado,quantile_median_ord,Linear,yeojohnson,,,,,
8,score_mercado,power_median_ohe,Linear,yeojohnson,,,,,
9,score_farmacia,std_median_ohe,CatBoost_opt,boxcox,,,,,
9,score_farmacia,robust_median_ohe,HistGB_opt,none,,,,,
9,score_farmacia,robust_median_ohe,Ridge_opt,log,,,,,
9,score_farmacia,robust_median_ohe,HistGB_opt,sqrt,,,,,
9,score_farmacia,robust_median_ohe,CatBoost_opt,yeojohnson,,,,,
9,score_farmacia,minmax_mean_ohe,SVR_opt,sqrt,,,,,
9,score_farmacia,minmax_mean_ohe,CatBoost_opt,boxcox,,,,,
9,score_farmacia,quantile_median_ord,RandomForest_opt,none,,,,,
9,score_farmacia,quantile_median_ord,CatBoost_opt,none,,,,,
9,score_farmacia,quantile_median_ord,RandomForest_opt,yeojohnson,,,,,
9,score_farmacia,power_median_ohe,LightGBM_opt,log,,,,,
9,score_farmacia,raw_zero_ord,LightGBM_opt,yeojohnson,,,,,
9,score_farmacia,raw_zero_ord,LightGBM_opt,log,,,,,
9,score_farmacia,std_median_ohe,LightGBM_opt,boxcox,,,,,
9,score_farmacia,robust_median_ohe,CatBoost_opt,sqrt,,,,,
9,score_farmacia,robust_median_ohe,GradientBoosting_opt,yeojohnson,,,,,
9,score_farmacia,minmax_mean_ohe,LightGBM_opt,boxcox,,,,,
9,score_farmacia,quantile_median_ord,GradientBoosting_opt,none,,,,,
9,score_farmacia,quantile_median_ord,RandomForest_opt,sqrt,,,,,
9,score_farmacia,power_median_ohe,KNN_opt,log,,,,,
9,score_farmacia,power_median_ohe,CatBoost_opt,yeojohnson,,,,,
9,score_farmacia,raw_zero_ord,GradientBoosting_opt,boxcox,,,,,
9,score_farmacia,power_median_ohe,LightGBM_opt,sqrt,,,,,
9,score_farmacia,raw_zero_ord,KNN_opt,yeojohnson,,,,,
9,score_farmacia,raw_zero_ord,KNN_opt,log,,,,,
9,score_farmacia,robust_median_ohe,RandomForest_opt,log,,,,,
9,score_farmacia,std_median_ohe,GradientBoosting_opt,sqrt,,,,,
9,score_farmacia,std_median_ohe,KNN_opt,sqrt,,,,,
9,score_farmacia,robust_median_ohe,Ridge_opt,none,,,,,
9,score_farmacia,robust_median_ohe,SVR_opt,yeojohnson,,,,,
9,score_farmacia,minmax_mean_ohe,Ridge_opt,log,,,,,
9,score_farmacia,minmax_mean_ohe,HistGB_opt,boxcox,,,,,
9,score_farmacia,quantile_median_ord,KNN_opt,none,,,,,
9,score_farmacia,quantile_median_ord,GradientBoosting_opt,sqrt,,,,,
9,score_farmacia,power_median_ohe,Ridge_opt,log,,,,,
9,score_farmacia,power_median_ohe,GradientBoosting_opt,yeojohnson,,,,,
9,score_farmacia,power_median_ohe,KNN_opt,sqrt,,,,,
9,score_farmacia,raw_zero_ord,Ridge_opt,yeojohnson,,,,,
9,score_farmacia,raw_zero_ord,Ridge_opt,log,,,,,
9,score_farmacia,robust_median_ohe,KNN_opt,sqrt,,,,,
9,score_farmacia,robust_median_ohe,SVR_opt,none,,,,,
9,score_farmacia,std_median_ohe,RandomForest_opt,none,,,,,
9,score_farmacia,std_median_ohe,HistGB_opt,none,,,,,
9,score_farmacia,std_median_ohe,SVR_opt,sqrt,,,,,
9,score_farmacia,std_median_ohe,Ridge_opt,boxcox,,,,,
9,score_farmacia,robust_median_ohe,KNN_opt,yeojohnson,,,,,
9,score_farmacia,minmax_mean_ohe,RandomForest_opt,none,,,,,
9,score_farmacia,minmax_mean_ohe,RandomForest_opt,log,,,,,
9,score_farmacia,minmax_mean_ohe,CatBoost_opt,sqrt,,,,,
9,score_farmacia,power_median_ohe,HistGB_opt,none,,,,,
9,score_farmacia,quantile_median_ord,GradientBoosting_opt,log,,,,,
9,score_farmacia,raw_zero_ord,LightGBM_opt,sqrt,,,,,
9,score_farmacia,raw_zero_ord,HistGB_opt,boxcox,,,,,
9,score_farmacia,raw_zero_ord,HistGB_opt,none,,,,,
9,score_farmacia,raw_zero_ord,RandomForest_opt,sqrt,,,,,
9,score_farmacia,raw_zero_ord,Ridge_opt,sqrt,,,,,
9,score_farmacia,power_median_ohe,SVR_opt,none,,,,,
9,score_farmacia,power_median_ohe,LightGBM_opt,boxcox,,,,,
9,score_farmacia,std_median_ohe,LightGBM_opt,none,,,,,
9,score_farmacia,std_median_ohe,CatBoost_opt,sqrt,,,,,
9,score_farmacia,std_median_ohe,KNN_opt,yeojohnson,,,,,
9,score_farmacia,robust_median_ohe,GradientBoosting_opt,sqrt,,,,,
9,score_farmacia,robust_median_ohe,CatBoost_opt,none,,,,,
9,score_farmacia,robust_median_ohe,GradientBoosting_opt,boxcox,,,,,
9,score_farmacia,robust_median_ohe,RandomForest_opt,yeojohnson,,,,,
9,score_farmacia,minmax_mean_ohe,GradientBoosting_opt,log,,,,,
9,score_farmacia,quantile_median_ord,Linear,boxcox,,,,,
9,score_farmacia,minmax_mean_ohe,MLP_opt,none,,,,,
9,score_farmacia,quantile_median_ord,CatBoost_opt,yeojohnson,,,,,
9,score_farmacia,raw_zero_ord,KNN_opt,sqrt,,,,,
9,score_farmacia,power_median_ohe,MLP_opt,boxcox,,,,,
9,score_farmacia,power_median_ohe,Ridge_opt,sqrt,,,,,
9,score_farmacia,raw_zero_ord,GradientBoosting_opt,none,,,,,
9,score_farmacia,raw_zero_ord,SVR_opt,boxcox,,,,,
9,score_farmacia,raw_zero_ord,SVR_opt,none,,,,,
9,score_farmacia,minmax_mean_ohe,Linear,none,,,,,
9,score_farmacia,quantile_median_ord,LightGBM_opt,sqrt,,,,,
9,score_farmacia,power_median_ohe,RandomForest_opt,none,,,,,
9,score_farmacia,power_median_ohe,KNN_opt,boxcox,,,,,
9,score_farmacia,minmax_mean_ohe,MLP_opt,boxcox,,,,,
9,score_farmacia,std_median_ohe,CatBoost_opt,none,,,,,
9,score_farmacia,std_median_ohe,RandomForest_opt,yeojohnson,,,,,
9,score_farmacia,robust_median_ohe,SVR_opt,sqrt,,,,,
9,score_farmacia,robust_median_ohe,Ridge_opt,yeojohnson,,,,,
9,score_farmacia,minmax_mean_ohe,GradientBoosting_opt,none,,,,,
9,score_farmacia,minmax_mean_ohe,KNN_opt,log,,,,,
9,score_farmacia,minmax_mean_ohe,Ridge_opt,yeojohnson,,,,,
9,score_farmacia,raw_zero_ord,MLP_opt,sqrt,,,,,
9,score_farmacia,quantile_median_ord,LightGBM_opt,none,,,,,
9,score_farmacia,quantile_median_ord,LightGBM_opt,log,,,,,
9,score_farmacia,quantile_median_ord,GradientBoosting_opt,yeojohnson,,,,,
9,score_farmacia,power_median_ohe,HistGB_opt,log,,,,,
9,score_farmacia,quantile_median_ord,KNN_opt,sqrt,,,,,
9,score_farmacia,quantile_median_ord,CatBoost_opt,log,,,,,
9,score_farmacia,power_median_ohe,Ridge_opt,boxcox,,,,,
9,score_farmacia,raw_zero_ord,HistGB_opt,yeojohnson,,,,,
9,score_farmacia,raw_zero_ord,HistGB_opt,log,,,,,
9,score_farmacia,std_median_ohe,SVR_opt,none,,,,,
9,score_farmacia,robust_median_ohe,MLP_opt,sqrt,,,,,
9,score_farmacia,robust_median_ohe,MLP_opt,none,,,,,
9,score_farmacia,robust_median_ohe,RandomForest_opt,sqrt,,,,,
9,score_farmacia,std_median_ohe,GradientBoosting_opt,yeojohnson,,,,,
9,score_farmacia,robust_median_ohe,SVR_opt,boxcox,,,,,
9,score_farmacia,robust_median_ohe,LightGBM_opt,yeojohnson,,,,,
9,score_farmacia,minmax_mean_ohe,SVR_opt,log,,,,,
9,score_farmacia,quantile_median_ord,MLP_opt,boxcox,,,,,
9,score_farmacia,power_median_ohe,SVR_opt,log,,,,,
9,score_farmacia,power_median_ohe,LightGBM_opt,yeojohnson,,,,,
9,score_farmacia,raw_zero_ord,KNN_opt,boxcox,,,,,
9,score_farmacia,quantile_median_ord,Ridge_opt,sqrt,,,,,
9,score_farmacia,power_median_ohe,HistGB_opt,sqrt,,,,,
9,score_farmacia,raw_zero_ord,SVR_opt,yeojohnson,,,,,
9,score_farmacia,raw_zero_ord,SVR_opt,log,,,,,
9,score_farmacia,std_median_ohe,MLP_opt,log,,,,,
9,score_farmacia,std_median_ohe,HistGB_opt,yeojohnson,,,,,
9,score_farmacia,robust_median_ohe,LightGBM_opt,none,,,,,
9,score_farmacia,std_median_ohe,Ridge_opt,log,,,,,
9,score_farmacia,std_median_ohe,HistGB_opt,sqrt,,,,,
9,score_farmacia,robust_median_ohe,Ridge_opt,sqrt,,,,,
9,score_farmacia,robust_median_ohe,CatBoost_opt,boxcox,,,,,
9,score_farmacia,minmax_mean_ohe,Ridge_opt,none,,,,,
9,score_farmacia,minmax_mean_ohe,CatBoost_opt,log,,,,,
9,score_farmacia,minmax_mean_ohe,HistGB_opt,sqrt,,,,,
9,score_farmacia,quantile_median_ord,LightGBM_opt,boxcox,,,,,
9,score_farmacia,power_median_ohe,RandomForest_opt,log,,,,,
9,score_farmacia,power_median_ohe,KNN_opt,yeojohnson,,,,,
9,score_farmacia,raw_zero_ord,Ridge_opt,boxcox,,,,,
9,score_farmacia,power_median_ohe,SVR_opt,sqrt,,,,,
9,score_farmacia,raw_zero_ord,Linear,log,,,,,
9,score_farmacia,raw_zero_ord,RandomForest_opt,yeojohnson,,,,,
9,score_farmacia,raw_zero_ord,RandomForest_opt,log,,,,,
9,score_farmacia,quantile_median_ord,KNN_opt,boxcox,,,,,
9,score_farmacia,std_median_ohe,KNN_opt,none,,,,,
9,score_farmacia,std_median_ohe,CatBoost_opt,log,,,,,
9,score_farmacia,std_median_ohe,LightGBM_opt,sqrt,,,,,
9,score_farmacia,std_median_ohe,SVR_opt,boxcox,,,,,
9,score_farmacia,robust_median_ohe,HistGB_opt,log,,,,,
9,score_farmacia,robust_median_ohe,LightGBM_opt,boxcox,,,,,
9,score_farmacia,minmax_mean_ohe,HistGB_opt,none,,,,,
9,score_farmacia,minmax_mean_ohe,LightGBM_opt,log,,,,,
9,score_farmacia,quantile_median_ord,MLP_opt,sqrt,,,,,
9,score_farmacia,minmax_mean_ohe,KNN_opt,yeojohnson,,,,,
9,score_farmacia,quantile_median_ord,MLP_opt,none,,,,,
9,score_farmacia,power_median_ohe,Ridge_opt,yeojohnson,,,,,
9,score_farmacia,raw_zero_ord,HistGB_opt,sqrt,,,,,
9,score_farmacia,std_median_ohe,Linear,sqrt,,,,,
9,score_farmacia,std_median_ohe,Linear,none,,,,,
9,score_farmacia,raw_zero_ord,Linear,boxcox,,,,,
9,score_farmacia,minmax_mean_ohe,SVR_opt,yeojohnson,,,,,
9,score_farmacia,quantile_median_ord,Ridge_opt,boxcox,,,,,
9,score_farmacia,power_median_ohe,CatBoost_opt,none,,,,,
9,score_farmacia,robust_median_ohe,LightGBM_opt,log,,,,,
9,score_farmacia,std_median_ohe,Ridge_opt,none,,,,,
9,score_farmacia,std_median_ohe,KNN_opt,log,,,,,
9,score_farmacia,std_median_ohe,RandomForest_opt,sqrt,,,,,
9,score_farmacia,std_median_ohe,Linear,log,,,,,
9,score_farmacia,std_median_ohe,HistGB_opt,boxcox,,,,,
9,score_farmacia,robust_median_ohe,KNN_opt,boxcox,,,,,
9,score_farmacia,minmax_mean_ohe,SVR_opt,none,,,,,
9,score_farmacia,minmax_mean_ohe,HistGB_opt,log,,,,,
9,score_farmacia,robust_median_ohe,Linear,log,,,,,
9,score_farmacia,quantile_median_ord,Ridge_opt,log,,,,,
9,score_farmacia,quantile_median_ord,LightGBM_opt,yeojohnson,,,,,
9,score_farmacia,raw_zero_ord,SVR_opt,sqrt,,,,,
9,score_farmacia,robust_median_ohe,Linear,none,,,,,
9,score_farmacia,power_median_ohe,RandomForest_opt,sqrt,,,,,
9,score_farmacia,raw_zero_ord,CatBoost_opt,boxcox,,,,,
9,score_farmacia,raw_zero_ord,CatBoost_opt,none,,,,,
9,score_farmacia,minmax_mean_ohe,RandomForest_opt,yeojohnson,,,,,
9,score_farmacia,std_median_ohe,MLP_opt,sqrt,,,,,
9,score_farmacia,quantile_median_ord,HistGB_opt,sqrt,,,,,
9,score_farmacia,power_median_ohe,GradientBoosting_opt,none,,,,,
9,score_farmacia,power_median_ohe,SVR_opt,boxcox,,,,,
9,score_farmacia,std_median_ohe,GradientBoosting_opt,none,,,,,
9,score_farmacia,std_median_ohe,RandomForest_opt,log,,,,,
9,score_farmacia,std_median_ohe,SVR_opt,log,,,,,
9,score_farmacia,robust_median_ohe,CatBoost_opt,log,,,,,
9,score_farmacia,std_median_ohe,Ridge_opt,yeojohnson,,,,,
9,score_farmacia,std_median_ohe,GradientBoosting_opt,boxcox,,,,,
9,score_farmacia,robust_median_ohe,HistGB_opt,yeojohnson,,,,,
9,score_farmacia,minmax_mean_ohe,MLP_opt,sqrt,,,,,
9,score_farmacia,minmax_mean_ohe,LightGBM_opt,sqrt,,,,,
9,score_farmacia,quantile_median_ord,HistGB_opt,none,,,,,
9,score_farmacia,quantile_median_ord,KNN_opt,yeojohnson,,,,,
9,score_farmacia,robust_median_ohe,Linear,boxcox,,,,,
9,score_farmacia,raw_zero_ord,Ridge_opt,none,,,,,
9,score_farmacia,minmax_mean_ohe,Linear,boxcox,,,,,
9,score_farmacia,quantile_median_ord,SVR_opt,sqrt,,,,,
9,score_farmacia,minmax_mean_ohe,Linear,sqrt,,,,,
9,score_farmacia,power_median_ohe,RandomForest_opt,boxcox,,,,,
9,score_farmacia,raw_zero_ord,MLP_opt,log,,,,,
9,score_farmacia,std_median_ohe,SVR_opt,yeojohnson,,,,,
9,score_farmacia,std_median_ohe,MLP_opt,boxcox,,,,,
9,score_farmacia,robust_median_ohe,SVR_opt,log,,,,,
9,score_farmacia,std_median_ohe,GradientBoosting_opt,log,,,,,
9,score_farmacia,std_median_ohe,Ridge_opt,sqrt,,,,,
9,score_farmacia,raw_zero_ord,Linear,none,,,,,
9,score_farmacia,minmax_mean_ohe,LightGBM_opt,none,,,,,
9,score_farmacia,robust_median_ohe,MLP_opt,boxcox,,,,,
9,score_farmacia,minmax_mean_ohe,RandomForest_opt,boxcox,,,,,
9,score_farmacia,minmax_mean_ohe,LightGBM_opt,yeojohnson,,,,,
9,score_farmacia,quantile_median_ord,SVR_opt,none,,,,,
9,score_farmacia,quantile_median_ord,Ridge_opt,yeojohnson,,,,,
9,score_farmacia,power_median_ohe,CatBoost_opt,log,,,,,
9,score_farmacia,power_median_ohe,HistGB_opt,yeojohnson,,,,,
9,score_farmacia,quantile_median_ord,HistGB_opt,log,,,,,
9,score_farmacia,minmax_mean_ohe,MLP_opt,log,,,,,
9,score_farmacia,raw_zero_ord,CatBoost_opt,yeojohnson,,,,,
9,score_farmacia,raw_zero_ord,CatBoost_opt,log,,,,,
9,score_farmacia,robust_median_ohe,KNN_opt,log,,,,,
9,score_farmacia,std_median_ohe,LightGBM_opt,log,,,,,
9,score_farmacia,std_median_ohe,Linear,boxcox,,,,,
9,score_farmacia,minmax_mean_ohe,Linear,log,,,,,
9,score_farmacia,robust_median_ohe,RandomForest_opt,boxcox,,,,,
9,score_farmacia,minmax_mean_ohe,Ridge_opt,sqrt,,,,,
9,score_farmacia,minmax_mean_ohe,GradientBoosting_opt,boxcox,,,,,
9,score_farmacia,minmax_mean_ohe,HistGB_opt,yeojohnson,,,,,
9,score_farmacia,quantile_median_ord,KNN_opt,log,,,,,
9,score_farmacia,quantile_median_ord,GradientBoosting_opt,boxcox,,,,,
9,score_farmacia,quantile_median_ord,HistGB_opt,boxcox,,,,,
9,score_farmacia,power_median_ohe,GradientBoosting_opt,log,,,,,
9,score_farmacia,power_median_ohe,SVR_opt,yeojohnson,,,,,
9,score_farmacia,raw_zero_ord,RandomForest_opt,boxcox,,,,,
9,score_farmacia,power_median_ohe,CatBoost_opt,sqrt,,,,,
9,score_farmacia,raw_zero_ord,GradientBoosting_opt,yeojohnson,,,,,
9,score_farmacia,raw_zero_ord,GradientBoosting_opt,log,,,,,
9,score_farmacia,quantile_median_ord,SVR_opt,boxcox,,,,,
9,score_farmacia,robust_median_ohe,GradientBoosting_opt,log,,,,,
9,score_farmacia,std_median_ohe,MLP_opt,none,,,,,
9,score_farmacia,std_median_ohe,KNN_opt,boxcox,,,,,
9,score_farmacia,robust_median_ohe,GradientBoosting_opt,none,,,,,
9,score_farmacia,std_median_ohe,CatBoost_opt,yeojohnson,,,,,
9,score_farmacia,robust_median_ohe,LightGBM_opt,sqrt,,,,,
9,score_farmacia,minmax_mean_ohe,CatBoost_opt,none,,,,,
9,score_farmacia,minmax_mean_ohe,RandomForest_opt,sqrt,,,,,
9,score_farmacia,minmax_mean_ohe,KNN_opt,boxcox,,,,,
9,score_farmacia,power_median_ohe,MLP_opt,sqrt,,,,,
9,score_farmacia,minmax_mean_ohe,MLP_opt,yeojohnson,,,,,
9,score_farmacia,power_median_ohe,RandomForest_opt,yeojohnson,,,,,
9,score_farmacia,robust_median_ohe,MLP_opt,yeojohnson,,,,,
9,score_farmacia,quantile_median_ord,SVR_opt,log,,,,,
9,score_farmacia,power_median_ohe,GradientBoosting_opt,sqrt,,,,,
9,score_farmacia,raw_zero_ord,MLP_opt,boxcox,,,,,
9,score_farmacia,raw_zero_ord,MLP_opt,yeojohnson,,,,,
9,score_farmacia,minmax_mean_ohe,CatBoost_opt,yeojohnson,,,,,
9,score_farmacia,quantile_median_ord,RandomForest_opt,boxcox,,,,,
9,score_farmacia,raw_zero_ord,MLP_opt,none,,,,,
9,score_farmacia,std_median_ohe,HistGB_opt,log,,,,,
9,score_farmacia,robust_median_ohe,RandomForest_opt,none,,,,,
9,score_farmacia,std_median_ohe,LightGBM_opt,yeojohnson,,,,,
9,score_farmacia,raw_zero_ord,Linear,sqrt,,,,,
9,score_farmacia,robust_median_ohe,Ridge_opt,boxcox,,,,,
9,score_farmacia,robust_median_ohe,HistGB_opt,boxcox,,,,,
9,score_farmacia,minmax_mean_ohe,KNN_opt,none,,,,,
9,score_farmacia,robust_median_ohe,MLP_opt,log,,,,,
9,score_farmacia,minmax_mean_ohe,GradientBoosting_opt,sqrt,,,,,
9,score_farmacia,minmax_mean_ohe,SVR_opt,boxcox,,,,,
9,score_farmacia,minmax_mean_ohe,Ridge_opt,boxcox,,,,,
9,score_farmacia,quantile_median_ord,RandomForest_opt,log,,,,,
9,score_farmacia,quantile_median_ord,HistGB_opt,yeojohnson,,,,,
9,score_farmacia,raw_zero_ord,CatBoost_opt,sqrt,,,,,
9,score_farmacia,power_median_ohe,Linear,boxcox,,,,,
9,score_farmacia,raw_zero_ord,LightGBM_opt,boxcox,,,,,
9,score_farmacia,raw_zero_ord,LightGBM_opt,none,,,,,
9,score_farmacia,minmax_mean_ohe,GradientBoosting_opt,yeojohnson,,,,,
9,score_farmacia,quantile_median_ord,Linear,yeojohnson,,,,,
9,score_farmacia,power_median_ohe,KNN_opt,none,,,,,
9,score_farmacia,power_median_ohe,CatBoost_opt,boxcox,,,,,
9,score_farmacia,std_median_ohe,RandomForest_opt,boxcox,,,,,
9,score_farmacia,robust_median_ohe,KNN_opt,none,,,,,
9,score_farmacia,quantile_median_ord,Linear,log,,,,,
9,score_farmacia,minmax_mean_ohe,KNN_opt,sqrt,,,,,
9,score_farmacia,quantile_median_ord,Ridge_opt,none,,,,,
9,score_farmacia,quantile_median_ord,CatBoost_opt,boxcox,,,,,
9,score_farmacia,power_median_ohe,LightGBM_opt,none,,,,,
9,score_farmacia,power_median_ohe,HistGB_opt,boxcox,,,,,
9,score_farmacia,quantile_median_ord,MLP_opt,log,,,,,
9,score_farmacia,quantile_median_ord,SVR_opt,yeojohnson,,,,,
9,score_farmacia,raw_zero_ord,GradientBoosting_opt,sqrt,,,,,
9,score_farmacia,power_median_ohe,Linear,sqrt,,,,,
9,score_farmacia,raw_zero_ord,RandomForest_opt,none,,,,,
9,score_farmacia,raw_zero_ord,KNN_opt,none,,,,,
9,score_farmacia,quantile_median_ord,CatBoost_opt,sqrt,,,,,
9,score_farmacia,power_median_ohe,Ridge_opt,none,,,,,
9,score_farmacia,power_median_ohe,GradientBoosting_opt,boxcox,,,,,
9,score_farmacia,quantile_median_ord,MLP_opt,yeojohnson,,,,,
9,score_farmacia,robust_median_ohe,Linear,sqrt,,,,,
9,score_farmacia,power_median_ohe,MLP_opt,none,,,,,
9,score_farmacia,quantile_median_ord,Linear,sqrt,,,,,
9,score_farmacia,quantile_median_ord,Linear,none,,,,,
9,score_farmacia,std_median_ohe,MLP_opt,yeojohnson,,,,,
9,score_farmacia,power_median_ohe,MLP_opt,yeojohnson,,,,,
9,score_farmacia,power_median_ohe,MLP_opt,log,,,,,
9,score_farmacia,power_median_ohe,Linear,log,,,,,
9,score_farmacia,robust_median_ohe,Linear,yeojohnson,,,,,
9,score_farmacia,power_median_ohe,Linear,none,,,,,
9,score_farmacia,raw_zero_ord,Linear,yeojohnson,,,,,
9,score_farmacia,std_median_ohe,Linear,yeojohnson,,,,,
9,score_farmacia,minmax_mean_ohe,Linear,yeojohnson,,,,,
9,score_farmacia,power_median_ohe,Linear,yeojohnson,,,,,
10,score_parque,power_median_ohe,RandomForest_opt,none,,,,,
10,score_parque,std_median_ohe,KNN_opt,none,,,,,
10,score_parque,std_median_ohe,CatBoost_opt,log,,,,,
10,score_parque,std_median_ohe,GradientBoosting_opt,sqrt,,,,,
10,score_parque,robust_median_ohe,CatBoost_opt,none,,,,,
10,score_parque,robust_median_ohe,RandomForest_opt,sqrt,,,,,
10,score_parque,std_median_ohe,HistGB_opt,boxcox,,,,,
10,score_parque,std_median_ohe,HistGB_opt,yeojohnson,,,,,
10,score_parque,robust_median_ohe,Ridge_opt,boxcox,,,,,
10,score_parque,robust_median_ohe,CatBoost_opt,yeojohnson,,,,,
10,score_parque,minmax_mean_ohe,RandomForest_opt,log,,,,,
10,score_parque,quantile_median_ord,RandomForest_opt,boxcox,,,,,
10,score_parque,power_median_ohe,GradientBoosting_opt,yeojohnson,,,,,
10,score_parque,raw_zero_ord,SVR_opt,log,,,,,
10,score_parque,quantile_median_ord,SVR_opt,none,,,,,
10,score_parque,power_median_ohe,HistGB_opt,log,,,,,
10,score_parque,raw_zero_ord,SVR_opt,sqrt,,,,,
10,score_parque,raw_zero_ord,GradientBoosting_opt,boxcox,,,,,
10,score_parque,power_median_ohe,KNN_opt,sqrt,,,,,
10,score_parque,quantile_median_ord,GradientBoosting_opt,log,,,,,
10,score_parque,raw_zero_ord,CatBoost_opt,none,,,,,
10,score_parque,std_median_ohe,LightGBM_opt,yeojohnson,,,,,
10,score_parque,std_median_ohe,CatBoost_opt,none,,,,,
10,score_parque,std_median_ohe,SVR_opt,sqrt,,,,,
10,score_parque,std_median_ohe,RandomForest_opt,boxcox,,,,,
10,score_parque,robust_median_ohe,LightGBM_opt,none,,,,,
10,score_parque,robust_median_ohe,GradientBoosting_opt,sqrt,,,,,
10,score_parque,robust_median_ohe,RandomForest_opt,boxcox,,,,,
10,score_parque,robust_median_ohe,LightGBM_opt,yeojohnson,,,,,
10,score_parque,minmax_mean_ohe,GradientBoosting_opt,log,,,,,
10,score_parque,power_median_ohe,SVR_opt,log,,,,,
10,score_parque,raw_zero_ord,RandomForest_opt,sqrt,,,,,
10,score_parque,power_median_ohe,Ridge_opt,sqrt,,,,,
10,score_parque,raw_zero_ord,GradientBoosting_opt,none,,,,,
10,score_parque,quantile_median_ord,CatBoost_opt,yeojohnson,,,,,
10,score_parque,raw_zero_ord,CatBoost_opt,yeojohnson,,,,,
10,score_parque,robust_median_ohe,KNN_opt,sqrt,,,,,
10,score_parque,std_median_ohe,CatBoost_opt,yeojohnson,,,,,
10,score_parque,std_median_ohe,RandomForest_opt,none,,,,,
10,score_parque,std_median_ohe,LightGBM_opt,log,,,,,
10,score_parque,std_median_ohe,HistGB_opt,sqrt,,,,,
10,score_parque,robust_median_ohe,HistGB_opt,none,,,,,
10,score_parque,robust_median_ohe,GradientBoosting_opt,boxcox,,,,,
10,score_parque,robust_median_ohe,HistGB_opt,yeojohnson,,,,,
10,score_parque,minmax_mean_ohe,KNN_opt,log,,,,,
10,score_parque,quantile_median_ord,CatBoost_opt,sqrt,,,,,
10,score_parque,power_median_ohe,RandomForest_opt,log,,,,,
10,score_parque,raw_zero_ord,LightGBM_opt,log,,,,,
10,score_parque,quantile_median_ord,GradientBoosting_opt,yeojohnson,,,,,
10,score_parque,raw_zero_ord,GradientBoosting_opt,yeojohnson,,,,,
10,score_parque,power_median_ohe,KNN_opt,boxcox,,,,,
10,score_parque,robust_median_ohe,SVR_opt,sqrt,,,,,
10,score_parque,std_median_ohe,RandomForest_opt,log,,,,,
10,score_parque,std_median_ohe,Ridge_opt,boxcox,,,,,
10,score_parque,std_median_ohe,SVR_opt,yeojohnson,,,,,
10,score_parque,robust_median_ohe,KNN_opt,boxcox,,,,,
10,score_parque,minmax_mean_ohe,SVR_opt,log,,,,,
10,score_parque,minmax_mean_ohe,CatBoost_opt,yeojohnson,,,,,
10,score_parque,minmax_mean_ohe,LightGBM_opt,sqrt,,,,,
10,score_parque,power_median_ohe,Ridge_opt,boxcox,,,,,
10,score_parque,power_median_ohe,MLP_opt,boxcox,,,,,
10,score_parque,raw_zero_ord,GradientBoosting_opt,log,,,,,
10,score_parque,std_median_ohe,LightGBM_opt,none,,,,,
10,score_parque,std_median_ohe,GradientBoosting_opt,boxcox,,,,,
10,score_parque,std_median_ohe,SVR_opt,boxcox,,,,,
10,score_parque,robust_median_ohe,CatBoost_opt,sqrt,,,,,
10,score_parque,std_median_ohe,MLP_opt,boxcox,,,,,
10,score_parque,robust_median_ohe,SVR_opt,boxcox,,,,,
10,score_parque,minmax_mean_ohe,CatBoost_opt,log,,,,,
10,score_parque,minmax_mean_ohe,Ridge_opt,boxcox,,,,,
10,score_parque,raw_zero_ord,MLP_opt,boxcox,,,,,
10,score_parque,minmax_mean_ohe,GradientBoosting_opt,yeojohnson,,,,,
10,score_parque,power_median_ohe,CatBoost_opt,none,,,,,
10,score_parque,power_median_ohe,LightGBM_opt,yeojohnson,,,,,
10,score_parque,quantile_median_ord,CatBoost_opt,boxcox,,,,,
10,score_parque,quantile_median_ord,MLP_opt,boxcox,,,,,
10,score_parque,raw_zero_ord,LightGBM_opt,boxcox,,,,,
10,score_parque,power_median_ohe,LightGBM_opt,boxcox,,,,,
10,score_parque,power_median_ohe,HistGB_opt,sqrt,,,,,
10,score_parque,quantile_median_ord,LightGBM_opt,log,,,,,
10,score_parque,raw_zero_ord,Linear,log,,,,,
10,score_parque,power_median_ohe,GradientBoosting_opt,none,,,,,
10,score_parque,std_median_ohe,KNN_opt,log,,,,,
10,score_parque,std_median_ohe,Ridge_opt,yeojohnson,,,,,
10,score_parque,robust_median_ohe,Ridge_opt,log,,,,,
10,score_parque,robust_median_ohe,LightGBM_opt,sqrt,,,,,
10,score_parque,robust_median_ohe,CatBoost_opt,boxcox,,,,,
10,score_parque,minmax_mean_ohe,Ridge_opt,none,,,,,
10,score_parque,minmax_mean_ohe,LightGBM_opt,log,,,,,
10,score_parque,minmax_mean_ohe,RandomForest_opt,boxcox,,,,,
10,score_parque,minmax_mean_ohe,HistGB_opt,yeojohnson,,,,,
10,score_parque,quantile_median_ord,GradientBoosting_opt,boxcox,,,,,
10,score_parque,power_median_ohe,KNN_opt,yeojohnson,,,,,
10,score_parque,raw_zero_ord,CatBoost_opt,sqrt,,,,,
10,score_parque,minmax_mean_ohe,MLP_opt,sqrt,,,,,
10,score_parque,raw_zero_ord,KNN_opt,boxcox,,,,,
10,score_parque,power_median_ohe,SVR_opt,sqrt,,,,,
10,score_parque,raw_zero_ord,LightGBM_opt,none,,,,,
10,score_parque,raw_zero_ord,Linear,sqrt,,,,,
10,score_parque,raw_zero_ord,MLP_opt,none,,,,,
10,score_parque,std_median_ohe,RandomForest_opt,yeojohnson,,,,,
10,score_parque,robust_median_ohe,GradientBoosting_opt,log,,,,,
10,score_parque,robust_median_ohe,HistGB_opt,sqrt,,,,,
10,score_parque,robust_median_ohe,LightGBM_opt,boxcox,,,,,
10,score_parque,minmax_mean_ohe,RandomForest_opt,none,,,,,
10,score_parque,minmax_mean_ohe,HistGB_opt,log,,,,,
10,score_parque,minmax_mean_ohe,GradientBoosting_opt,boxcox,,,,,
10,score_parque,robust_median_ohe,MLP_opt,none,,,,,
10,score_parque,quantile_median_ord,KNN_opt,log,,,,,
10,score_parque,std_median_ohe,MLP_opt,none,,,,,
10,score_parque,power_median_ohe,Ridge_opt,yeojohnson,,,,,
10,score_parque,power_median_ohe,CatBoost_opt,log,,,,,
10,score_parque,raw_zero_ord,GradientBoosting_opt,sqrt,,,,,
10,score_parque,power_median_ohe,RandomForest_opt,sqrt,,,,,
10,score_parque,quantile_median_ord,Ridge_opt,log,,,,,
10,score_parque,raw_zero_ord,KNN_opt,none,,,,,
10,score_parque,quantile_median_ord,LightGBM_opt,yeojohnson,,,,,
10,score_parque,std_median_ohe,Linear,none,,,,,
10,score_parque,quantile_median_ord,MLP_opt,none,,,,,
10,score_parque,quantile_median_ord,Linear,sqrt,,,,,
10,score_parque,quantile_median_ord,MLP_opt,log,,,,,
10,score_parque,robust_median_ohe,KNN_opt,log,,,,,
10,score_parque,std_median_ohe,Linear,sqrt,,,,,
10,score_parque,robust_median_ohe,HistGB_opt,boxcox,,,,,
10,score_parque,minmax_mean_ohe,GradientBoosting_opt,none,,,,,
10,score_parque,std_median_ohe,MLP_opt,log,,,,,
10,score_parque,minmax_mean_ohe,KNN_opt,boxcox,,,,,
10,score_parque,robust_median_ohe,Linear,none,,,,,
10,score_parque,quantile_median_ord,LightGBM_opt,sqrt,,,,,
10,score_parque,power_median_ohe,GradientBoosting_opt,log,,,,,
10,score_parque,std_median_ohe,MLP_opt,sqrt,,,,,
10,score_parque,quantile_median_ord,HistGB_opt,none,,,,,
10,score_parque,raw_zero_ord,Ridge_opt,none,,,,,
10,score_parque,quantile_median_ord,KNN_opt,yeojohnson,,,,,
10,score_parque,raw_zero_ord,KNN_opt,yeojohnson,,,,,
10,score_parque,std_median_ohe,Ridge_opt,none,,,,,
10,score_parque,robust_median_ohe,SVR_opt,log,,,,,
10,score_parque,raw_zero_ord,MLP_opt,log,,,,,
10,score_parque,std_median_ohe,LightGBM_opt,boxcox,,,,,
10,score_parque,quantile_median_ord,MLP_opt,sqrt,,,,,
10,score_parque,robust_median_ohe,Linear,boxcox,,,,,
10,score_parque,minmax_mean_ohe,KNN_opt,none,,,,,
10,score_parque,robust_median_ohe,MLP_opt,sqrt,,,,,
10,score_parque,minmax_mean_ohe,SVR_opt,boxcox,,,,,
10,score_parque,minmax_mean_ohe,LightGBM_opt,yeojohnson,,,,,
10,score_parque,quantile_median_ord,KNN_opt,sqrt,,,,,
10,score_parque,minmax_mean_ohe,MLP_opt,log,,,,,
10,score_parque,std_median_ohe,Linear,log,,,,,
10,score_parque,minmax_mean_ohe,HistGB_opt,sqrt,,,,,
10,score_parque,quantile_median_ord,Ridge_opt,yeojohnson,,,,,
10,score_parque,raw_zero_ord,Ridge_opt,yeojohnson,,,,,
10,score_parque,power_median_ohe,RandomForest_opt,boxcox,,,,,
10,score_parque,raw_zero_ord,KNN_opt,log,,,,,
10,score_parque,minmax_mean_ohe,Linear,log,,,,,
10,score_parque,robust_median_ohe,RandomForest_opt,log,,,,,
10,score_parque,std_median_ohe,Linear,boxcox,,,,,
10,score_parque,std_median_ohe,Ridge_opt,log,,,,,
10,score_parque,robust_median_ohe,LightGBM_opt,log,,,,,
10,score_parque,minmax_mean_ohe,SVR_opt,none,,,,,
10,score_parque,minmax_mean_ohe,Ridge_opt,sqrt,,,,,
10,score_parque,minmax_mean_ohe,CatBoost_opt,boxcox,,,,,
10,score_parque,minmax_mean_ohe,KNN_opt,yeojohnson,,,,,
10,score_parque,quantile_median_ord,RandomForest_opt,none,,,,,
10,score_parque,power_median_ohe,LightGBM_opt,none,,,,,
10,score_parque,robust_median_ohe,MLP_opt,boxcox,,,,,
10,score_parque,power_median_ohe,HistGB_opt,yeojohnson,,,,,
10,score_parque,quantile_median_ord,LightGBM_opt,boxcox,,,,,
10,score_parque,raw_zero_ord,MLP_opt,sqrt,,,,,
10,score_parque,raw_zero_ord,HistGB_opt,boxcox,,,,,
10,score_parque,robust_median_ohe,Linear,sqrt,,,,,
10,score_parque,raw_zero_ord,Ridge_opt,log,,,,,
10,score_parque,robust_median_ohe,Ridge_opt,none,,,,,
10,score_parque,std_median_ohe,KNN_opt,boxcox,,,,,
10,score_parque,robust_median_ohe,HistGB_opt,log,,,,,
10,score_parque,robust_median_ohe,Ridge_opt,yeojohnson,,,,,
10,score_parque,minmax_mean_ohe,CatBoost_opt,none,,,,,
10,score_parque,minmax_mean_ohe,RandomForest_opt,sqrt,,,,,
10,score_parque,minmax_mean_ohe,LightGBM_opt,boxcox,,,,,
10,score_parque,quantile_median_ord,GradientBoosting_opt,none,,,,,
10,score_parque,quantile_median_ord,HistGB_opt,log,,,,,
10,score_parque,quantile_median_ord,KNN_opt,boxcox,,,,,
10,score_parque,power_median_ohe,SVR_opt,yeojohnson,,,,,
10,score_parque,raw_zero_ord,LightGBM_opt,sqrt,,,,,
10,score_parque,quantile_median_ord,LightGBM_opt,none,,,,,
10,score_parque,raw_zero_ord,SVR_opt,boxcox,,,,,
10,score_parque,power_median_ohe,CatBoost_opt,sqrt,,,,,
10,score_parque,quantile_median_ord,SVR_opt,log,,,,,
10,score_parque,raw_zero_ord,HistGB_opt,none,,,,,
10,score_parque,power_median_ohe,Ridge_opt,none,,,,,
10,score_parque,robust_median_ohe,RandomForest_opt,none,,,,,
10,score_parque,std_median_ohe,GradientBoosting_opt,log,,,,,
10,score_parque,std_median_ohe,GradientBoosting_opt,yeojohnson,,,,,
10,score_parque,raw_zero_ord,Linear,none,,,,,
10,score_parque,robust_median_ohe,RandomForest_opt,yeojohnson,,,,,
10,score_parque,minmax_mean_ohe,LightGBM_opt,none,,,,,
10,score_parque,minmax_mean_ohe,GradientBoosting_opt,sqrt,,,,,
10,score_parque,minmax_mean_ohe,HistGB_opt,boxcox,,,,,
10,score_parque,quantile_median_ord,KNN_opt,none,,,,,
10,score_parque,robust_median_ohe,Linear,log,,,,,
10,score_parque,quantile_median_ord,Ridge_opt,boxcox,,,,,
10,score_parque,power_median_ohe,RandomForest_opt,yeojohnson,,,,,
10,score_parque,raw_zero_ord,KNN_opt,sqrt,,,,,
10,score_parque,power_median_ohe,LightGBM_opt,log,,,,,
10,score_parque,raw_zero_ord,RandomForest_opt,boxcox,,,,,
10,score_parque,power_median_ohe,CatBoost_opt,boxcox,,,,,
10,score_parque,raw_zero_ord,HistGB_opt,log,,,,,
10,score_parque,power_median_ohe,GradientBoosting_opt,sqrt,,,,,
10,score_parque,quantile_median_ord,RandomForest_opt,log,,,,,
10,score_parque,raw_zero_ord,SVR_opt,none,,,,,
10,score_parque,quantile_median_ord,HistGB_opt,yeojohnson,,,,,
10,score_parque,robust_median_ohe,GradientBoosting_opt,none,,,,,
10,score_parque,std_median_ohe,SVR_opt,none,,,,,
10,score_parque,std_median_ohe,SVR_opt,log,,,,,
10,score_parque,std_median_ohe,LightGBM_opt,sqrt,,,,,
10,score_parque,robust_median_ohe,MLP_opt,log,,,,,
10,score_parque,robust_median_ohe,GradientBoosting_opt,yeojohnson,,,,,
10,score_parque,minmax_mean_ohe,HistGB_opt,none,,,,,
10,score_parque,minmax_mean_ohe,KNN_opt,sqrt,,,,,
10,score_parque,minmax_mean_ohe,Linear,boxcox,,,,,
10,score_parque,quantile_median_ord,Ridge_opt,none,,,,,
10,score_parque,quantile_median_ord,HistGB_opt,sqrt,,,,,
10,score_parque,power_median_ohe,KNN_opt,log,,,,,
10,score_parque,power_median_ohe,Linear,boxcox,,,,,
10,score_parque,raw_zero_ord,Ridge_opt,sqrt,,,,,
10,score_parque,robust_median_ohe,MLP_opt,yeojohnson,,,,,
10,score_parque,quantile_median_ord,MLP_opt,yeojohnson,,,,,
10,score_parque,raw_zero_ord,RandomForest_opt,none,,,,,
10,score_parque,quantile_median_ord,SVR_opt,yeojohnson,,,,,
10,score_parque,raw_zero_ord,LightGBM_opt,yeojohnson,,,,,
10,score_parque,raw_zero_ord,SVR_opt,yeojohnson,,,,,
10,score_parque,robust_median_ohe,CatBoost_opt,log,,,,,
10,score_parque,std_median_ohe,GradientBoosting_opt,none,,,,,
10,score_parque,std_median_ohe,RandomForest_opt,sqrt,,,,,
10,score_parque,std_median_ohe,CatBoost_opt,boxcox,,,,,
10,score_parque,robust_median_ohe,KNN_opt,yeojohnson,,,,,
10,score_parque,minmax_mean_ohe,MLP_opt,yeojohnson,,,,,
10,score_parque,minmax_mean_ohe,SVR_opt,sqrt,,,,,
10,score_parque,minmax_mean_ohe,MLP_opt,boxcox,,,,,
10,score_parque,quantile_median_ord,CatBoost_opt,none,,,,,
10,score_parque,quantile_median_ord,Ridge_opt,sqrt,,,,,
10,score_parque,quantile_median_ord,SVR_opt,sqrt,,,,,
10,score_parque,power_median_ohe,Ridge_opt,log,,,,,
10,score_parque,std_median_ohe,MLP_opt,yeojohnson,,,,,
10,score_parque,quantile_median_ord,RandomForest_opt,yeojohnson,,,,,
10,score_parque,raw_zero_ord,RandomForest_opt,yeojohnson,,,,,
10,score_parque,power_median_ohe,HistGB_opt,boxcox,,,,,
10,score_parque,power_median_ohe,GradientBoosting_opt,boxcox,,,,,
10,score_parque,quantile_median_ord,RandomForest_opt,sqrt,,,,,
10,score_parque,robust_median_ohe,Ridge_opt,sqrt,,,,,
10,score_parque,robust_median_ohe,KNN_opt,none,,,,,
10,score_parque,std_median_ohe,HistGB_opt,log,,,,,
10,score_parque,std_median_ohe,Ridge_opt,sqrt,,,,,
10,score_parque,std_median_ohe,KNN_opt,sqrt,,,,,
10,score_parque,std_median_ohe,KNN_opt,yeojohnson,,,,,
10,score_parque,robust_median_ohe,SVR_opt,yeojohnson,,,,,
10,score_parque,minmax_mean_ohe,MLP_opt,none,,,,,
10,score_parque,minmax_mean_ohe,CatBoost_opt,sqrt,,,,,
10,score_parque,minmax_mean_ohe,Ridge_opt,yeojohnson,,,,,
10,score_parque,minmax_mean_ohe,SVR_opt,yeojohnson,,,,,
10,score_parque,power_median_ohe,HistGB_opt,none,,,,,
10,score_parque,power_median_ohe,MLP_opt,none,,,,,
10,score_parque,quantile_median_ord,HistGB_opt,boxcox,,,,,
10,score_parque,raw_zero_ord,Ridge_opt,boxcox,,,,,
10,score_parque,raw_zero_ord,MLP_opt,yeojohnson,,,,,
10,score_parque,raw_zero_ord,Linear,boxcox,,,,,
10,score_parque,quantile_median_ord,Linear,boxcox,,,,,
10,score_parque,raw_zero_ord,RandomForest_opt,log,,,,,
10,score_parque,raw_zero_ord,HistGB_opt,yeojohnson,,,,,
10,score_parque,robust_median_ohe,SVR_opt,none,,,,,
10,score_parque,std_median_ohe,HistGB_opt,none,,,,,
10,score_parque,std_median_ohe,CatBoost_opt,sqrt,,,,,
10,score_parque,minmax_mean_ohe,Ridge_opt,log,,,,,
10,score_parque,minmax_mean_ohe,RandomForest_opt,yeojohnson,,,,,
10,score_parque,quantile_median_ord,GradientBoosting_opt,sqrt,,,,,
10,score_parque,power_median_ohe,KNN_opt,none,,,,,
10,score_parque,power_median_ohe,SVR_opt,none,,,,,
10,score_parque,power_median_ohe,SVR_opt,boxcox,,,,,
10,score_parque,raw_zero_ord,CatBoost_opt,log,,,,,
10,score_parque,minmax_mean_ohe,Linear,none,,,,,
10,score_parque,power_median_ohe,CatBoost_opt,yeojohnson,,,,,
10,score_parque,quantile_median_ord,SVR_opt,boxcox,,,,,
10,score_parque,raw_zero_ord,HistGB_opt,sqrt,,,,,
10,score_parque,raw_zero_ord,CatBoost_opt,boxcox,,,,,
10,score_parque,power_median_ohe,LightGBM_opt,sqrt,,,,,
10,score_parque,quantile_median_ord,CatBoost_opt,log,,,,,
10,score_parque,minmax_mean_ohe,Linear,sqrt,,,,,
10,score_parque,quantile_median_ord,Linear,log,,,,,
10,score_parque,power_median_ohe,MLP_opt,log,,,,,
10,score_parque,quantile_median_ord,Linear,none,,,,,
10,score_parque,power_median_ohe,MLP_opt,yeojohnson,,,,,
10,score_parque,power_median_ohe,MLP_opt,sqrt,,,,,
10,score_parque,power_median_ohe,Linear,log,,,,,
10,score_parque,power_median_ohe,Linear,none,,,,,
10,score_parque,minmax_mean_ohe,Linear,yeojohnson,,,,,
10,score_parque,robust_median_ohe,Linear,yeojohnson,,,,,
10,score_parque,std_median_ohe,Linear,yeojohnson,,,,,
10,score_parque,power_median_ohe,Linear,sqrt,,,,,
10,score_parque,quantile_median_ord,Linear,yeojohnson,,,,,
10,score_parque,raw_zero_ord,Linear,yeojohnson,,,,,
10,score_parque,power_median_ohe,Linear,yeojohnson,,,,,
11,score_seguranca,raw_zero_ord,Ridge_opt,boxcox,,,,,
11,score_seguranca,std_median_ohe,SVR_opt,log,,,,,
11,score_seguranca,robust_median_ohe,SVR_opt,log,,,,,
11,score_seguranca,robust_median_ohe,KNN_opt,boxcox,,,,,
11,score_seguranca,robust_median_ohe,LightGBM_opt,yeojohnson,,,,,
11,score_seguranca,minmax_mean_ohe,GradientBoosting_opt,log,,,,,
11,score_seguranca,minmax_mean_ohe,KNN_opt,sqrt,,,,,
11,score_seguranca,power_median_ohe,SVR_opt,none,,,,,
11,score_seguranca,power_median_ohe,HistGB_opt,sqrt,,,,,
11,score_seguranca,raw_zero_ord,Ridge_opt,log,,,,,
11,score_seguranca,raw_zero_ord,LightGBM_opt,yeojohnson,,,,,
11,score_seguranca,power_median_ohe,RandomForest_opt,yeojohnson,,,,,
11,score_seguranca,raw_zero_ord,HistGB_opt,sqrt,,,,,
11,score_seguranca,power_median_ohe,GradientBoosting_opt,sqrt,,,,,
11,score_seguranca,raw_zero_ord,CatBoost_opt,boxcox,,,,,
11,score_seguranca,robust_median_ohe,HistGB_opt,log,,,,,
11,score_seguranca,std_median_ohe,LightGBM_opt,none,,,,,
11,score_seguranca,std_median_ohe,HistGB_opt,yeojohnson,,,,,
11,score_seguranca,robust_median_ohe,GradientBoosting_opt,log,,,,,
11,score_seguranca,robust_median_ohe,Ridge_opt,boxcox,,,,,
11,score_seguranca,robust_median_ohe,LightGBM_opt,boxcox,,,,,
11,score_seguranca,robust_median_ohe,HistGB_opt,yeojohnson,,,,,
11,score_seguranca,minmax_mean_ohe,SVR_opt,sqrt,,,,,
11,score_seguranca,minmax_mean_ohe,Ridge_opt,yeojohnson,,,,,
11,score_seguranca,power_median_ohe,RandomForest_opt,none,,,,,
11,score_seguranca,raw_zero_ord,HistGB_opt,none,,,,,
11,score_seguranca,raw_zero_ord,KNN_opt,yeojohnson,,,,,
11,score_seguranca,raw_zero_ord,SVR_opt,sqrt,,,,,
11,score_seguranca,minmax_mean_ohe,HistGB_opt,boxcox,,,,,
11,score_seguranca,std_median_ohe,SVR_opt,sqrt,,,,,
11,score_seguranca,std_median_ohe,CatBoost_opt,sqrt,,,,,
11,score_seguranca,robust_median_ohe,GradientBoosting_opt,boxcox,,,,,
11,score_seguranca,minmax_mean_ohe,CatBoost_opt,sqrt,,,,,
11,score_seguranca,minmax_mean_ohe,RandomForest_opt,yeojohnson,,,,,
11,score_seguranca,quantile_median_ord,Ridge_opt,log,,,,,
11,score_seguranca,quantile_median_ord,LightGBM_opt,sqrt,,,,,
11,score_seguranca,raw_zero_ord,Ridge_opt,yeojohnson,,,,,
11,score_seguranca,minmax_mean_ohe,MLP_opt,boxcox,,,,,
11,score_seguranca,power_median_ohe,HistGB_opt,boxcox,,,,,
11,score_seguranca,raw_zero_ord,RandomForest_opt,sqrt,,,,,
11,score_seguranca,power_median_ohe,LightGBM_opt,log,,,,,
11,score_seguranca,raw_zero_ord,RandomForest_opt,none,,,,,
11,score_seguranca,std_median_ohe,GradientBoosting_opt,yeojohnson,,,,,
11,score_seguranca,std_median_ohe,KNN_opt,sqrt,,,,,
11,score_seguranca,robust_median_ohe,Ridge_opt,log,,,,,
11,score_seguranca,robust_median_ohe,RandomForest_opt,boxcox,,,,,
11,score_seguranca,std_median_ohe,Linear,boxcox,,,,,
11,score_seguranca,minmax_mean_ohe,KNN_opt,log,,,,,
11,score_seguranca,minmax_mean_ohe,LightGBM_opt,sqrt,,,,,
11,score_seguranca,minmax_mean_ohe,GradientBoosting_opt,yeojohnson,,,,,
11,score_seguranca,quantile_median_ord,CatBoost_opt,yeojohnson,,,,,
11,score_seguranca,raw_zero_ord,HistGB_opt,boxcox,,,,,
11,score_seguranca,quantile_median_ord,Ridge_opt,none,,,,,
11,score_seguranca,quantile_median_ord,LightGBM_opt,boxcox,,,,,
11,score_seguranca,power_median_ohe,SVR_opt,boxcox,,,,,
11,score_seguranca,raw_zero_ord,HistGB_opt,log,,,,,
11,score_seguranca,power_median_ohe,KNN_opt,log,,,,,
11,score_seguranca,quantile_median_ord,HistGB_opt,log,,,,,
11,score_seguranca,power_median_ohe,Linear,boxcox,,,,,
11,score_seguranca,quantile_median_ord,GradientBoosting_opt,yeojohnson,,,,,
11,score_seguranca,std_median_ohe,GradientBoosting_opt,none,,,,,
11,score_seguranca,std_median_ohe,MLP_opt,boxcox,,,,,
11,score_seguranca,std_median_ohe,GradientBoosting_opt,sqrt,,,,,
11,score_seguranca,std_median_ohe,CatBoost_opt,yeojohnson,,,,,
11,score_seguranca,robust_median_ohe,Ridge_opt,sqrt,,,,,
11,score_seguranca,robust_median_ohe,HistGB_opt,boxcox,,,,,
11,score_seguranca,minmax_mean_ohe,Ridge_opt,none,,,,,
11,score_seguranca,minmax_mean_ohe,HistGB_opt,sqrt,,,,,
11,score_seguranca,minmax_mean_ohe,KNN_opt,yeojohnson,,,,,
11,score_seguranca,quantile_median_ord,KNN_opt,boxcox,,,,,
11,score_seguranca,power_median_ohe,RandomForest_opt,boxcox,,,,,
11,score_seguranca,raw_zero_ord,SVR_opt,log,,,,,
11,score_seguranca,power_median_ohe,Ridge_opt,log,,,,,
11,score_seguranca,raw_zero_ord,KNN_opt,none,,,,,
11,score_seguranca,quantile_median_ord,SVR_opt,log,,,,,
11,score_seguranca,robust_median_ohe,MLP_opt,boxcox,,,,,
11,score_seguranca,power_median_ohe,CatBoost_opt,yeojohnson,,,,,
11,score_seguranca,raw_zero_ord,RandomForest_opt,boxcox,,,,,
11,score_seguranca,std_median_ohe,LightGBM_opt,yeojohnson,,,,,
11,score_seguranca,robust_median_ohe,RandomForest_opt,log,,,,,
11,score_seguranca,robust_median_ohe,Ridge_opt,yeojohnson,,,,,
11,score_seguranca,minmax_mean_ohe,RandomForest_opt,none,,,,,
11,score_seguranca,quantile_median_ord,MLP_opt,boxcox,,,,,
11,score_seguranca,minmax_mean_ohe,SVR_opt,yeojohnson,,,,,
11,score_seguranca,quantile_median_ord,SVR_opt,none,,,,,
11,score_seguranca,quantile_median_ord,KNN_opt,log,,,,,
11,score_seguranca,robust_median_ohe,MLP_opt,none,,,,,
11,score_seguranca,quantile_median_ord,Ridge_opt,boxcox,,,,,
11,score_seguranca,power_median_ohe,CatBoost_opt,none,,,,,
11,score_seguranca,robust_median_ohe,MLP_opt,sqrt,,,,,
11,score_seguranca,raw_zero_ord,RandomForest_opt,log,,,,,
11,score_seguranca,raw_zero_ord,HistGB_opt,yeojohnson,,,,,
11,score_seguranca,quantile_median_ord,RandomForest_opt,log,,,,,
11,score_seguranca,power_median_ohe,GradientBoosting_opt,yeojohnson,,,,,
11,score_seguranca,quantile_median_ord,KNN_opt,none,,,,,
11,score_seguranca,minmax_mean_ohe,Linear,sqrt,,,,,
11,score_seguranca,power_median_ohe,KNN_opt,sqrt,,,,,
11,score_seguranca,robust_median_ohe,CatBoost_opt,none,,,,,
11,score_seguranca,robust_median_ohe,GradientBoosting_opt,sqrt,,,,,
11,score_seguranca,std_median_ohe,GradientBoosting_opt,log,,,,,
11,score_seguranca,std_median_ohe,RandomForest_opt,log,,,,,
11,score_seguranca,std_median_ohe,Linear,log,,,,,
11,score_seguranca,raw_zero_ord,Linear,sqrt,,,,,
11,score_seguranca,robust_median_ohe,SVR_opt,boxcox,,,,,
11,score_seguranca,minmax_mean_ohe,GradientBoosting_opt,none,,,,,
11,score_seguranca,quantile_median_ord,MLP_opt,none,,,,,
11,score_seguranca,minmax_mean_ohe,SVR_opt,log,,,,,
11,score_seguranca,quantile_median_ord,HistGB_opt,sqrt,,,,,
11,score_seguranca,power_median_ohe,GradientBoosting_opt,none,,,,,
11,score_seguranca,robust_median_ohe,Linear,none,,,,,
11,score_seguranca,raw_zero_ord,SVR_opt,yeojohnson,,,,,
11,score_seguranca,minmax_mean_ohe,MLP_opt,sqrt,,,,,
11,score_seguranca,raw_zero_ord,CatBoost_opt,sqrt,,,,,
11,score_seguranca,power_median_ohe,Ridge_opt,sqrt,,,,,
11,score_seguranca,raw_zero_ord,CatBoost_opt,none,,,,,
11,score_seguranca,std_median_ohe,HistGB_opt,boxcox,,,,,
11,score_seguranca,quantile_median_ord,MLP_opt,sqrt,,,,,
11,score_seguranca,std_median_ohe,Ridge_opt,yeojohnson,,,,,
11,score_seguranca,robust_median_ohe,KNN_opt,sqrt,,,,,
11,score_seguranca,std_median_ohe,CatBoost_opt,log,,,,,
11,score_seguranca,std_median_ohe,Ridge_opt,sqrt,,,,,
11,score_seguranca,robust_median_ohe,HistGB_opt,none,,,,,
11,score_seguranca,power_median_ohe,MLP_opt,boxcox,,,,,
11,score_seguranca,minmax_mean_ohe,KNN_opt,none,,,,,
11,score_seguranca,minmax_mean_ohe,CatBoost_opt,log,,,,,
11,score_seguranca,quantile_median_ord,SVR_opt,sqrt,,,,,
11,score_seguranca,robust_median_ohe,Linear,boxcox,,,,,
11,score_seguranca,raw_zero_ord,RandomForest_opt,yeojohnson,,,,,
11,score_seguranca,raw_zero_ord,GradientBoosting_opt,sqrt,,,,,
11,score_seguranca,power_median_ohe,HistGB_opt,log,,,,,
11,score_seguranca,raw_zero_ord,SVR_opt,boxcox,,,,,
11,score_seguranca,quantile_median_ord,RandomForest_opt,sqrt,,,,,
11,score_seguranca,raw_zero_ord,GradientBoosting_opt,none,,,,,
11,score_seguranca,std_median_ohe,RandomForest_opt,none,,,,,
11,score_seguranca,std_median_ohe,RandomForest_opt,sqrt,,,,,
11,score_seguranca,std_median_ohe,GradientBoosting_opt,boxcox,,,,,
11,score_seguranca,robust_median_ohe,Linear,sqrt,,,,,
11,score_seguranca,robust_median_ohe,SVR_opt,sqrt,,,,,
11,score_seguranca,robust_median_ohe,SVR_opt,none,,,,,
11,score_seguranca,robust_median_ohe,CatBoost_opt,yeojohnson,,,,,
11,score_seguranca,minmax_mean_ohe,SVR_opt,none,,,,,
11,score_seguranca,minmax_mean_ohe,LightGBM_opt,log,,,,,
11,score_seguranca,minmax_mean_ohe,RandomForest_opt,boxcox,,,,,
11,score_seguranca,minmax_mean_ohe,HistGB_opt,yeojohnson,,,,,
11,score_seguranca,quantile_median_ord,LightGBM_opt,yeojohnson,,,,,
11,score_seguranca,power_median_ohe,CatBoost_opt,boxcox,,,,,
11,score_seguranca,quantile_median_ord,HistGB_opt,boxcox,,,,,
11,score_seguranca,raw_zero_ord,Linear,boxcox,,,,,
11,score_seguranca,std_median_ohe,MLP_opt,sqrt,,,,,
11,score_seguranca,power_median_ohe,SVR_opt,log,,,,,
11,score_seguranca,raw_zero_ord,MLP_opt,log,,,,,
11,score_seguranca,raw_zero_ord,Linear,none,,,,,
11,score_seguranca,quantile_median_ord,KNN_opt,yeojohnson,,,,,
11,score_seguranca,robust_median_ohe,KNN_opt,none,,,,,
11,score_seguranca,robust_median_ohe,RandomForest_opt,sqrt,,,,,
11,score_seguranca,std_median_ohe,Linear,sqrt,,,,,
11,score_seguranca,raw_zero_ord,Linear,log,,,,,
11,score_seguranca,std_median_ohe,LightGBM_opt,sqrt,,,,,
11,score_seguranca,std_median_ohe,SVR_opt,boxcox,,,,,
11,score_seguranca,robust_median_ohe,GradientBoosting_opt,yeojohnson,,,,,
11,score_seguranca,minmax_mean_ohe,CatBoost_opt,none,,,,,
11,score_seguranca,std_median_ohe,MLP_opt,log,,,,,
11,score_seguranca,minmax_mean_ohe,HistGB_opt,log,,,,,
11,score_seguranca,minmax_mean_ohe,GradientBoosting_opt,boxcox,,,,,
11,score_seguranca,quantile_median_ord,SVR_opt,boxcox,,,,,
11,score_seguranca,power_median_ohe,GradientBoosting_opt,boxcox,,,,,
11,score_seguranca,raw_zero_ord,CatBoost_opt,log,,,,,
11,score_seguranca,quantile_median_ord,LightGBM_opt,none,,,,,
11,score_seguranca,std_median_ohe,Linear,none,,,,,
11,score_seguranca,power_median_ohe,RandomForest_opt,log,,,,,
11,score_seguranca,quantile_median_ord,CatBoost_opt,log,,,,,
11,score_seguranca,power_median_ohe,LightGBM_opt,yeojohnson,,,,,
11,score_seguranca,quantile_median_ord,Ridge_opt,yeojohnson,,,,,
11,score_seguranca,raw_zero_ord,GradientBoosting_opt,boxcox,,,,,
11,score_seguranca,robust_median_ohe,LightGBM_opt,sqrt,,,,,
11,score_seguranca,std_median_ohe,CatBoost_opt,none,,,,,
11,score_seguranca,std_median_ohe,LightGBM_opt,log,,,,,
11,score_seguranca,std_median_ohe,LightGBM_opt,boxcox,,,,,
11,score_seguranca,robust_median_ohe,CatBoost_opt,log,,,,,
11,score_seguranca,std_median_ohe,KNN_opt,boxcox,,,,,
11,score_seguranca,robust_median_ohe,CatBoost_opt,boxcox,,,,,
11,score_seguranca,minmax_mean_ohe,LightGBM_opt,none,,,,,
11,score_seguranca,minmax_mean_ohe,Linear,log,,,,,
11,score_seguranca,minmax_mean_ohe,KNN_opt,boxcox,,,,,
11,score_seguranca,minmax_mean_ohe,CatBoost_opt,yeojohnson,,,,,
11,score_seguranca,quantile_median_ord,RandomForest_opt,boxcox,,,,,
11,score_seguranca,power_median_ohe,LightGBM_opt,none,,,,,
11,score_seguranca,power_median_ohe,MLP_opt,log,,,,,
11,score_seguranca,raw_zero_ord,GradientBoosting_opt,log,,,,,
11,score_seguranca,quantile_median_ord,Linear,none,,,,,
11,score_seguranca,quantile_median_ord,GradientBoosting_opt,log,,,,,
11,score_seguranca,power_median_ohe,KNN_opt,yeojohnson,,,,,
11,score_seguranca,raw_zero_ord,MLP_opt,sqrt,,,,,
11,score_seguranca,power_median_ohe,SVR_opt,sqrt,,,,,
11,score_seguranca,robust_median_ohe,GradientBoosting_opt,none,,,,,
11,score_seguranca,std_median_ohe,KNN_opt,none,,,,,
11,score_seguranca,std_median_ohe,Ridge_opt,none,,,,,
11,score_seguranca,std_median_ohe,HistGB_opt,sqrt,,,,,
11,score_seguranca,std_median_ohe,CatBoost_opt,boxcox,,,,,
11,score_seguranca,robust_median_ohe,HistGB_opt,sqrt,,,,,
11,score_seguranca,robust_median_ohe,SVR_opt,yeojohnson,,,,,
11,score_seguranca,minmax_mean_ohe,HistGB_opt,none,,,,,
11,score_seguranca,minmax_mean_ohe,MLP_opt,log,,,,,
11,score_seguranca,minmax_mean_ohe,SVR_opt,boxcox,,,,,
11,score_seguranca,std_median_ohe,MLP_opt,yeojohnson,,,,,
11,score_seguranca,power_median_ohe,KNN_opt,none,,,,,
11,score_seguranca,power_median_ohe,LightGBM_opt,sqrt,,,,,
11,score_seguranca,robust_median_ohe,MLP_opt,yeojohnson,,,,,
11,score_seguranca,raw_zero_ord,CatBoost_opt,yeojohnson,,,,,
11,score_seguranca,power_median_ohe,Ridge_opt,yeojohnson,,,,,
11,score_seguranca,quantile_median_ord,CatBoost_opt,none,,,,,
11,score_seguranca,raw_zero_ord,LightGBM_opt,sqrt,,,,,
11,score_seguranca,power_median_ohe,RandomForest_opt,sqrt,,,,,
11,score_seguranca,robust_median_ohe,RandomForest_opt,none,,,,,
11,score_seguranca,std_median_ohe,Ridge_opt,log,,,,,
11,score_seguranca,std_median_ohe,RandomForest_opt,boxcox,,,,,
11,score_seguranca,raw_zero_ord,MLP_opt,none,,,,,
11,score_seguranca,robust_median_ohe,MLP_opt,log,,,,,
11,score_seguranca,minmax_mean_ohe,Ridge_opt,sqrt,,,,,
11,score_seguranca,minmax_mean_ohe,CatBoost_opt,boxcox,,,,,
11,score_seguranca,quantile_median_ord,RandomForest_opt,none,,,,,
11,score_seguranca,quantile_median_ord,Ridge_opt,sqrt,,,,,
11,score_seguranca,quantile_median_ord,CatBoost_opt,sqrt,,,,,
11,score_seguranca,power_median_ohe,Ridge_opt,none,,,,,
11,score_seguranca,raw_zero_ord,LightGBM_opt,none,,,,,
11,score_seguranca,raw_zero_ord,GradientBoosting_opt,yeojohnson,,,,,
11,score_seguranca,raw_zero_ord,KNN_opt,sqrt,,,,,
11,score_seguranca,quantile_median_ord,Linear,log,,,,,
11,score_seguranca,quantile_median_ord,GradientBoosting_opt,sqrt,,,,,
11,score_seguranca,robust_median_ohe,Ridge_opt,none,,,,,
11,score_seguranca,std_median_ohe,SVR_opt,none,,,,,
11,score_seguranca,std_median_ohe,KNN_opt,log,,,,,
11,score_seguranca,std_median_ohe,RandomForest_opt,yeojohnson,,,,,
11,score_seguranca,robust_median_ohe,KNN_opt,log,,,,,
11,score_seguranca,robust_median_ohe,KNN_opt,yeojohnson,,,,,
11,score_seguranca,minmax_mean_ohe,MLP_opt,none,,,,,
11,score_seguranca,minmax_mean_ohe,RandomForest_opt,sqrt,,,,,
11,score_seguranca,minmax_mean_ohe,LightGBM_opt,boxcox,,,,,
11,score_seguranca,quantile_median_ord,GradientBoosting_opt,none,,,,,
11,score_seguranca,quantile_median_ord,HistGB_opt,yeojohnson,,,,,
11,score_seguranca,minmax_mean_ohe,Linear,none,,,,,
11,score_seguranca,power_median_ohe,LightGBM_opt,boxcox,,,,,
11,score_seguranca,raw_zero_ord,Ridge_opt,sqrt,,,,,
11,score_seguranca,power_median_ohe,CatBoost_opt,log,,,,,
11,score_seguranca,raw_zero_ord,SVR_opt,none,,,,,
11,score_seguranca,raw_zero_ord,MLP_opt,boxcox,,,,,
11,score_seguranca,raw_zero_ord,Ridge_opt,none,,,,,
11,score_seguranca,robust_median_ohe,CatBoost_opt,sqrt,,,,,
11,score_seguranca,robust_median_ohe,LightGBM_opt,none,,,,,
11,score_seguranca,std_median_ohe,HistGB_opt,none,,,,,
11,score_seguranca,std_median_ohe,MLP_opt,none,,,,,
11,score_seguranca,std_median_ohe,Ridge_opt,boxcox,,,,,
11,score_seguranca,std_median_ohe,SVR_opt,yeojohnson,,,,,
11,score_seguranca,power_median_ohe,MLP_opt,none,,,,,
11,score_seguranca,robust_median_ohe,RandomForest_opt,yeojohnson,,,,,
11,score_seguranca,minmax_mean_ohe,Ridge_opt,log,,,,,
11,score_seguranca,minmax_mean_ohe,GradientBoosting_opt,sqrt,,,,,
11,score_seguranca,raw_zero_ord,LightGBM_opt,boxcox,,,,,
11,score_seguranca,quantile_median_ord,MLP_opt,yeojohnson,,,,,
11,score_seguranca,quantile_median_ord,CatBoost_opt,boxcox,,,,,
11,score_seguranca,power_median_ohe,KNN_opt,boxcox,,,,,
11,score_seguranca,raw_zero_ord,LightGBM_opt,log,,,,,
11,score_seguranca,quantile_median_ord,HistGB_opt,none,,,,,
11,score_seguranca,power_median_ohe,GradientBoosting_opt,log,,,,,
11,score_seguranca,minmax_mean_ohe,Ridge_opt,boxcox,,,,,
11,score_seguranca,quantile_median_ord,LightGBM_opt,log,,,,,
11,score_seguranca,power_median_ohe,HistGB_opt,yeojohnson,,,,,
11,score_seguranca,quantile_median_ord,RandomForest_opt,yeojohnson,,,,,
11,score_seguranca,raw_zero_ord,KNN_opt,boxcox,,,,,
11,score_seguranca,robust_median_ohe,LightGBM_opt,log,,,,,
11,score_seguranca,std_median_ohe,HistGB_opt,log,,,,,
11,score_seguranca,std_median_ohe,KNN_opt,yeojohnson,,,,,
11,score_seguranca,quantile_median_ord,MLP_opt,log,,,,,
11,score_seguranca,minmax_mean_ohe,RandomForest_opt,log,,,,,
11,score_seguranca,quantile_median_ord,KNN_opt,sqrt,,,,,
11,score_seguranca,quantile_median_ord,SVR_opt,yeojohnson,,,,,
11,score_seguranca,power_median_ohe,CatBoost_opt,sqrt,,,,,
11,score_seguranca,minmax_mean_ohe,LightGBM_opt,yeojohnson,,,,,
11,score_seguranca,quantile_median_ord,GradientBoosting_opt,boxcox,,,,,
11,score_seguranca,power_median_ohe,Ridge_opt,boxcox,,,,,
11,score_seguranca,raw_zero_ord,KNN_opt,log,,,,,
11,score_seguranca,power_median_ohe,HistGB_opt,none,,,,,
11,score_seguranca,minmax_mean_ohe,Linear,boxcox,,,,,
11,score_seguranca,power_median_ohe,SVR_opt,yeojohnson,,,,,
11,score_seguranca,quantile_median_ord,Linear,boxcox,,,,,
11,score_seguranca,robust_median_ohe,Linear,log,,,,,
11,score_seguranca,power_median_ohe,MLP_opt,sqrt,,,,,
11,score_seguranca,quantile_median_ord,Linear,sqrt,,,,,
11,score_seguranca,power_median_ohe,MLP_opt,yeojohnson,,,,,
11,score_seguranca,minmax_mean_ohe,MLP_opt,yeojohnson,,,,,
11,score_seguranca,raw_zero_ord,MLP_opt,yeojohnson,,,,,
11,score_seguranca,power_median_ohe,Linear,sqrt,,,,,
11,score_seguranca,power_median_ohe,Linear,none,,,,,
11,score_seguranca,std_median_ohe,Linear,yeojohnson,,,,,
11,score_seguranca,robust_median_ohe,Linear,yeojohnson,,,,,
11,score_seguranca,minmax_mean_ohe,Linear,yeojohnson,,,,,
11,score_seguranca,power_median_ohe,Linear,log,,,,,
11,score_seguranca,quantile_median_ord,Linear,yeojohnson,,,,,
11,score_seguranca,raw_zero_ord,Linear,yeojohnson,,,,,
11,score_seguranca,power_median_ohe,Linear,yeojohnson,,,,,
12,score_educacao,power_median_ohe,HistGB_opt,boxcox,,,,,
12,score_educacao,std_median_ohe,SVR_opt,log,,,,,
12,score_educacao,std_median_ohe,LightGBM_opt,sqrt,,,,,
12,score_educacao,std_median_ohe,KNN_opt,boxcox,,,,,
12,score_educacao,std_median_ohe,Ridge_opt,yeojohnson,,,,,
12,score_educacao,robust_median_ohe,SVR_opt,log,,,,,
12,score_educacao,robust_median_ohe,CatBoost_opt,none,,,,,
12,score_educacao,robust_median_ohe,Ridge_opt,boxcox,,,,,
12,score_educacao,robust_median_ohe,LightGBM_opt,yeojohnson,,,,,
12,score_educacao,raw_zero_ord,KNN_opt,none,,,,,
12,score_educacao,minmax_mean_ohe,Ridge_opt,boxcox,,,,,
12,score_educacao,power_median_ohe,SVR_opt,boxcox,,,,,
12,score_educacao,raw_zero_ord,HistGB_opt,log,,,,,
12,score_educacao,quantile_median_ord,CatBoost_opt,sqrt,,,,,
12,score_educacao,std_median_ohe,RandomForest_opt,none,,,,,
12,score_educacao,std_median_ohe,CatBoost_opt,none,,,,,
12,score_educacao,std_median_ohe,RandomForest_opt,yeojohnson,,,,,
12,score_educacao,robust_median_ohe,LightGBM_opt,none,,,,,
12,score_educacao,robust_median_ohe,LightGBM_opt,log,,,,,
12,score_educacao,robust_median_ohe,RandomForest_opt,boxcox,,,,,
12,score_educacao,robust_median_ohe,HistGB_opt,yeojohnson,,,,,
12,score_educacao,minmax_mean_ohe,Ridge_opt,none,,,,,
12,score_educacao,minmax_mean_ohe,LightGBM_opt,log,,,,,
12,score_educacao,minmax_mean_ohe,LightGBM_opt,yeojohnson,,,,,
12,score_educacao,raw_zero_ord,Ridge_opt,none,,,,,
12,score_educacao,raw_zero_ord,KNN_opt,boxcox,,,,,
12,score_educacao,quantile_median_ord,RandomForest_opt,yeojohnson,,,,,
12,score_educacao,power_median_ohe,GradientBoosting_opt,sqrt,,,,,
12,score_educacao,power_median_ohe,RandomForest_opt,boxcox,,,,,
12,score_educacao,raw_zero_ord,SVR_opt,log,,,,,
12,score_educacao,quantile_median_ord,GradientBoosting_opt,sqrt,,,,,
12,score_educacao,power_median_ohe,KNN_opt,none,,,,,
12,score_educacao,raw_zero_ord,HistGB_opt,yeojohnson,,,,,
12,score_educacao,robust_median_ohe,HistGB_opt,none,,,,,
12,score_educacao,std_median_ohe,KNN_opt,log,,,,,
12,score_educacao,std_median_ohe,GradientBoosting_opt,log,,,,,
12,score_educacao,std_median_ohe,SVR_opt,sqrt,,,,,
12,score_educacao,std_median_ohe,GradientBoosting_opt,boxcox,,,,,
12,score_educacao,std_median_ohe,GradientBoosting_opt,yeojohnson,,,,,
12,score_educacao,robust_median_ohe,HistGB_opt,log,,,,,
12,score_educacao,robust_median_ohe,GradientBoosting_opt,boxcox,,,,,
12,score_educacao,minmax_mean_ohe,RandomForest_opt,none,,,,,
12,score_educacao,power_median_ohe,HistGB_opt,yeojohnson,,,,,
12,score_educacao,raw_zero_ord,Ridge_opt,boxcox,,,,,
12,score_educacao,raw_zero_ord,HistGB_opt,boxcox,,,,,
12,score_educacao,raw_zero_ord,RandomForest_opt,log,,,,,
12,score_educacao,power_median_ohe,Ridge_opt,none,,,,,
12,score_educacao,raw_zero_ord,SVR_opt,yeojohnson,,,,,
12,score_educacao,std_median_ohe,KNN_opt,none,,,,,
12,score_educacao,std_median_ohe,RandomForest_opt,boxcox,,,,,
12,score_educacao,std_median_ohe,KNN_opt,yeojohnson,,,,,
12,score_educacao,robust_median_ohe,KNN_opt,boxcox,,,,,
12,score_educacao,minmax_mean_ohe,GradientBoosting_opt,none,,,,,
12,score_educacao,minmax_mean_ohe,KNN_opt,boxcox,,,,,
12,score_educacao,quantile_median_ord,CatBoost_opt,boxcox,,,,,
12,score_educacao,power_median_ohe,LightGBM_opt,log,,,,,
12,score_educacao,power_median_ohe,SVR_opt,yeojohnson,,,,,
12,score_educacao,raw_zero_ord,HistGB_opt,sqrt,,,,,
12,score_educacao,power_median_ohe,CatBoost_opt,sqrt,,,,,
12,score_educacao,quantile_median_ord,Linear,boxcox,,,,,
12,score_educacao,quantile_median_ord,LightGBM_opt,log,,,,,
12,score_educacao,quantile_median_ord,HistGB_opt,yeojohnson,,,,,
12,score_educacao,raw_zero_ord,RandomForest_opt,yeojohnson,,,,,
12,score_educacao,std_median_ohe,Ridge_opt,none,,,,,
12,score_educacao,std_median_ohe,CatBoost_opt,log,,,,,
12,score_educacao,std_median_ohe,SVR_opt,yeojohnson,,,,,
12,score_educacao,raw_zero_ord,Linear,log,,,,,
12,score_educacao,std_median_ohe,Linear,none,,,,,
12,score_educacao,robust_median_ohe,SVR_opt,boxcox,,,,,
12,score_educacao,minmax_mean_ohe,KNN_opt,none,,,,,
12,score_educacao,std_median_ohe,MLP_opt,sqrt,,,,,
12,score_educacao,minmax_mean_ohe,SVR_opt,boxcox,,,,,
12,score_educacao,quantile_median_ord,Ridge_opt,none,,,,,
12,score_educacao,quantile_median_ord,KNN_opt,none,,,,,
12,score_educacao,quantile_median_ord,GradientBoosting_opt,boxcox,,,,,
12,score_educacao,power_median_ohe,KNN_opt,log,,,,,
12,score_educacao,raw_zero_ord,Linear,none,,,,,
12,score_educacao,raw_zero_ord,Ridge_opt,sqrt,,,,,
12,score_educacao,raw_zero_ord,SVR_opt,sqrt,,,,,
12,score_educacao,raw_zero_ord,CatBoost_opt,none,,,,,
12,score_educacao,quantile_median_ord,KNN_opt,log,,,,,
12,score_educacao,minmax_mean_ohe,Linear,log,,,,,
12,score_educacao,quantile_median_ord,SVR_opt,yeojohnson,,,,,
12,score_educacao,std_median_ohe,LightGBM_opt,log,,,,,
12,score_educacao,raw_zero_ord,Linear,boxcox,,,,,
12,score_educacao,std_median_ohe,CatBoost_opt,yeojohnson,,,,,
12,score_educacao,robust_median_ohe,Ridge_opt,sqrt,,,,,
12,score_educacao,robust_median_ohe,Ridge_opt,log,,,,,
12,score_educacao,robust_median_ohe,CatBoost_opt,boxcox,,,,,
12,score_educacao,minmax_mean_ohe,SVR_opt,none,,,,,
12,score_educacao,minmax_mean_ohe,Ridge_opt,sqrt,,,,,
12,score_educacao,minmax_mean_ohe,CatBoost_opt,boxcox,,,,,
12,score_educacao,minmax_mean_ohe,MLP_opt,log,,,,,
12,score_educacao,power_median_ohe,Ridge_opt,log,,,,,
12,score_educacao,raw_zero_ord,CatBoost_opt,boxcox,,,,,
12,score_educacao,minmax_mean_ohe,RandomForest_opt,boxcox,,,,,
12,score_educacao,power_median_ohe,CatBoost_opt,boxcox,,,,,
12,score_educacao,std_median_ohe,Linear,sqrt,,,,,
12,score_educacao,robust_median_ohe,MLP_opt,log,,,,,
12,score_educacao,robust_median_ohe,RandomForest_opt,log,,,,,
12,score_educacao,std_median_ohe,SVR_opt,none,,,,,
12,score_educacao,std_median_ohe,HistGB_opt,yeojohnson,,,,,
12,score_educacao,robust_median_ohe,RandomForest_opt,sqrt,,,,,
12,score_educacao,robust_median_ohe,LightGBM_opt,boxcox,,,,,
12,score_educacao,minmax_mean_ohe,CatBoost_opt,none,,,,,
12,score_educacao,minmax_mean_ohe,HistGB_opt,log,,,,,
12,score_educacao,minmax_mean_ohe,RandomForest_opt,sqrt,,,,,
12,score_educacao,minmax_mean_ohe,LightGBM_opt,boxcox,,,,,
12,score_educacao,minmax_mean_ohe,HistGB_opt,yeojohnson,,,,,
12,score_educacao,power_median_ohe,MLP_opt,boxcox,,,,,
12,score_educacao,raw_zero_ord,RandomForest_opt,none,,,,,
12,score_educacao,raw_zero_ord,SVR_opt,boxcox,,,,,
12,score_educacao,power_median_ohe,GradientBoosting_opt,boxcox,,,,,
12,score_educacao,robust_median_ohe,MLP_opt,none,,,,,
12,score_educacao,raw_zero_ord,CatBoost_opt,log,,,,,
12,score_educacao,quantile_median_ord,KNN_opt,sqrt,,,,,
12,score_educacao,power_median_ohe,SVR_opt,none,,,,,
12,score_educacao,robust_median_ohe,GradientBoosting_opt,sqrt,,,,,
12,score_educacao,robust_median_ohe,GradientBoosting_opt,log,,,,,
12,score_educacao,std_median_ohe,RandomForest_opt,sqrt,,,,,
12,score_educacao,std_median_ohe,GradientBoosting_opt,sqrt,,,,,
12,score_educacao,std_median_ohe,SVR_opt,boxcox,,,,,
12,score_educacao,robust_median_ohe,HistGB_opt,boxcox,,,,,
12,score_educacao,minmax_mean_ohe,LightGBM_opt,none,,,,,
12,score_educacao,minmax_mean_ohe,GradientBoosting_opt,sqrt,,,,,
12,score_educacao,minmax_mean_ohe,HistGB_opt,boxcox,,,,,
12,score_educacao,raw_zero_ord,RandomForest_opt,boxcox,,,,,
12,score_educacao,quantile_median_ord,MLP_opt,boxcox,,,,,
12,score_educacao,power_median_ohe,Ridge_opt,sqrt,,,,,
12,score_educacao,quantile_median_ord,Ridge_opt,log,,,,,
12,score_educacao,quantile_median_ord,Linear,sqrt,,,,,
12,score_educacao,raw_zero_ord,GradientBoosting_opt,log,,,,,
12,score_educacao,quantile_median_ord,Ridge_opt,sqrt,,,,,
12,score_educacao,power_median_ohe,RandomForest_opt,none,,,,,
12,score_educacao,raw_zero_ord,CatBoost_opt,yeojohnson,,,,,
12,score_educacao,std_median_ohe,GradientBoosting_opt,none,,,,,
12,score_educacao,std_median_ohe,CatBoost_opt,boxcox,,,,,
12,score_educacao,std_median_ohe,Linear,log,,,,,
12,score_educacao,robust_median_ohe,KNN_opt,sqrt,,,,,
12,score_educacao,robust_median_ohe,KNN_opt,log,,,,,
12,score_educacao,quantile_median_ord,MLP_opt,log,,,,,
12,score_educacao,minmax_mean_ohe,HistGB_opt,none,,,,,
12,score_educacao,minmax_mean_ohe,KNN_opt,sqrt,,,,,
12,score_educacao,robust_median_ohe,Linear,boxcox,,,,,
12,score_educacao,quantile_median_ord,SVR_opt,none,,,,,
12,score_educacao,minmax_mean_ohe,Linear,boxcox,,,,,
12,score_educacao,quantile_median_ord,LightGBM_opt,boxcox,,,,,
12,score_educacao,power_median_ohe,HistGB_opt,log,,,,,
12,score_educacao,power_median_ohe,RandomForest_opt,yeojohnson,,,,,
12,score_educacao,robust_median_ohe,Linear,log,,,,,
12,score_educacao,power_median_ohe,CatBoost_opt,yeojohnson,,,,,
12,score_educacao,power_median_ohe,LightGBM_opt,sqrt,,,,,
12,score_educacao,power_median_ohe,LightGBM_opt,none,,,,,
12,score_educacao,quantile_median_ord,HistGB_opt,log,,,,,
12,score_educacao,raw_zero_ord,Linear,sqrt,,,,,
12,score_educacao,robust_median_ohe,Linear,none,,,,,
12,score_educacao,quantile_median_ord,MLP_opt,sqrt,,,,,
12,score_educacao,raw_zero_ord,GradientBoosting_opt,yeojohnson,,,,,
12,score_educacao,std_median_ohe,LightGBM_opt,yeojohnson,,,,,
12,score_educacao,std_median_ohe,Ridge_opt,log,,,,,
12,score_educacao,std_median_ohe,HistGB_opt,sqrt,,,,,
12,score_educacao,raw_zero_ord,MLP_opt,none,,,,,
12,score_educacao,robust_median_ohe,RandomForest_opt,none,,,,,
12,score_educacao,robust_median_ohe,SVR_opt,sqrt,,,,,
12,score_educacao,raw_zero_ord,MLP_opt,log,,,,,
12,score_educacao,minmax_mean_ohe,SVR_opt,sqrt,,,,,
12,score_educacao,minmax_mean_ohe,MLP_opt,boxcox,,,,,
12,score_educacao,quantile_median_ord,CatBoost_opt,none,,,,,
12,score_educacao,quantile_median_ord,KNN_opt,boxcox,,,,,
12,score_educacao,power_median_ohe,SVR_opt,log,,,,,
12,score_educacao,power_median_ohe,GradientBoosting_opt,yeojohnson,,,,,
12,score_educacao,robust_median_ohe,MLP_opt,boxcox,,,,,
12,score_educacao,raw_zero_ord,CatBoost_opt,sqrt,,,,,
12,score_educacao,power_median_ohe,KNN_opt,sqrt,,,,,
12,score_educacao,raw_zero_ord,LightGBM_opt,none,,,,,
12,score_educacao,quantile_median_ord,SVR_opt,log,,,,,
12,score_educacao,quantile_median_ord,CatBoost_opt,yeojohnson,,,,,
12,score_educacao,raw_zero_ord,MLP_opt,boxcox,,,,,
12,score_educacao,std_median_ohe,Ridge_opt,boxcox,,,,,
12,score_educacao,robust_median_ohe,GradientBoosting_opt,none,,,,,
12,score_educacao,robust_median_ohe,CatBoost_opt,sqrt,,,,,
12,score_educacao,robust_median_ohe,Ridge_opt,yeojohnson,,,,,
12,score_educacao,std_median_ohe,MLP_opt,none,,,,,
12,score_educacao,minmax_mean_ohe,CatBoost_opt,sqrt,,,,,
12,score_educacao,minmax_mean_ohe,Ridge_opt,yeojohnson,,,,,
12,score_educacao,minmax_mean_ohe,MLP_opt,none,,,,,
12,score_educacao,quantile_median_ord,RandomForest_opt,none,,,,,
12,score_educacao,quantile_median_ord,LightGBM_opt,none,,,,,
12,score_educacao,quantile_median_ord,Ridge_opt,boxcox,,,,,
12,score_educacao,power_median_ohe,RandomForest_opt,log,,,,,
12,score_educacao,raw_zero_ord,GradientBoosting_opt,sqrt,,,,,
12,score_educacao,quantile_median_ord,RandomForest_opt,log,,,,,
12,score_educacao,quantile_median_ord,GradientBoosting_opt,yeojohnson,,,,,
12,score_educacao,minmax_mean_ohe,GradientBoosting_opt,boxcox,,,,,
12,score_educacao,raw_zero_ord,LightGBM_opt,boxcox,,,,,
12,score_educacao,power_median_ohe,LightGBM_opt,boxcox,,,,,
12,score_educacao,robust_median_ohe,LightGBM_opt,sqrt,,,,,
12,score_educacao,std_median_ohe,HistGB_opt,none,,,,,
12,score_educacao,std_median_ohe,LightGBM_opt,boxcox,,,,,
12,score_educacao,robust_median_ohe,CatBoost_opt,log,,,,,
12,score_educacao,robust_median_ohe,RandomForest_opt,yeojohnson,,,,,
12,score_educacao,minmax_mean_ohe,Ridge_opt,log,,,,,
12,score_educacao,minmax_mean_ohe,LightGBM_opt,sqrt,,,,,
12,score_educacao,minmax_mean_ohe,RandomForest_opt,yeojohnson,,,,,
12,score_educacao,quantile_median_ord,HistGB_opt,none,,,,,
12,score_educacao,quantile_median_ord,HistGB_opt,sqrt,,,,,
12,score_educacao,raw_zero_ord,GradientBoosting_opt,none,,,,,
12,score_educacao,power_median_ohe,KNN_opt,boxcox,,,,,
12,score_educacao,raw_zero_ord,LightGBM_opt,log,,,,,
12,score_educacao,power_median_ohe,CatBoost_opt,none,,,,,
12,score_educacao,minmax_mean_ohe,Linear,none,,,,,
12,score_educacao,std_median_ohe,HistGB_opt,boxcox,,,,,
12,score_educacao,std_median_ohe,LightGBM_opt,none,,,,,
12,score_educacao,std_median_ohe,CatBoost_opt,sqrt,,,,,
12,score_educacao,robust_median_ohe,KNN_opt,none,,,,,
12,score_educacao,robust_median_ohe,HistGB_opt,sqrt,,,,,
12,score_educacao,robust_median_ohe,GradientBoosting_opt,yeojohnson,,,,,
12,score_educacao,minmax_mean_ohe,RandomForest_opt,log,,,,,
12,score_educacao,minmax_mean_ohe,CatBoost_opt,log,,,,,
12,score_educacao,minmax_mean_ohe,HistGB_opt,sqrt,,,,,
12,score_educacao,minmax_mean_ohe,GradientBoosting_opt,yeojohnson,,,,,
12,score_educacao,power_median_ohe,MLP_opt,log,,,,,
12,score_educacao,raw_zero_ord,GradientBoosting_opt,boxcox,,,,,
12,score_educacao,power_median_ohe,RandomForest_opt,sqrt,,,,,
12,score_educacao,power_median_ohe,Ridge_opt,boxcox,,,,,
12,score_educacao,power_median_ohe,Linear,boxcox,,,,,
12,score_educacao,quantile_median_ord,RandomForest_opt,sqrt,,,,,
12,score_educacao,power_median_ohe,GradientBoosting_opt,none,,,,,
12,score_educacao,raw_zero_ord,KNN_opt,log,,,,,
12,score_educacao,raw_zero_ord,LightGBM_opt,yeojohnson,,,,,
12,score_educacao,robust_median_ohe,Ridge_opt,none,,,,,
12,score_educacao,std_median_ohe,Ridge_opt,sqrt,,,,,
12,score_educacao,power_median_ohe,Linear,sqrt,,,,,
12,score_educacao,robust_median_ohe,KNN_opt,yeojohnson,,,,,
12,score_educacao,minmax_mean_ohe,GradientBoosting_opt,log,,,,,
12,score_educacao,minmax_mean_ohe,Linear,sqrt,,,,,
12,score_educacao,minmax_mean_ohe,KNN_opt,yeojohnson,,,,,
12,score_educacao,robust_median_ohe,Linear,sqrt,,,,,
12,score_educacao,quantile_median_ord,SVR_opt,sqrt,,,,,
12,score_educacao,quantile_median_ord,Ridge_opt,yeojohnson,,,,,
12,score_educacao,power_median_ohe,LightGBM_opt,yeojohnson,,,,,
12,score_educacao,quantile_median_ord,HistGB_opt,boxcox,,,,,
12,score_educacao,power_median_ohe,MLP_opt,sqrt,,,,,
12,score_educacao,power_median_ohe,MLP_opt,none,,,,,
12,score_educacao,raw_zero_ord,RandomForest_opt,sqrt,,,,,
12,score_educacao,minmax_mean_ohe,MLP_opt,yeojohnson,,,,,
12,score_educacao,power_median_ohe,HistGB_opt,sqrt,,,,,
12,score_educacao,raw_zero_ord,Ridge_opt,log,,,,,
12,score_educacao,robust_median_ohe,MLP_opt,yeojohnson,,,,,
12,score_educacao,raw_zero_ord,MLP_opt,sqrt,,,,,
12,score_educacao,raw_zero_ord,KNN_opt,yeojohnson,,,,,
12,score_educacao,robust_median_ohe,SVR_opt,none,,,,,
12,score_educacao,std_median_ohe,Linear,boxcox,,,,,
12,score_educacao,std_median_ohe,RandomForest_opt,log,,,,,
12,score_educacao,std_median_ohe,MLP_opt,log,,,,,
12,score_educacao,std_median_ohe,KNN_opt,sqrt,,,,,
12,score_educacao,quantile_median_ord,MLP_opt,none,,,,,
12,score_educacao,robust_median_ohe,SVR_opt,yeojohnson,,,,,
12,score_educacao,minmax_mean_ohe,KNN_opt,log,,,,,
12,score_educacao,minmax_mean_ohe,MLP_opt,sqrt,,,,,
12,score_educacao,minmax_mean_ohe,SVR_opt,yeojohnson,,,,,
12,score_educacao,quantile_median_ord,SVR_opt,boxcox,,,,,
12,score_educacao,power_median_ohe,CatBoost_opt,log,,,,,
12,score_educacao,power_median_ohe,KNN_opt,yeojohnson,,,,,
12,score_educacao,raw_zero_ord,LightGBM_opt,sqrt,,,,,
12,score_educacao,power_median_ohe,SVR_opt,sqrt,,,,,
12,score_educacao,raw_zero_ord,HistGB_opt,none,,,,,
12,score_educacao,quantile_median_ord,CatBoost_opt,log,,,,,
12,score_educacao,quantile_median_ord,LightGBM_opt,yeojohnson,,,,,
12,score_educacao,raw_zero_ord,Ridge_opt,yeojohnson,,,,,
12,score_educacao,robust_median_ohe,MLP_opt,sqrt,,,,,
12,score_educacao,std_median_ohe,HistGB_opt,log,,,,,
12,score_educacao,robust_median_ohe,CatBoost_opt,yeojohnson,,,,,
12,score_educacao,minmax_mean_ohe,SVR_opt,log,,,,,
12,score_educacao,minmax_mean_ohe,CatBoost_opt,yeojohnson,,,,,
12,score_educacao,quantile_median_ord,LightGBM_opt,sqrt,,,,,
12,score_educacao,quantile_median_ord,RandomForest_opt,boxcox,,,,,
12,score_educacao,quantile_median_ord,GradientBoosting_opt,none,,,,,
12,score_educacao,power_median_ohe,HistGB_opt,none,,,,,
12,score_educacao,power_median_ohe,GradientBoosting_opt,log,,,,,
12,score_educacao,power_median_ohe,Ridge_opt,yeojohnson,,,,,
12,score_educacao,raw_zero_ord,KNN_opt,sqrt,,,,,
12,score_educacao,raw_zero_ord,SVR_opt,none,,,,,
12,score_educacao,quantile_median_ord,GradientBoosting_opt,log,,,,,
12,score_educacao,quantile_median_ord,KNN_opt,yeojohnson,,,,,
12,score_educacao,std_median_ohe,MLP_opt,boxcox,,,,,
12,score_educacao,std_median_ohe,MLP_opt,yeojohnson,,,,,
12,score_educacao,quantile_median_ord,Linear,log,,,,,
12,score_educacao,raw_zero_ord,MLP_opt,yeojohnson,,,,,
12,score_educacao,quantile_median_ord,Linear,none,,,,,
12,score_educacao,quantile_median_ord,MLP_opt,yeojohnson,,,,,
12,score_educacao,power_median_ohe,MLP_opt,yeojohnson,,,,,
12,score_educacao,raw_zero_ord,Linear,yeojohnson,,,,,
12,score_educacao,std_median_ohe,Linear,yeojohnson,,,,,
12,score_educacao,robust_median_ohe,Linear,yeojohnson,,,,,
12,score_educacao,power_median_ohe,Linear,none,,,,,
12,score_educacao,minmax_mean_ohe,Linear,yeojohnson,,,,,
12,score_educacao,power_median_ohe,Linear,log,,,,,
12,score_educacao,quantile_median_ord,Linear,yeojohnson,,,,,
12,score_educacao,power_median_ohe,Linear,yeojohnson,,,,,
13,metro_quadrado_bairro_mean,std_median_ohe,Ridge_opt,sqrt,,,,,
13,metro_quadrado_bairro_mean,std_median_ohe,LightGBM_opt,boxcox,,,,,
13,metro_quadrado_bairro_mean,std_median_ohe,GradientBoosting_opt,yeojohnson,,,,,
13,metro_quadrado_bairro_mean,robust_median_ohe,HistGB_opt,sqrt,,,,,
13,metro_quadrado_bairro_mean,robust_median_ohe,Ridge_opt,yeojohnson,,,,,
13,metro_quadrado_bairro_mean,minmax_mean_ohe,LightGBM_opt,none,,,,,
13,metro_quadrado_bairro_mean,minmax_mean_ohe,HistGB_opt,log,,,,,
13,metro_quadrado_bairro_mean,minmax_mean_ohe,KNN_opt,boxcox,,,,,
13,metro_quadrado_bairro_mean,quantile_median_ord,GradientBoosting_opt,none,,,,,
13,metro_quadrado_bairro_mean,power_median_ohe,RandomForest_opt,sqrt,,,,,
13,metro_quadrado_bairro_mean,power_median_ohe,CatBoost_opt,boxcox,,,,,
13,metro_quadrado_bairro_mean,raw_zero_ord,HistGB_opt,log,,,,,
13,metro_quadrado_bairro_mean,raw_zero_ord,GradientBoosting_opt,boxcox,,,,,
13,metro_quadrado_bairro_mean,power_median_ohe,LightGBM_opt,log,,,,,
13,metro_quadrado_bairro_mean,robust_median_ohe,Ridge_opt,log,,,,,
13,metro_quadrado_bairro_mean,robust_median_ohe,SVR_opt,sqrt,,,,,
13,metro_quadrado_bairro_mean,robust_median_ohe,CatBoost_opt,none,,,,,
13,metro_quadrado_bairro_mean,robust_median_ohe,Ridge_opt,boxcox,,,,,
13,metro_quadrado_bairro_mean,robust_median_ohe,RandomForest_opt,yeojohnson,,,,,
13,metro_quadrado_bairro_mean,minmax_mean_ohe,SVR_opt,boxcox,,,,,
13,metro_quadrado_bairro_mean,quantile_median_ord,KNN_opt,none,,,,,
13,metro_quadrado_bairro_mean,quantile_median_ord,CatBoost_opt,yeojohnson,,,,,
13,metro_quadrado_bairro_mean,power_median_ohe,KNN_opt,log,,,,,
13,metro_quadrado_bairro_mean,raw_zero_ord,RandomForest_opt,log,,,,,
13,metro_quadrado_bairro_mean,std_median_ohe,KNN_opt,yeojohnson,,,,,
13,metro_quadrado_bairro_mean,robust_median_ohe,LightGBM_opt,sqrt,,,,,
13,metro_quadrado_bairro_mean,std_median_ohe,KNN_opt,log,,,,,
13,metro_quadrado_bairro_mean,std_median_ohe,RandomForest_opt,yeojohnson,,,,,
13,metro_quadrado_bairro_mean,robust_median_ohe,GradientBoosting_opt,yeojohnson,,,,,
13,metro_quadrado_bairro_mean,minmax_mean_ohe,CatBoost_opt,boxcox,,,,,
13,metro_quadrado_bairro_mean,quantile_median_ord,SVR_opt,none,,,,,
13,metro_quadrado_bairro_mean,quantile_median_ord,Ridge_opt,sqrt,,,,,
13,metro_quadrado_bairro_mean,quantile_median_ord,GradientBoosting_opt,yeojohnson,,,,,
13,metro_quadrado_bairro_mean,power_median_ohe,KNN_opt,boxcox,,,,,
13,metro_quadrado_bairro_mean,power_median_ohe,CatBoost_opt,yeojohnson,,,,,
13,metro_quadrado_bairro_mean,raw_zero_ord,HistGB_opt,sqrt,,,,,
13,metro_quadrado_bairro_mean,power_median_ohe,RandomForest_opt,boxcox,,,,,
13,metro_quadrado_bairro_mean,power_median_ohe,Ridge_opt,log,,,,,
13,metro_quadrado_bairro_mean,raw_zero_ord,CatBoost_opt,yeojohnson,,,,,
13,metro_quadrado_bairro_mean,raw_zero_ord,GradientBoosting_opt,yeojohnson,,,,,
13,metro_quadrado_bairro_mean,robust_median_ohe,CatBoost_opt,sqrt,,,,,
13,metro_quadrado_bairro_mean,std_median_ohe,GradientBoosting_opt,log,,,,,
13,metro_quadrado_bairro_mean,std_median_ohe,SVR_opt,log,,,,,
13,metro_quadrado_bairro_mean,robust_median_ohe,KNN_opt,none,,,,,
13,metro_quadrado_bairro_mean,robust_median_ohe,KNN_opt,boxcox,,,,,
13,metro_quadrado_bairro_mean,robust_median_ohe,KNN_opt,yeojohnson,,,,,
13,metro_quadrado_bairro_mean,minmax_mean_ohe,HistGB_opt,none,,,,,
13,metro_quadrado_bairro_mean,minmax_mean_ohe,Ridge_opt,sqrt,,,,,
13,metro_quadrado_bairro_mean,minmax_mean_ohe,LightGBM_opt,boxcox,,,,,
13,metro_quadrado_bairro_mean,power_median_ohe,GradientBoosting_opt,yeojohnson,,,,,
13,metro_quadrado_bairro_mean,raw_zero_ord,SVR_opt,sqrt,,,,,
13,metro_quadrado_bairro_mean,power_median_ohe,HistGB_opt,none,,,,,
13,metro_quadrado_bairro_mean,raw_zero_ord,CatBoost_opt,none,,,,,
13,metro_quadrado_bairro_mean,quantile_median_ord,RandomForest_opt,log,,,,,
13,metro_quadrado_bairro_mean,quantile_median_ord,LightGBM_opt,boxcox,,,,,
13,metro_quadrado_bairro_mean,std_median_ohe,RandomForest_opt,log,,,,,
13,metro_quadrado_bairro_mean,std_median_ohe,KNN_opt,boxcox,,,,,
13,metro_quadrado_bairro_mean,robust_median_ohe,CatBoost_opt,log,,,,,
13,metro_quadrado_bairro_mean,robust_median_ohe,KNN_opt,log,,,,,
13,metro_quadrado_bairro_mean,robust_median_ohe,KNN_opt,sqrt,,,,,
13,metro_quadrado_bairro_mean,robust_median_ohe,RandomForest_opt,boxcox,,,,,
13,metro_quadrado_bairro_mean,robust_median_ohe,SVR_opt,yeojohnson,,,,,
13,metro_quadrado_bairro_mean,minmax_mean_ohe,RandomForest_opt,sqrt,,,,,
13,metro_quadrado_bairro_mean,minmax_mean_ohe,HistGB_opt,boxcox,,,,,
13,metro_quadrado_bairro_mean,std_median_ohe,Linear,boxcox,,,,,
13,metro_quadrado_bairro_mean,quantile_median_ord,HistGB_opt,sqrt,,,,,
13,metro_quadrado_bairro_mean,raw_zero_ord,MLP_opt,boxcox,,,,,
13,metro_quadrado_bairro_mean,power_median_ohe,CatBoost_opt,sqrt,,,,,
13,metro_quadrado_bairro_mean,quantile_median_ord,MLP_opt,boxcox,,,,,
13,metro_quadrado_bairro_mean,raw_zero_ord,RandomForest_opt,sqrt,,,,,
13,metro_quadrado_bairro_mean,power_median_ohe,GradientBoosting_opt,none,,,,,
13,metro_quadrado_bairro_mean,power_median_ohe,SVR_opt,none,,,,,
13,metro_quadrado_bairro_mean,raw_zero_ord,KNN_opt,log,,,,,
13,metro_quadrado_bairro_mean,raw_zero_ord,GradientBoosting_opt,none,,,,,
13,metro_quadrado_bairro_mean,raw_zero_ord,MLP_opt,sqrt,,,,,
13,metro_quadrado_bairro_mean,raw_zero_ord,LightGBM_opt,boxcox,,,,,
13,metro_quadrado_bairro_mean,quantile_median_ord,KNN_opt,boxcox,,,,,
13,metro_quadrado_bairro_mean,minmax_mean_ohe,MLP_opt,log,,,,,
13,metro_quadrado_bairro_mean,robust_median_ohe,GradientBoosting_opt,sqrt,,,,,
13,metro_quadrado_bairro_mean,robust_median_ohe,SVR_opt,none,,,,,
13,metro_quadrado_bairro_mean,raw_zero_ord,Linear,none,,,,,
13,metro_quadrado_bairro_mean,robust_median_ohe,SVR_opt,boxcox,,,,,
13,metro_quadrado_bairro_mean,robust_median_ohe,CatBoost_opt,yeojohnson,,,,,
13,metro_quadrado_bairro_mean,minmax_mean_ohe,GradientBoosting_opt,sqrt,,,,,
13,metro_quadrado_bairro_mean,quantile_median_ord,HistGB_opt,none,,,,,
13,metro_quadrado_bairro_mean,quantile_median_ord,KNN_opt,sqrt,,,,,
13,metro_quadrado_bairro_mean,quantile_median_ord,SVR_opt,sqrt,,,,,
13,metro_quadrado_bairro_mean,power_median_ohe,GradientBoosting_opt,sqrt,,,,,
13,metro_quadrado_bairro_mean,power_median_ohe,LightGBM_opt,boxcox,,,,,
13,metro_quadrado_bairro_mean,power_median_ohe,MLP_opt,boxcox,,,,,
13,metro_quadrado_bairro_mean,std_median_ohe,MLP_opt,sqrt,,,,,
13,metro_quadrado_bairro_mean,quantile_median_ord,CatBoost_opt,none,,,,,
13,metro_quadrado_bairro_mean,raw_zero_ord,KNN_opt,boxcox,,,,,
13,metro_quadrado_bairro_mean,minmax_mean_ohe,Linear,boxcox,,,,,
13,metro_quadrado_bairro_mean,minmax_mean_ohe,HistGB_opt,yeojohnson,,,,,
13,metro_quadrado_bairro_mean,power_median_ohe,HistGB_opt,log,,,,,
13,metro_quadrado_bairro_mean,robust_median_ohe,LightGBM_opt,log,,,,,
13,metro_quadrado_bairro_mean,robust_median_ohe,Linear,none,,,,,
13,metro_quadrado_bairro_mean,std_median_ohe,KNN_opt,sqrt,,,,,
13,metro_quadrado_bairro_mean,std_median_ohe,SVR_opt,sqrt,,,,,
13,metro_quadrado_bairro_mean,robust_median_ohe,GradientBoosting_opt,none,,,,,
13,metro_quadrado_bairro_mean,robust_median_ohe,Linear,sqrt,,,,,
13,metro_quadrado_bairro_mean,robust_median_ohe,LightGBM_opt,yeojohnson,,,,,
13,metro_quadrado_bairro_mean,minmax_mean_ohe,Linear,log,,,,,
13,metro_quadrado_bairro_mean,minmax_mean_ohe,KNN_opt,sqrt,,,,,
13,metro_quadrado_bairro_mean,quantile_median_ord,RandomForest_opt,sqrt,,,,,
13,metro_quadrado_bairro_mean,quantile_median_ord,LightGBM_opt,yeojohnson,,,,,
13,metro_quadrado_bairro_mean,raw_zero_ord,Linear,log,,,,,
13,metro_quadrado_bairro_mean,raw_zero_ord,Ridge_opt,boxcox,,,,,
13,metro_quadrado_bairro_mean,power_median_ohe,SVR_opt,log,,,,,
13,metro_quadrado_bairro_mean,raw_zero_ord,CatBoost_opt,log,,,,,
13,metro_quadrado_bairro_mean,raw_zero_ord,GradientBoosting_opt,log,,,,,
13,metro_quadrado_bairro_mean,std_median_ohe,Ridge_opt,yeojohnson,,,,,
13,metro_quadrado_bairro_mean,robust_median_ohe,HistGB_opt,log,,,,,
13,metro_quadrado_bairro_mean,std_median_ohe,Ridge_opt,none,,,,,
13,metro_quadrado_bairro_mean,std_median_ohe,CatBoost_opt,none,,,,,
13,metro_quadrado_bairro_mean,std_median_ohe,Linear,log,,,,,
13,metro_quadrado_bairro_mean,robust_median_ohe,RandomForest_opt,none,,,,,
13,metro_quadrado_bairro_mean,robust_median_ohe,GradientBoosting_opt,boxcox,,,,,
13,metro_quadrado_bairro_mean,robust_median_ohe,HistGB_opt,yeojohnson,,,,,
13,metro_quadrado_bairro_mean,std_median_ohe,MLP_opt,log,,,,,
13,metro_quadrado_bairro_mean,minmax_mean_ohe,SVR_opt,sqrt,,,,,
13,metro_quadrado_bairro_mean,minmax_mean_ohe,MLP_opt,none,,,,,
13,metro_quadrado_bairro_mean,quantile_median_ord,KNN_opt,yeojohnson,,,,,
13,metro_quadrado_bairro_mean,power_median_ohe,LightGBM_opt,yeojohnson,,,,,
13,metro_quadrado_bairro_mean,std_median_ohe,Linear,none,,,,,
13,metro_quadrado_bairro_mean,power_median_ohe,RandomForest_opt,log,,,,,
13,metro_quadrado_bairro_mean,raw_zero_ord,Linear,sqrt,,,,,
13,metro_quadrado_bairro_mean,quantile_median_ord,CatBoost_opt,log,,,,,
13,metro_quadrado_bairro_mean,raw_zero_ord,KNN_opt,yeojohnson,,,,,
13,metro_quadrado_bairro_mean,std_median_ohe,KNN_opt,none,,,,,
13,metro_quadrado_bairro_mean,std_median_ohe,LightGBM_opt,log,,,,,
13,metro_quadrado_bairro_mean,std_median_ohe,SVR_opt,boxcox,,,,,
13,metro_quadrado_bairro_mean,quantile_median_ord,MLP_opt,log,,,,,
13,metro_quadrado_bairro_mean,raw_zero_ord,MLP_opt,none,,,,,
13,metro_quadrado_bairro_mean,robust_median_ohe,MLP_opt,boxcox,,,,,
13,metro_quadrado_bairro_mean,minmax_mean_ohe,Linear,none,,,,,
13,metro_quadrado_bairro_mean,minmax_mean_ohe,Ridge_opt,log,,,,,
13,metro_quadrado_bairro_mean,minmax_mean_ohe,CatBoost_opt,sqrt,,,,,
13,metro_quadrado_bairro_mean,minmax_mean_ohe,RandomForest_opt,yeojohnson,,,,,
13,metro_quadrado_bairro_mean,quantile_median_ord,Ridge_opt,yeojohnson,,,,,
13,metro_quadrado_bairro_mean,power_median_ohe,KNN_opt,yeojohnson,,,,,
13,metro_quadrado_bairro_mean,raw_zero_ord,CatBoost_opt,sqrt,,,,,
13,metro_quadrado_bairro_mean,robust_median_ohe,Linear,log,,,,,
13,metro_quadrado_bairro_mean,quantile_median_ord,RandomForest_opt,boxcox,,,,,
13,metro_quadrado_bairro_mean,quantile_median_ord,Linear,none,,,,,
13,metro_quadrado_bairro_mean,raw_zero_ord,LightGBM_opt,none,,,,,
13,metro_quadrado_bairro_mean,quantile_median_ord,GradientBoosting_opt,log,,,,,
13,metro_quadrado_bairro_mean,raw_zero_ord,Ridge_opt,yeojohnson,,,,,
13,metro_quadrado_bairro_mean,quantile_median_ord,HistGB_opt,boxcox,,,,,
13,metro_quadrado_bairro_mean,robust_median_ohe,SVR_opt,log,,,,,
13,metro_quadrado_bairro_mean,std_median_ohe,RandomForest_opt,none,,,,,
13,metro_quadrado_bairro_mean,power_median_ohe,Linear,sqrt,,,,,
13,metro_quadrado_bairro_mean,std_median_ohe,CatBoost_opt,log,,,,,
13,metro_quadrado_bairro_mean,std_median_ohe,HistGB_opt,sqrt,,,,,
13,metro_quadrado_bairro_mean,std_median_ohe,HistGB_opt,yeojohnson,,,,,
13,metro_quadrado_bairro_mean,robust_median_ohe,LightGBM_opt,boxcox,,,,,
13,metro_quadrado_bairro_mean,std_median_ohe,MLP_opt,none,,,,,
13,metro_quadrado_bairro_mean,minmax_mean_ohe,RandomForest_opt,log,,,,,
13,metro_quadrado_bairro_mean,minmax_mean_ohe,LightGBM_opt,sqrt,,,,,
13,metro_quadrado_bairro_mean,minmax_mean_ohe,GradientBoosting_opt,yeojohnson,,,,,
13,metro_quadrado_bairro_mean,quantile_median_ord,Linear,log,,,,,
13,metro_quadrado_bairro_mean,power_median_ohe,LightGBM_opt,sqrt,,,,,
13,metro_quadrado_bairro_mean,power_median_ohe,GradientBoosting_opt,boxcox,,,,,
13,metro_quadrado_bairro_mean,minmax_mean_ohe,MLP_opt,yeojohnson,,,,,
13,metro_quadrado_bairro_mean,quantile_median_ord,Ridge_opt,none,,,,,
13,metro_quadrado_bairro_mean,power_median_ohe,KNN_opt,none,,,,,
13,metro_quadrado_bairro_mean,power_median_ohe,Ridge_opt,yeojohnson,,,,,
13,metro_quadrado_bairro_mean,raw_zero_ord,GradientBoosting_opt,sqrt,,,,,
13,metro_quadrado_bairro_mean,power_median_ohe,CatBoost_opt,none,,,,,
13,metro_quadrado_bairro_mean,raw_zero_ord,SVR_opt,yeojohnson,,,,,
13,metro_quadrado_bairro_mean,raw_zero_ord,KNN_opt,none,,,,,
13,metro_quadrado_bairro_mean,raw_zero_ord,HistGB_opt,boxcox,,,,,
13,metro_quadrado_bairro_mean,quantile_median_ord,SVR_opt,boxcox,,,,,
13,metro_quadrado_bairro_mean,robust_median_ohe,Ridge_opt,sqrt,,,,,
13,metro_quadrado_bairro_mean,std_median_ohe,GradientBoosting_opt,none,,,,,
13,metro_quadrado_bairro_mean,std_median_ohe,Ridge_opt,log,,,,,
13,metro_quadrado_bairro_mean,std_median_ohe,RandomForest_opt,sqrt,,,,,
13,metro_quadrado_bairro_mean,robust_median_ohe,LightGBM_opt,none,,,,,
13,metro_quadrado_bairro_mean,std_median_ohe,Ridge_opt,boxcox,,,,,
13,metro_quadrado_bairro_mean,std_median_ohe,MLP_opt,yeojohnson,,,,,
13,metro_quadrado_bairro_mean,minmax_mean_ohe,Ridge_opt,none,,,,,
13,metro_quadrado_bairro_mean,minmax_mean_ohe,GradientBoosting_opt,log,,,,,
13,metro_quadrado_bairro_mean,minmax_mean_ohe,HistGB_opt,sqrt,,,,,
13,metro_quadrado_bairro_mean,minmax_mean_ohe,MLP_opt,boxcox,,,,,
13,metro_quadrado_bairro_mean,quantile_median_ord,CatBoost_opt,sqrt,,,,,
13,metro_quadrado_bairro_mean,power_median_ohe,Ridge_opt,none,,,,,
13,metro_quadrado_bairro_mean,power_median_ohe,KNN_opt,sqrt,,,,,
13,metro_quadrado_bairro_mean,power_median_ohe,HistGB_opt,boxcox,,,,,
13,metro_quadrado_bairro_mean,quantile_median_ord,Linear,sqrt,,,,,
13,metro_quadrado_bairro_mean,raw_zero_ord,Ridge_opt,none,,,,,
13,metro_quadrado_bairro_mean,quantile_median_ord,LightGBM_opt,none,,,,,
13,metro_quadrado_bairro_mean,raw_zero_ord,SVR_opt,boxcox,,,,,
13,metro_quadrado_bairro_mean,robust_median_ohe,MLP_opt,sqrt,,,,,
13,metro_quadrado_bairro_mean,std_median_ohe,LightGBM_opt,yeojohnson,,,,,
13,metro_quadrado_bairro_mean,raw_zero_ord,MLP_opt,log,,,,,
13,metro_quadrado_bairro_mean,robust_median_ohe,RandomForest_opt,sqrt,,,,,
13,metro_quadrado_bairro_mean,std_median_ohe,LightGBM_opt,none,,,,,
13,metro_quadrado_bairro_mean,std_median_ohe,GradientBoosting_opt,boxcox,,,,,
13,metro_quadrado_bairro_mean,std_median_ohe,CatBoost_opt,boxcox,,,,,
13,metro_quadrado_bairro_mean,minmax_mean_ohe,RandomForest_opt,none,,,,,
13,metro_quadrado_bairro_mean,minmax_mean_ohe,KNN_opt,log,,,,,
13,metro_quadrado_bairro_mean,robust_median_ohe,Linear,boxcox,,,,,
13,metro_quadrado_bairro_mean,minmax_mean_ohe,SVR_opt,yeojohnson,,,,,
13,metro_quadrado_bairro_mean,quantile_median_ord,GradientBoosting_opt,sqrt,,,,,
13,metro_quadrado_bairro_mean,quantile_median_ord,HistGB_opt,yeojohnson,,,,,
13,metro_quadrado_bairro_mean,power_median_ohe,Ridge_opt,sqrt,,,,,
13,metro_quadrado_bairro_mean,power_median_ohe,SVR_opt,boxcox,,,,,
13,metro_quadrado_bairro_mean,raw_zero_ord,RandomForest_opt,boxcox,,,,,
13,metro_quadrado_bairro_mean,power_median_ohe,CatBoost_opt,log,,,,,
13,metro_quadrado_bairro_mean,raw_zero_ord,LightGBM_opt,yeojohnson,,,,,
13,metro_quadrado_bairro_mean,std_median_ohe,CatBoost_opt,yeojohnson,,,,,
13,metro_quadrado_bairro_mean,std_median_ohe,SVR_opt,none,,,,,
13,metro_quadrado_bairro_mean,std_median_ohe,CatBoost_opt,sqrt,,,,,
13,metro_quadrado_bairro_mean,robust_median_ohe,GradientBoosting_opt,log,,,,,
13,metro_quadrado_bairro_mean,minmax_mean_ohe,GradientBoosting_opt,none,,,,,
13,metro_quadrado_bairro_mean,minmax_mean_ohe,SVR_opt,log,,,,,
13,metro_quadrado_bairro_mean,minmax_mean_ohe,Linear,sqrt,,,,,
13,metro_quadrado_bairro_mean,minmax_mean_ohe,CatBoost_opt,yeojohnson,,,,,
13,metro_quadrado_bairro_mean,quantile_median_ord,SVR_opt,log,,,,,
13,metro_quadrado_bairro_mean,quantile_median_ord,Ridge_opt,boxcox,,,,,
13,metro_quadrado_bairro_mean,quantile_median_ord,SVR_opt,yeojohnson,,,,,
13,metro_quadrado_bairro_mean,raw_zero_ord,HistGB_opt,yeojohnson,,,,,
13,metro_quadrado_bairro_mean,power_median_ohe,HistGB_opt,yeojohnson,,,,,
13,metro_quadrado_bairro_mean,power_median_ohe,GradientBoosting_opt,log,,,,,
13,metro_quadrado_bairro_mean,raw_zero_ord,Ridge_opt,log,,,,,
13,metro_quadrado_bairro_mean,quantile_median_ord,LightGBM_opt,log,,,,,
13,metro_quadrado_bairro_mean,std_median_ohe,GradientBoosting_opt,sqrt,,,,,
13,metro_quadrado_bairro_mean,std_median_ohe,RandomForest_opt,boxcox,,,,,
13,metro_quadrado_bairro_mean,power_median_ohe,MLP_opt,sqrt,,,,,
13,metro_quadrado_bairro_mean,std_median_ohe,SVR_opt,yeojohnson,,,,,
13,metro_quadrado_bairro_mean,std_median_ohe,MLP_opt,boxcox,,,,,
13,metro_quadrado_bairro_mean,robust_median_ohe,HistGB_opt,none,,,,,
13,metro_quadrado_bairro_mean,robust_median_ohe,HistGB_opt,boxcox,,,,,
13,metro_quadrado_bairro_mean,minmax_mean_ohe,KNN_opt,none,,,,,
13,metro_quadrado_bairro_mean,minmax_mean_ohe,CatBoost_opt,log,,,,,
13,metro_quadrado_bairro_mean,minmax_mean_ohe,Ridge_opt,boxcox,,,,,
13,metro_quadrado_bairro_mean,minmax_mean_ohe,LightGBM_opt,yeojohnson,,,,,
13,metro_quadrado_bairro_mean,quantile_median_ord,RandomForest_opt,yeojohnson,,,,,
13,metro_quadrado_bairro_mean,power_median_ohe,SVR_opt,yeojohnson,,,,,
13,metro_quadrado_bairro_mean,raw_zero_ord,LightGBM_opt,sqrt,,,,,
13,metro_quadrado_bairro_mean,power_median_ohe,Ridge_opt,boxcox,,,,,
13,metro_quadrado_bairro_mean,raw_zero_ord,SVR_opt,log,,,,,
13,metro_quadrado_bairro_mean,raw_zero_ord,HistGB_opt,none,,,,,
13,metro_quadrado_bairro_mean,minmax_mean_ohe,MLP_opt,sqrt,,,,,
13,metro_quadrado_bairro_mean,quantile_median_ord,KNN_opt,log,,,,,
13,metro_quadrado_bairro_mean,raw_zero_ord,RandomForest_opt,yeojohnson,,,,,
13,metro_quadrado_bairro_mean,robust_median_ohe,Ridge_opt,none,,,,,
13,metro_quadrado_bairro_mean,std_median_ohe,HistGB_opt,none,,,,,
13,metro_quadrado_bairro_mean,std_median_ohe,LightGBM_opt,sqrt,,,,,
13,metro_quadrado_bairro_mean,std_median_ohe,Linear,sqrt,,,,,
13,metro_quadrado_bairro_mean,robust_median_ohe,RandomForest_opt,log,,,,,
13,metro_quadrado_bairro_mean,robust_median_ohe,CatBoost_opt,boxcox,,,,,
13,metro_quadrado_bairro_mean,minmax_mean_ohe,SVR_opt,none,,,,,
13,metro_quadrado_bairro_mean,minmax_mean_ohe,LightGBM_opt,log,,,,,
13,metro_quadrado_bairro_mean,minmax_mean_ohe,RandomForest_opt,boxcox,,,,,
13,metro_quadrado_bairro_mean,power_median_ohe,RandomForest_opt,yeojohnson,,,,,
13,metro_quadrado_bairro_mean,minmax_mean_ohe,KNN_opt,yeojohnson,,,,,
13,metro_quadrado_bairro_mean,raw_zero_ord,MLP_opt,yeojohnson,,,,,
13,metro_quadrado_bairro_mean,power_median_ohe,HistGB_opt,sqrt,,,,,
13,metro_quadrado_bairro_mean,raw_zero_ord,LightGBM_opt,log,,,,,
13,metro_quadrado_bairro_mean,quantile_median_ord,RandomForest_opt,none,,,,,
13,metro_quadrado_bairro_mean,raw_zero_ord,KNN_opt,sqrt,,,,,
13,metro_quadrado_bairro_mean,power_median_ohe,LightGBM_opt,none,,,,,
13,metro_quadrado_bairro_mean,raw_zero_ord,SVR_opt,none,,,,,
13,metro_quadrado_bairro_mean,quantile_median_ord,Ridge_opt,log,,,,,
13,metro_quadrado_bairro_mean,raw_zero_ord,Linear,boxcox,,,,,
13,metro_quadrado_bairro_mean,quantile_median_ord,CatBoost_opt,boxcox,,,,,
13,metro_quadrado_bairro_mean,robust_median_ohe,MLP_opt,log,,,,,
13,metro_quadrado_bairro_mean,std_median_ohe,HistGB_opt,log,,,,,
13,metro_quadrado_bairro_mean,std_median_ohe,HistGB_opt,boxcox,,,,,
13,metro_quadrado_bairro_mean,minmax_mean_ohe,CatBoost_opt,none,,,,,
13,metro_quadrado_bairro_mean,minmax_mean_ohe,GradientBoosting_opt,boxcox,,,,,
13,metro_quadrado_bairro_mean,quantile_median_ord,HistGB_opt,log,,,,,
13,metro_quadrado_bairro_mean,quantile_median_ord,Linear,boxcox,,,,,
13,metro_quadrado_bairro_mean,quantile_median_ord,MLP_opt,yeojohnson,,,,,
13,metro_quadrado_bairro_mean,minmax_mean_ohe,Ridge_opt,yeojohnson,,,,,
13,metro_quadrado_bairro_mean,quantile_median_ord,LightGBM_opt,sqrt,,,,,
13,metro_quadrado_bairro_mean,power_median_ohe,SVR_opt,sqrt,,,,,
13,metro_quadrado_bairro_mean,robust_median_ohe,MLP_opt,none,,,,,
13,metro_quadrado_bairro_mean,raw_zero_ord,Ridge_opt,sqrt,,,,,
13,metro_quadrado_bairro_mean,power_median_ohe,RandomForest_opt,none,,,,,
13,metro_quadrado_bairro_mean,raw_zero_ord,RandomForest_opt,none,,,,,
13,metro_quadrado_bairro_mean,raw_zero_ord,CatBoost_opt,boxcox,,,,,
13,metro_quadrado_bairro_mean,quantile_median_ord,GradientBoosting_opt,boxcox,,,,,
13,metro_quadrado_bairro_mean,power_median_ohe,Linear,boxcox,,,,,
13,metro_quadrado_bairro_mean,quantile_median_ord,MLP_opt,none,,,,,
13,metro_quadrado_bairro_mean,quantile_median_ord,MLP_opt,sqrt,,,,,
13,metro_quadrado_bairro_mean,robust_median_ohe,MLP_opt,yeojohnson,,,,,
13,metro_quadrado_bairro_mean,power_median_ohe,MLP_opt,log,,,,,
13,metro_quadrado_bairro_mean,power_median_ohe,MLP_opt,yeojohnson,,,,,
13,metro_quadrado_bairro_mean,power_median_ohe,MLP_opt,none,,,,,
13,metro_quadrado_bairro_mean,raw_zero_ord,Linear,yeojohnson,,,,,
13,metro_quadrado_bairro_mean,minmax_mean_ohe,Linear,yeojohnson,,,,,
13,metro_quadrado_bairro_mean,std_median_ohe,Linear,yeojohnson,,,,,
13,metro_quadrado_bairro_mean,robust_median_ohe,Linear,yeojohnson,,,,,
13,metro_quadrado_bairro_mean,power_median_ohe,Linear,none,,,,,
13,metro_quadrado_bairro_mean,power_median_ohe,Linear,log,,,,,
13,metro_quadrado_bairro_mean,quantile_median_ord,Linear,yeojohnson,,,,,
13,metro_quadrado_bairro_mean,power_median_ohe,Linear,yeojohnson,,,,,
14,metro_quadrado_bairro_median,power_median_ohe,SVR_opt,sqrt,,,,,
14,metro_quadrado_bairro_median,std_median_ohe,GradientBoosting_opt,none,,,,,
14,metro_quadrado_bairro_median,std_median_ohe,HistGB_opt,log,,,,,
14,metro_quadrado_bairro_median,std_median_ohe,KNN_opt,sqrt,,,,,
14,metro_quadrado_bairro_median,std_median_ohe,Ridge_opt,boxcox,,,,,
14,metro_quadrado_bairro_median,std_median_ohe,SVR_opt,yeojohnson,,,,,
14,metro_quadrado_bairro_median,std_median_ohe,HistGB_opt,boxcox,,,,,
14,metro_quadrado_bairro_median,robust_median_ohe,SVR_opt,sqrt,,,,,
14,metro_quadrado_bairro_median,robust_median_ohe,Ridge_opt,yeojohnson,,,,,
14,metro_quadrado_bairro_median,robust_median_ohe,KNN_opt,yeojohnson,,,,,
14,metro_quadrado_bairro_median,quantile_median_ord,GradientBoosting_opt,sqrt,,,,,
14,metro_quadrado_bairro_median,power_median_ohe,LightGBM_opt,none,,,,,
14,metro_quadrado_bairro_median,raw_zero_ord,GradientBoosting_opt,yeojohnson,,,,,
14,metro_quadrado_bairro_median,power_median_ohe,Ridge_opt,yeojohnson,,,,,
14,metro_quadrado_bairro_median,raw_zero_ord,KNN_opt,sqrt,,,,,
14,metro_quadrado_bairro_median,quantile_median_ord,HistGB_opt,boxcox,,,,,
14,metro_quadrado_bairro_median,power_median_ohe,RandomForest_opt,sqrt,,,,,
14,metro_quadrado_bairro_median,raw_zero_ord,Ridge_opt,yeojohnson,,,,,
14,metro_quadrado_bairro_median,raw_zero_ord,CatBoost_opt,none,,,,,
14,metro_quadrado_bairro_median,robust_median_ohe,CatBoost_opt,sqrt,,,,,
14,metro_quadrado_bairro_median,std_median_ohe,CatBoost_opt,none,,,,,
14,metro_quadrado_bairro_median,std_median_ohe,LightGBM_opt,sqrt,,,,,
14,metro_quadrado_bairro_median,std_median_ohe,KNN_opt,boxcox,,,,,
14,metro_quadrado_bairro_median,std_median_ohe,CatBoost_opt,yeojohnson,,,,,
14,metro_quadrado_bairro_median,robust_median_ohe,RandomForest_opt,yeojohnson,,,,,
14,metro_quadrado_bairro_median,robust_median_ohe,SVR_opt,yeojohnson,,,,,
14,metro_quadrado_bairro_median,minmax_mean_ohe,CatBoost_opt,boxcox,,,,,
14,metro_quadrado_bairro_median,power_median_ohe,KNN_opt,none,,,,,
14,metro_quadrado_bairro_median,power_median_ohe,HistGB_opt,boxcox,,,,,
14,metro_quadrado_bairro_median,raw_zero_ord,RandomForest_opt,sqrt,,,,,
14,metro_quadrado_bairro_median,quantile_median_ord,Ridge_opt,none,,,,,
14,metro_quadrado_bairro_median,quantile_median_ord,SVR_opt,boxcox,,,,,
14,metro_quadrado_bairro_median,raw_zero_ord,GradientBoosting_opt,none,,,,,
14,metro_quadrado_bairro_median,raw_zero_ord,LightGBM_opt,boxcox,,,,,
14,metro_quadrado_bairro_median,std_median_ohe,LightGBM_opt,boxcox,,,,,
14,metro_quadrado_bairro_median,robust_median_ohe,LightGBM_opt,sqrt,,,,,
14,metro_quadrado_bairro_median,std_median_ohe,KNN_opt,log,,,,,
14,metro_quadrado_bairro_median,std_median_ohe,SVR_opt,log,,,,,
14,metro_quadrado_bairro_median,std_median_ohe,RandomForest_opt,sqrt,,,,,
14,metro_quadrado_bairro_median,std_median_ohe,CatBoost_opt,sqrt,,,,,
14,metro_quadrado_bairro_median,std_median_ohe,LightGBM_opt,yeojohnson,,,,,
14,metro_quadrado_bairro_median,robust_median_ohe,Ridge_opt,log,,,,,
14,metro_quadrado_bairro_median,robust_median_ohe,GradientBoosting_opt,yeojohnson,,,,,
14,metro_quadrado_bairro_median,robust_median_ohe,CatBoost_opt,yeojohnson,,,,,
14,metro_quadrado_bairro_median,quantile_median_ord,LightGBM_opt,log,,,,,
14,metro_quadrado_bairro_median,power_median_ohe,Ridge_opt,none,,,,,
14,metro_quadrado_bairro_median,power_median_ohe,SVR_opt,boxcox,,,,,
14,metro_quadrado_bairro_median,quantile_median_ord,RandomForest_opt,boxcox,,,,,
14,metro_quadrado_bairro_median,power_median_ohe,CatBoost_opt,log,,,,,
14,metro_quadrado_bairro_median,raw_zero_ord,KNN_opt,boxcox,,,,,
14,metro_quadrado_bairro_median,robust_median_ohe,RandomForest_opt,log,,,,,
14,metro_quadrado_bairro_median,std_median_ohe,RandomForest_opt,log,,,,,
14,metro_quadrado_bairro_median,std_median_ohe,CatBoost_opt,boxcox,,,,,
14,metro_quadrado_bairro_median,std_median_ohe,HistGB_opt,yeojohnson,,,,,
14,metro_quadrado_bairro_median,robust_median_ohe,HistGB_opt,sqrt,,,,,
14,metro_quadrado_bairro_median,robust_median_ohe,LightGBM_opt,yeojohnson,,,,,
14,metro_quadrado_bairro_median,minmax_mean_ohe,RandomForest_opt,sqrt,,,,,
14,metro_quadrado_bairro_median,minmax_mean_ohe,HistGB_opt,boxcox,,,,,
14,metro_quadrado_bairro_median,quantile_median_ord,GradientBoosting_opt,none,,,,,
14,metro_quadrado_bairro_median,quantile_median_ord,HistGB_opt,yeojohnson,,,,,
14,metro_quadrado_bairro_median,power_median_ohe,RandomForest_opt,boxcox,,,,,
14,metro_quadrado_bairro_median,raw_zero_ord,CatBoost_opt,log,,,,,
14,metro_quadrado_bairro_median,power_median_ohe,GradientBoosting_opt,log,,,,,
14,metro_quadrado_bairro_median,power_median_ohe,LightGBM_opt,yeojohnson,,,,,
14,metro_quadrado_bairro_median,raw_zero_ord,Ridge_opt,boxcox,,,,,
14,metro_quadrado_bairro_median,quantile_median_ord,SVR_opt,yeojohnson,,,,,
14,metro_quadrado_bairro_median,std_median_ohe,RandomForest_opt,none,,,,,
14,metro_quadrado_bairro_median,std_median_ohe,Ridge_opt,none,,,,,
14,metro_quadrado_bairro_median,std_median_ohe,HistGB_opt,sqrt,,,,,
14,metro_quadrado_bairro_median,robust_median_ohe,GradientBoosting_opt,log,,,,,
14,metro_quadrado_bairro_median,robust_median_ohe,HistGB_opt,yeojohnson,,,,,
14,metro_quadrado_bairro_median,minmax_mean_ohe,GradientBoosting_opt,sqrt,,,,,
14,metro_quadrado_bairro_median,quantile_median_ord,KNN_opt,none,,,,,
14,metro_quadrado_bairro_median,minmax_mean_ohe,Linear,boxcox,,,,,
14,metro_quadrado_bairro_median,raw_zero_ord,Linear,none,,,,,
14,metro_quadrado_bairro_median,raw_zero_ord,GradientBoosting_opt,log,,,,,
14,metro_quadrado_bairro_median,quantile_median_ord,LightGBM_opt,sqrt,,,,,
14,metro_quadrado_bairro_median,raw_zero_ord,LightGBM_opt,yeojohnson,,,,,
14,metro_quadrado_bairro_median,minmax_mean_ohe,MLP_opt,log,,,,,
14,metro_quadrado_bairro_median,power_median_ohe,Ridge_opt,log,,,,,
14,metro_quadrado_bairro_median,power_median_ohe,KNN_opt,yeojohnson,,,,,
14,metro_quadrado_bairro_median,raw_zero_ord,HistGB_opt,sqrt,,,,,
14,metro_quadrado_bairro_median,quantile_median_ord,HistGB_opt,none,,,,,
14,metro_quadrado_bairro_median,quantile_median_ord,RandomForest_opt,yeojohnson,,,,,
14,metro_quadrado_bairro_median,power_median_ohe,CatBoost_opt,sqrt,,,,,
14,metro_quadrado_bairro_median,std_median_ohe,HistGB_opt,none,,,,,
14,metro_quadrado_bairro_median,std_median_ohe,Ridge_opt,log,,,,,
14,metro_quadrado_bairro_median,std_median_ohe,Linear,sqrt,,,,,
14,metro_quadrado_bairro_median,robust_median_ohe,KNN_opt,log,,,,,
14,metro_quadrado_bairro_median,raw_zero_ord,Linear,log,,,,,
14,metro_quadrado_bairro_median,robust_median_ohe,MLP_opt,none,,,,,
14,metro_quadrado_bairro_median,robust_median_ohe,Linear,sqrt,,,,,
14,metro_quadrado_bairro_median,minmax_mean_ohe,KNN_opt,sqrt,,,,,
14,metro_quadrado_bairro_median,std_median_ohe,MLP_opt,sqrt,,,,,
14,metro_quadrado_bairro_median,quantile_median_ord,KNN_opt,sqrt,,,,,
14,metro_quadrado_bairro_median,power_median_ohe,HistGB_opt,none,,,,,
14,metro_quadrado_bairro_median,raw_zero_ord,KNN_opt,yeojohnson,,,,,
14,metro_quadrado_bairro_median,power_median_ohe,RandomForest_opt,yeojohnson,,,,,
14,metro_quadrado_bairro_median,raw_zero_ord,SVR_opt,sqrt,,,,,
14,metro_quadrado_bairro_median,minmax_mean_ohe,Ridge_opt,sqrt,,,,,
14,metro_quadrado_bairro_median,minmax_mean_ohe,MLP_opt,boxcox,,,,,
14,metro_quadrado_bairro_median,quantile_median_ord,SVR_opt,none,,,,,
14,metro_quadrado_bairro_median,power_median_ohe,GradientBoosting_opt,sqrt,,,,,
14,metro_quadrado_bairro_median,raw_zero_ord,LightGBM_opt,none,,,,,
14,metro_quadrado_bairro_median,std_median_ohe,GradientBoosting_opt,log,,,,,
14,metro_quadrado_bairro_median,std_median_ohe,SVR_opt,sqrt,,,,,
14,metro_quadrado_bairro_median,robust_median_ohe,RandomForest_opt,none,,,,,
14,metro_quadrado_bairro_median,robust_median_ohe,SVR_opt,log,,,,,
14,metro_quadrado_bairro_median,robust_median_ohe,Ridge_opt,boxcox,,,,,
14,metro_quadrado_bairro_median,quantile_median_ord,Linear,boxcox,,,,,
14,metro_quadrado_bairro_median,robust_median_ohe,MLP_opt,sqrt,,,,,
14,metro_quadrado_bairro_median,minmax_mean_ohe,SVR_opt,sqrt,,,,,
14,metro_quadrado_bairro_median,minmax_mean_ohe,LightGBM_opt,boxcox,,,,,
14,metro_quadrado_bairro_median,minmax_mean_ohe,Ridge_opt,yeojohnson,,,,,
14,metro_quadrado_bairro_median,quantile_median_ord,Ridge_opt,sqrt,,,,,
14,metro_quadrado_bairro_median,power_median_ohe,SVR_opt,none,,,,,
14,metro_quadrado_bairro_median,power_median_ohe,Linear,boxcox,,,,,
14,metro_quadrado_bairro_median,raw_zero_ord,GradientBoosting_opt,sqrt,,,,,
14,metro_quadrado_bairro_median,quantile_median_ord,RandomForest_opt,none,,,,,
14,metro_quadrado_bairro_median,quantile_median_ord,CatBoost_opt,boxcox,,,,,
14,metro_quadrado_bairro_median,minmax_mean_ohe,MLP_opt,none,,,,,
14,metro_quadrado_bairro_median,raw_zero_ord,KNN_opt,none,,,,,
14,metro_quadrado_bairro_median,raw_zero_ord,HistGB_opt,boxcox,,,,,
14,metro_quadrado_bairro_median,robust_median_ohe,LightGBM_opt,log,,,,,
14,metro_quadrado_bairro_median,std_median_ohe,RandomForest_opt,boxcox,,,,,
14,metro_quadrado_bairro_median,std_median_ohe,Linear,boxcox,,,,,
14,metro_quadrado_bairro_median,robust_median_ohe,GradientBoosting_opt,none,,,,,
14,metro_quadrado_bairro_median,robust_median_ohe,RandomForest_opt,boxcox,,,,,
14,metro_quadrado_bairro_median,minmax_mean_ohe,Ridge_opt,none,,,,,
14,metro_quadrado_bairro_median,minmax_mean_ohe,Ridge_opt,log,,,,,
14,metro_quadrado_bairro_median,minmax_mean_ohe,CatBoost_opt,sqrt,,,,,
14,metro_quadrado_bairro_median,minmax_mean_ohe,RandomForest_opt,yeojohnson,,,,,
14,metro_quadrado_bairro_median,quantile_median_ord,LightGBM_opt,none,,,,,
14,metro_quadrado_bairro_median,quantile_median_ord,HistGB_opt,log,,,,,
14,metro_quadrado_bairro_median,power_median_ohe,RandomForest_opt,none,,,,,
14,metro_quadrado_bairro_median,power_median_ohe,CatBoost_opt,boxcox,,,,,
14,metro_quadrado_bairro_median,raw_zero_ord,MLP_opt,log,,,,,
14,metro_quadrado_bairro_median,quantile_median_ord,GradientBoosting_opt,boxcox,,,,,
14,metro_quadrado_bairro_median,power_median_ohe,LightGBM_opt,log,,,,,
14,metro_quadrado_bairro_median,std_median_ohe,Linear,none,,,,,
14,metro_quadrado_bairro_median,raw_zero_ord,Ridge_opt,none,,,,,
14,metro_quadrado_bairro_median,raw_zero_ord,SVR_opt,boxcox,,,,,
14,metro_quadrado_bairro_median,std_median_ohe,SVR_opt,none,,,,,
14,metro_quadrado_bairro_median,robust_median_ohe,CatBoost_opt,log,,,,,
14,metro_quadrado_bairro_median,robust_median_ohe,HistGB_opt,log,,,,,
14,metro_quadrado_bairro_median,std_median_ohe,GradientBoosting_opt,boxcox,,,,,
14,metro_quadrado_bairro_median,raw_zero_ord,MLP_opt,boxcox,,,,,
14,metro_quadrado_bairro_median,robust_median_ohe,GradientBoosting_opt,boxcox,,,,,
14,metro_quadrado_bairro_median,minmax_mean_ohe,RandomForest_opt,none,,,,,
14,metro_quadrado_bairro_median,minmax_mean_ohe,RandomForest_opt,log,,,,,
14,metro_quadrado_bairro_median,minmax_mean_ohe,LightGBM_opt,sqrt,,,,,
14,metro_quadrado_bairro_median,minmax_mean_ohe,GradientBoosting_opt,yeojohnson,,,,,
14,metro_quadrado_bairro_median,std_median_ohe,MLP_opt,boxcox,,,,,
14,metro_quadrado_bairro_median,power_median_ohe,GradientBoosting_opt,boxcox,,,,,
14,metro_quadrado_bairro_median,raw_zero_ord,LightGBM_opt,log,,,,,
14,metro_quadrado_bairro_median,minmax_mean_ohe,LightGBM_opt,yeojohnson,,,,,
14,metro_quadrado_bairro_median,power_median_ohe,KNN_opt,log,,,,,
14,metro_quadrado_bairro_median,power_median_ohe,HistGB_opt,yeojohnson,,,,,
14,metro_quadrado_bairro_median,raw_zero_ord,RandomForest_opt,boxcox,,,,,
14,metro_quadrado_bairro_median,quantile_median_ord,RandomForest_opt,log,,,,,
14,metro_quadrado_bairro_median,robust_median_ohe,Ridge_opt,none,,,,,
14,metro_quadrado_bairro_median,std_median_ohe,CatBoost_opt,log,,,,,
14,metro_quadrado_bairro_median,std_median_ohe,GradientBoosting_opt,sqrt,,,,,
14,metro_quadrado_bairro_median,robust_median_ohe,SVR_opt,none,,,,,
14,metro_quadrado_bairro_median,minmax_mean_ohe,Linear,none,,,,,
14,metro_quadrado_bairro_median,robust_median_ohe,KNN_opt,boxcox,,,,,
14,metro_quadrado_bairro_median,minmax_mean_ohe,GradientBoosting_opt,none,,,,,
14,metro_quadrado_bairro_median,std_median_ohe,Linear,log,,,,,
14,metro_quadrado_bairro_median,minmax_mean_ohe,GradientBoosting_opt,log,,,,,
14,metro_quadrado_bairro_median,minmax_mean_ohe,HistGB_opt,sqrt,,,,,
14,metro_quadrado_bairro_median,minmax_mean_ohe,KNN_opt,yeojohnson,,,,,
14,metro_quadrado_bairro_median,raw_zero_ord,KNN_opt,log,,,,,
14,metro_quadrado_bairro_median,raw_zero_ord,HistGB_opt,yeojohnson,,,,,
14,metro_quadrado_bairro_median,quantile_median_ord,HistGB_opt,sqrt,,,,,
14,metro_quadrado_bairro_median,power_median_ohe,SVR_opt,yeojohnson,,,,,
14,metro_quadrado_bairro_median,raw_zero_ord,Linear,sqrt,,,,,
14,metro_quadrado_bairro_median,quantile_median_ord,MLP_opt,log,,,,,
14,metro_quadrado_bairro_median,quantile_median_ord,GradientBoosting_opt,yeojohnson,,,,,
14,metro_quadrado_bairro_median,std_median_ohe,LightGBM_opt,log,,,,,
14,metro_quadrado_bairro_median,std_median_ohe,SVR_opt,boxcox,,,,,
14,metro_quadrado_bairro_median,robust_median_ohe,CatBoost_opt,none,,,,,
14,metro_quadrado_bairro_median,robust_median_ohe,Linear,none,,,,,
14,metro_quadrado_bairro_median,robust_median_ohe,SVR_opt,boxcox,,,,,
14,metro_quadrado_bairro_median,minmax_mean_ohe,KNN_opt,none,,,,,
14,metro_quadrado_bairro_median,minmax_mean_ohe,KNN_opt,log,,,,,
14,metro_quadrado_bairro_median,quantile_median_ord,MLP_opt,sqrt,,,,,
14,metro_quadrado_bairro_median,minmax_mean_ohe,Linear,sqrt,,,,,
14,metro_quadrado_bairro_median,minmax_mean_ohe,SVR_opt,yeojohnson,,,,,
14,metro_quadrado_bairro_median,quantile_median_ord,SVR_opt,sqrt,,,,,
14,metro_quadrado_bairro_median,raw_zero_ord,Ridge_opt,log,,,,,
14,metro_quadrado_bairro_median,raw_zero_ord,SVR_opt,yeojohnson,,,,,
14,metro_quadrado_bairro_median,robust_median_ohe,MLP_opt,log,,,,,
14,metro_quadrado_bairro_median,raw_zero_ord,CatBoost_opt,sqrt,,,,,
14,metro_quadrado_bairro_median,quantile_median_ord,CatBoost_opt,none,,,,,
14,metro_quadrado_bairro_median,quantile_median_ord,MLP_opt,boxcox,,,,,
14,metro_quadrado_bairro_median,power_median_ohe,KNN_opt,sqrt,,,,,
14,metro_quadrado_bairro_median,robust_median_ohe,Ridge_opt,sqrt,,,,,
14,metro_quadrado_bairro_median,std_median_ohe,KNN_opt,none,,,,,
14,metro_quadrado_bairro_median,std_median_ohe,Ridge_opt,yeojohnson,,,,,
14,metro_quadrado_bairro_median,robust_median_ohe,HistGB_opt,none,,,,,
14,metro_quadrado_bairro_median,robust_median_ohe,CatBoost_opt,boxcox,,,,,
14,metro_quadrado_bairro_median,minmax_mean_ohe,SVR_opt,none,,,,,
14,metro_quadrado_bairro_median,minmax_mean_ohe,SVR_opt,log,,,,,
14,metro_quadrado_bairro_median,minmax_mean_ohe,MLP_opt,sqrt,,,,,
14,metro_quadrado_bairro_median,minmax_mean_ohe,CatBoost_opt,yeojohnson,,,,,
14,metro_quadrado_bairro_median,quantile_median_ord,Ridge_opt,log,,,,,
14,metro_quadrado_bairro_median,quantile_median_ord,RandomForest_opt,sqrt,,,,,
14,metro_quadrado_bairro_median,power_median_ohe,CatBoost_opt,none,,,,,
14,metro_quadrado_bairro_median,raw_zero_ord,RandomForest_opt,yeojohnson,,,,,
14,metro_quadrado_bairro_median,power_median_ohe,MLP_opt,boxcox,,,,,
14,metro_quadrado_bairro_median,robust_median_ohe,Linear,log,,,,,
14,metro_quadrado_bairro_median,quantile_median_ord,LightGBM_opt,boxcox,,,,,
14,metro_quadrado_bairro_median,power_median_ohe,Ridge_opt,sqrt,,,,,
14,metro_quadrado_bairro_median,raw_zero_ord,MLP_opt,none,,,,,
14,metro_quadrado_bairro_median,raw_zero_ord,SVR_opt,none,,,,,
14,metro_quadrado_bairro_median,std_median_ohe,RandomForest_opt,yeojohnson,,,,,
14,metro_quadrado_bairro_median,std_median_ohe,LightGBM_opt,none,,,,,
14,metro_quadrado_bairro_median,std_median_ohe,Ridge_opt,sqrt,,,,,
14,metro_quadrado_bairro_median,robust_median_ohe,LightGBM_opt,none,,,,,
14,metro_quadrado_bairro_median,robust_median_ohe,RandomForest_opt,sqrt,,,,,
14,metro_quadrado_bairro_median,robust_median_ohe,LightGBM_opt,boxcox,,,,,
14,metro_quadrado_bairro_median,minmax_mean_ohe,CatBoost_opt,none,,,,,
14,metro_quadrado_bairro_median,minmax_mean_ohe,CatBoost_opt,log,,,,,
14,metro_quadrado_bairro_median,minmax_mean_ohe,Ridge_opt,boxcox,,,,,
14,metro_quadrado_bairro_median,minmax_mean_ohe,SVR_opt,boxcox,,,,,
14,metro_quadrado_bairro_median,minmax_mean_ohe,Linear,log,,,,,
14,metro_quadrado_bairro_median,power_median_ohe,GradientBoosting_opt,none,,,,,
14,metro_quadrado_bairro_median,power_median_ohe,LightGBM_opt,boxcox,,,,,
14,metro_quadrado_bairro_median,raw_zero_ord,Ridge_opt,sqrt,,,,,
14,metro_quadrado_bairro_median,quantile_median_ord,MLP_opt,none,,,,,
14,metro_quadrado_bairro_median,quantile_median_ord,KNN_opt,boxcox,,,,,
14,metro_quadrado_bairro_median,power_median_ohe,HistGB_opt,log,,,,,
14,metro_quadrado_bairro_median,raw_zero_ord,RandomForest_opt,none,,,,,
14,metro_quadrado_bairro_median,raw_zero_ord,CatBoost_opt,boxcox,,,,,
14,metro_quadrado_bairro_median,robust_median_ohe,KNN_opt,none,,,,,
14,metro_quadrado_bairro_median,robust_median_ohe,GradientBoosting_opt,sqrt,,,,,
14,metro_quadrado_bairro_median,robust_median_ohe,HistGB_opt,boxcox,,,,,
14,metro_quadrado_bairro_median,minmax_mean_ohe,LightGBM_opt,none,,,,,
14,metro_quadrado_bairro_median,minmax_mean_ohe,LightGBM_opt,log,,,,,
14,metro_quadrado_bairro_median,minmax_mean_ohe,RandomForest_opt,boxcox,,,,,
14,metro_quadrado_bairro_median,minmax_mean_ohe,HistGB_opt,yeojohnson,,,,,
14,metro_quadrado_bairro_median,quantile_median_ord,GradientBoosting_opt,log,,,,,
14,metro_quadrado_bairro_median,quantile_median_ord,CatBoost_opt,log,,,,,
14,metro_quadrado_bairro_median,quantile_median_ord,Linear,sqrt,,,,,
14,metro_quadrado_bairro_median,power_median_ohe,Linear,sqrt,,,,,
14,metro_quadrado_bairro_median,power_median_ohe,KNN_opt,boxcox,,,,,
14,metro_quadrado_bairro_median,raw_zero_ord,HistGB_opt,log,,,,,
14,metro_quadrado_bairro_median,quantile_median_ord,Ridge_opt,boxcox,,,,,
14,metro_quadrado_bairro_median,power_median_ohe,SVR_opt,log,,,,,
14,metro_quadrado_bairro_median,power_median_ohe,MLP_opt,log,,,,,
14,metro_quadrado_bairro_median,raw_zero_ord,GradientBoosting_opt,boxcox,,,,,
14,metro_quadrado_bairro_median,std_median_ohe,GradientBoosting_opt,yeojohnson,,,,,
14,metro_quadrado_bairro_median,std_median_ohe,MLP_opt,none,,,,,
14,metro_quadrado_bairro_median,std_median_ohe,MLP_opt,log,,,,,
14,metro_quadrado_bairro_median,robust_median_ohe,KNN_opt,sqrt,,,,,
14,metro_quadrado_bairro_median,robust_median_ohe,Linear,boxcox,,,,,
14,metro_quadrado_bairro_median,minmax_mean_ohe,HistGB_opt,none,,,,,
14,metro_quadrado_bairro_median,minmax_mean_ohe,HistGB_opt,log,,,,,
14,metro_quadrado_bairro_median,minmax_mean_ohe,GradientBoosting_opt,boxcox,,,,,
14,metro_quadrado_bairro_median,raw_zero_ord,MLP_opt,yeojohnson,,,,,
14,metro_quadrado_bairro_median,quantile_median_ord,KNN_opt,log,,,,,
14,metro_quadrado_bairro_median,quantile_median_ord,LightGBM_opt,yeojohnson,,,,,
14,metro_quadrado_bairro_median,power_median_ohe,Ridge_opt,boxcox,,,,,
14,metro_quadrado_bairro_median,raw_zero_ord,SVR_opt,log,,,,,
14,metro_quadrado_bairro_median,std_median_ohe,MLP_opt,yeojohnson,,,,,
14,metro_quadrado_bairro_median,power_median_ohe,RandomForest_opt,log,,,,,
14,metro_quadrado_bairro_median,power_median_ohe,CatBoost_opt,yeojohnson,,,,,
14,metro_quadrado_bairro_median,raw_zero_ord,MLP_opt,sqrt,,,,,
14,metro_quadrado_bairro_median,quantile_median_ord,KNN_opt,yeojohnson,,,,,
14,metro_quadrado_bairro_median,std_median_ohe,KNN_opt,yeojohnson,,,,,
14,metro_quadrado_bairro_median,robust_median_ohe,MLP_opt,boxcox,,,,,
14,metro_quadrado_bairro_median,minmax_mean_ohe,KNN_opt,boxcox,,,,,
14,metro_quadrado_bairro_median,quantile_median_ord,SVR_opt,log,,,,,
14,metro_quadrado_bairro_median,quantile_median_ord,CatBoost_opt,yeojohnson,,,,,
14,metro_quadrado_bairro_median,power_median_ohe,LightGBM_opt,sqrt,,,,,
14,metro_quadrado_bairro_median,power_median_ohe,HistGB_opt,sqrt,,,,,
14,metro_quadrado_bairro_median,raw_zero_ord,HistGB_opt,none,,,,,
14,metro_quadrado_bairro_median,raw_zero_ord,RandomForest_opt,log,,,,,
14,metro_quadrado_bairro_median,quantile_median_ord,Linear,none,,,,,
14,metro_quadrado_bairro_median,raw_zero_ord,CatBoost_opt,yeojohnson,,,,,
14,metro_quadrado_bairro_median,quantile_median_ord,CatBoost_opt,sqrt,,,,,
14,metro_quadrado_bairro_median,power_median_ohe,MLP_opt,sqrt,,,,,
14,metro_quadrado_bairro_median,power_median_ohe,GradientBoosting_opt,yeojohnson,,,,,
14,metro_quadrado_bairro_median,raw_zero_ord,LightGBM_opt,sqrt,,,,,
14,metro_quadrado_bairro_median,raw_zero_ord,Linear,boxcox,,,,,
14,metro_quadrado_bairro_median,quantile_median_ord,Ridge_opt,yeojohnson,,,,,
14,metro_quadrado_bairro_median,robust_median_ohe,MLP_opt,yeojohnson,,,,,
14,metro_quadrado_bairro_median,quantile_median_ord,Linear,log,,,,,
14,metro_quadrado_bairro_median,minmax_mean_ohe,MLP_opt,yeojohnson,,,,,
14,metro_quadrado_bairro_median,quantile_median_ord,MLP_opt,yeojohnson,,,,,
14,metro_quadrado_bairro_median,power_median_ohe,MLP_opt,yeojohnson,,,,,
14,metro_quadrado_bairro_median,power_median_ohe,MLP_opt,none,,,,,
14,metro_quadrado_bairro_median,power_median_ohe,Linear,log,,,,,
14,metro_quadrado_bairro_median,std_median_ohe,Linear,yeojohnson,,,,,
14,metro_quadrado_bairro_median,robust_median_ohe,Linear,yeojohnson,,,,,
14,metro_quadrado_bairro_median,power_median_ohe,Linear,none,,,,,
14,metro_quadrado_bairro_median,quantile_median_ord,Linear,yeojohnson,,,,,
14,metro_quadrado_bairro_median,minmax_mean_ohe,Linear,yeojohnson,,,,,
14,metro_quadrado_bairro_median,raw_zero_ord,Linear,yeojohnson,,,,,
14,metro_quadrado_bairro_median,power_median_ohe,Linear,yeojohnson,,,,,
15,valor_bairro_mean,raw_zero_ord,RandomForest_opt,sqrt,,,,,
15,valor_bairro_mean,std_median_ohe,HistGB_opt,boxcox,,,,,
15,valor_bairro_mean,std_median_ohe,RandomForest_opt,yeojohnson,,,,,
15,valor_bairro_mean,robust_median_ohe,GradientBoosting_opt,log,,,,,
15,valor_bairro_mean,robust_median_ohe,LightGBM_opt,sqrt,,,,,
15,valor_bairro_mean,robust_median_ohe,GradientBoosting_opt,yeojohnson,,,,,
15,valor_bairro_mean,minmax_mean_ohe,KNN_opt,none,,,,,
15,valor_bairro_mean,minmax_mean_ohe,CatBoost_opt,yeojohnson,,,,,
15,valor_bairro_mean,quantile_median_ord,Ridge_opt,log,,,,,
15,valor_bairro_mean,quantile_median_ord,SVR_opt,none,,,,,
15,valor_bairro_mean,quantile_median_ord,HistGB_opt,sqrt,,,,,
15,valor_bairro_mean,quantile_median_ord,RandomForest_opt,yeojohnson,,,,,
15,valor_bairro_mean,raw_zero_ord,KNN_opt,none,,,,,
15,valor_bairro_mean,raw_zero_ord,LightGBM_opt,sqrt,,,,,
15,valor_bairro_mean,raw_zero_ord,HistGB_opt,boxcox,,,,,
15,valor_bairro_mean,power_median_ohe,HistGB_opt,none,,,,,
15,valor_bairro_mean,power_median_ohe,SVR_opt,boxcox,,,,,
15,valor_bairro_mean,std_median_ohe,Ridge_opt,sqrt,,,,,
15,valor_bairro_mean,robust_median_ohe,LightGBM_opt,log,,,,,
15,valor_bairro_mean,robust_median_ohe,HistGB_opt,sqrt,,,,,
15,valor_bairro_mean,minmax_mean_ohe,SVR_opt,none,,,,,
15,valor_bairro_mean,minmax_mean_ohe,Ridge_opt,sqrt,,,,,
15,valor_bairro_mean,minmax_mean_ohe,LightGBM_opt,yeojohnson,,,,,
15,valor_bairro_mean,quantile_median_ord,RandomForest_opt,none,,,,,
15,valor_bairro_mean,quantile_median_ord,RandomForest_opt,log,,,,,
15,valor_bairro_mean,power_median_ohe,KNN_opt,sqrt,,,,,
15,valor_bairro_mean,raw_zero_ord,Ridge_opt,none,,,,,
15,valor_bairro_mean,raw_zero_ord,SVR_opt,boxcox,,,,,
15,valor_bairro_mean,power_median_ohe,SVR_opt,none,,,,,
15,valor_bairro_mean,power_median_ohe,RandomForest_opt,boxcox,,,,,
15,valor_bairro_mean,raw_zero_ord,CatBoost_opt,log,,,,,
15,valor_bairro_mean,robust_median_ohe,RandomForest_opt,log,,,,,
15,valor_bairro_mean,std_median_ohe,SVR_opt,none,,,,,
15,valor_bairro_mean,std_median_ohe,SVR_opt,sqrt,,,,,
15,valor_bairro_mean,minmax_mean_ohe,CatBoost_opt,none,,,,,
15,valor_bairro_mean,minmax_mean_ohe,RandomForest_opt,sqrt,,,,,
15,valor_bairro_mean,minmax_mean_ohe,HistGB_opt,yeojohnson,,,,,
15,valor_bairro_mean,power_median_ohe,Ridge_opt,sqrt,,,,,
15,valor_bairro_mean,power_median_ohe,SVR_opt,yeojohnson,,,,,
15,valor_bairro_mean,power_median_ohe,RandomForest_opt,none,,,,,
15,valor_bairro_mean,power_median_ohe,HistGB_opt,sqrt,,,,,
15,valor_bairro_mean,quantile_median_ord,HistGB_opt,boxcox,,,,,
15,valor_bairro_mean,raw_zero_ord,GradientBoosting_opt,log,,,,,
15,valor_bairro_mean,raw_zero_ord,LightGBM_opt,yeojohnson,,,,,
15,valor_bairro_mean,quantile_median_ord,LightGBM_opt,log,,,,,
15,valor_bairro_mean,power_median_ohe,HistGB_opt,log,,,,,
15,valor_bairro_mean,robust_median_ohe,Ridge_opt,log,,,,,
15,valor_bairro_mean,std_median_ohe,KNN_opt,sqrt,,,,,
15,valor_bairro_mean,std_median_ohe,CatBoost_opt,sqrt,,,,,
15,valor_bairro_mean,std_median_ohe,KNN_opt,yeojohnson,,,,,
15,valor_bairro_mean,std_median_ohe,LightGBM_opt,yeojohnson,,,,,
15,valor_bairro_mean,robust_median_ohe,KNN_opt,yeojohnson,,,,,
15,valor_bairro_mean,minmax_mean_ohe,LightGBM_opt,none,,,,,
15,valor_bairro_mean,minmax_mean_ohe,GradientBoosting_opt,sqrt,,,,,
15,valor_bairro_mean,std_median_ohe,Linear,boxcox,,,,,
15,valor_bairro_mean,quantile_median_ord,SVR_opt,boxcox,,,,,
15,valor_bairro_mean,raw_zero_ord,KNN_opt,yeojohnson,,,,,
15,valor_bairro_mean,quantile_median_ord,KNN_opt,log,,,,,
15,valor_bairro_mean,quantile_median_ord,MLP_opt,boxcox,,,,,
15,valor_bairro_mean,power_median_ohe,SVR_opt,log,,,,,
15,valor_bairro_mean,power_median_ohe,RandomForest_opt,yeojohnson,,,,,
15,valor_bairro_mean,std_median_ohe,RandomForest_opt,none,,,,,
15,valor_bairro_mean,std_median_ohe,RandomForest_opt,sqrt,,,,,
15,valor_bairro_mean,std_median_ohe,LightGBM_opt,sqrt,,,,,
15,valor_bairro_mean,robust_median_ohe,Ridge_opt,none,,,,,
15,valor_bairro_mean,robust_median_ohe,HistGB_opt,log,,,,,
15,valor_bairro_mean,raw_zero_ord,Linear,log,,,,,
15,valor_bairro_mean,minmax_mean_ohe,MLP_opt,log,,,,,
15,valor_bairro_mean,robust_median_ohe,Ridge_opt,boxcox,,,,,
15,valor_bairro_mean,minmax_mean_ohe,HistGB_opt,none,,,,,
15,valor_bairro_mean,minmax_mean_ohe,KNN_opt,sqrt,,,,,
15,valor_bairro_mean,minmax_mean_ohe,CatBoost_opt,boxcox,,,,,
15,valor_bairro_mean,quantile_median_ord,RandomForest_opt,boxcox,,,,,
15,valor_bairro_mean,quantile_median_ord,CatBoost_opt,yeojohnson,,,,,
15,valor_bairro_mean,raw_zero_ord,HistGB_opt,none,,,,,
15,valor_bairro_mean,power_median_ohe,RandomForest_opt,log,,,,,
15,valor_bairro_mean,raw_zero_ord,Linear,sqrt,,,,,
15,valor_bairro_mean,raw_zero_ord,GradientBoosting_opt,sqrt,,,,,
15,valor_bairro_mean,robust_median_ohe,HistGB_opt,none,,,,,
15,valor_bairro_mean,std_median_ohe,HistGB_opt,yeojohnson,,,,,
15,valor_bairro_mean,robust_median_ohe,Ridge_opt,sqrt,,,,,
15,valor_bairro_mean,robust_median_ohe,RandomForest_opt,boxcox,,,,,
15,valor_bairro_mean,minmax_mean_ohe,MLP_opt,boxcox,,,,,
15,valor_bairro_mean,minmax_mean_ohe,SVR_opt,sqrt,,,,,
15,valor_bairro_mean,minmax_mean_ohe,SVR_opt,boxcox,,,,,
15,valor_bairro_mean,quantile_median_ord,Ridge_opt,none,,,,,
15,valor_bairro_mean,quantile_median_ord,CatBoost_opt,log,,,,,
15,valor_bairro_mean,std_median_ohe,MLP_opt,sqrt,,,,,
15,valor_bairro_mean,quantile_median_ord,GradientBoosting_opt,yeojohnson,,,,,
15,valor_bairro_mean,quantile_median_ord,CatBoost_opt,none,,,,,
15,valor_bairro_mean,power_median_ohe,Linear,boxcox,,,,,
15,valor_bairro_mean,raw_zero_ord,SVR_opt,none,,,,,
15,valor_bairro_mean,robust_median_ohe,MLP_opt,none,,,,,
15,valor_bairro_mean,minmax_mean_ohe,KNN_opt,boxcox,,,,,
15,valor_bairro_mean,raw_zero_ord,Linear,boxcox,,,,,
15,valor_bairro_mean,power_median_ohe,CatBoost_opt,boxcox,,,,,
15,valor_bairro_mean,robust_median_ohe,Linear,sqrt,,,,,
15,valor_bairro_mean,quantile_median_ord,KNN_opt,sqrt,,,,,
15,valor_bairro_mean,std_median_ohe,CatBoost_opt,boxcox,,,,,
15,valor_bairro_mean,robust_median_ohe,GradientBoosting_opt,none,,,,,
15,valor_bairro_mean,std_median_ohe,LightGBM_opt,none,,,,,
15,valor_bairro_mean,std_median_ohe,HistGB_opt,none,,,,,
15,valor_bairro_mean,std_median_ohe,CatBoost_opt,yeojohnson,,,,,
15,valor_bairro_mean,robust_median_ohe,KNN_opt,log,,,,,
15,valor_bairro_mean,robust_median_ohe,GradientBoosting_opt,boxcox,,,,,
15,valor_bairro_mean,robust_median_ohe,SVR_opt,yeojohnson,,,,,
15,valor_bairro_mean,minmax_mean_ohe,CatBoost_opt,sqrt,,,,,
15,valor_bairro_mean,quantile_median_ord,GradientBoosting_opt,none,,,,,
15,valor_bairro_mean,power_median_ohe,SVR_opt,sqrt,,,,,
15,valor_bairro_mean,raw_zero_ord,RandomForest_opt,none,,,,,
15,valor_bairro_mean,raw_zero_ord,CatBoost_opt,boxcox,,,,,
15,valor_bairro_mean,power_median_ohe,CatBoost_opt,none,,,,,
15,valor_bairro_mean,power_median_ohe,GradientBoosting_opt,boxcox,,,,,
15,valor_bairro_mean,raw_zero_ord,LightGBM_opt,log,,,,,
15,valor_bairro_mean,quantile_median_ord,Ridge_opt,sqrt,,,,,
15,valor_bairro_mean,robust_median_ohe,CatBoost_opt,log,,,,,
15,valor_bairro_mean,robust_median_ohe,MLP_opt,log,,,,,
15,valor_bairro_mean,std_median_ohe,GradientBoosting_opt,boxcox,,,,,
15,valor_bairro_mean,std_median_ohe,SVR_opt,yeojohnson,,,,,
15,valor_bairro_mean,raw_zero_ord,MLP_opt,log,,,,,
15,valor_bairro_mean,robust_median_ohe,KNN_opt,boxcox,,,,,
15,valor_bairro_mean,robust_median_ohe,CatBoost_opt,yeojohnson,,,,,
15,valor_bairro_mean,robust_median_ohe,MLP_opt,sqrt,,,,,
15,valor_bairro_mean,minmax_mean_ohe,Ridge_opt,log,,,,,
15,valor_bairro_mean,minmax_mean_ohe,LightGBM_opt,sqrt,,,,,
15,valor_bairro_mean,power_median_ohe,RandomForest_opt,sqrt,,,,,
15,valor_bairro_mean,minmax_mean_ohe,MLP_opt,none,,,,,
15,valor_bairro_mean,raw_zero_ord,CatBoost_opt,sqrt,,,,,
15,valor_bairro_mean,raw_zero_ord,GradientBoosting_opt,boxcox,,,,,
15,valor_bairro_mean,power_median_ohe,GradientBoosting_opt,none,,,,,
15,valor_bairro_mean,std_median_ohe,MLP_opt,none,,,,,
15,valor_bairro_mean,minmax_mean_ohe,Linear,none,,,,,
15,valor_bairro_mean,raw_zero_ord,KNN_opt,log,,,,,
15,valor_bairro_mean,std_median_ohe,Linear,none,,,,,
15,valor_bairro_mean,raw_zero_ord,HistGB_opt,yeojohnson,,,,,
15,valor_bairro_mean,quantile_median_ord,HistGB_opt,log,,,,,
15,valor_bairro_mean,std_median_ohe,LightGBM_opt,log,,,,,
15,valor_bairro_mean,std_median_ohe,RandomForest_opt,log,,,,,
15,valor_bairro_mean,std_median_ohe,LightGBM_opt,boxcox,,,,,
15,valor_bairro_mean,robust_median_ohe,CatBoost_opt,sqrt,,,,,
15,valor_bairro_mean,robust_median_ohe,KNN_opt,none,,,,,
15,valor_bairro_mean,robust_median_ohe,SVR_opt,boxcox,,,,,
15,valor_bairro_mean,robust_median_ohe,LightGBM_opt,yeojohnson,,,,,
15,valor_bairro_mean,minmax_mean_ohe,RandomForest_opt,log,,,,,
15,valor_bairro_mean,minmax_mean_ohe,HistGB_opt,sqrt,,,,,
15,valor_bairro_mean,quantile_median_ord,KNN_opt,none,,,,,
15,valor_bairro_mean,power_median_ohe,CatBoost_opt,yeojohnson,,,,,
15,valor_bairro_mean,quantile_median_ord,Linear,sqrt,,,,,
15,valor_bairro_mean,power_median_ohe,CatBoost_opt,sqrt,,,,,
15,valor_bairro_mean,quantile_median_ord,CatBoost_opt,boxcox,,,,,
15,valor_bairro_mean,raw_zero_ord,Ridge_opt,log,,,,,
15,valor_bairro_mean,raw_zero_ord,SVR_opt,yeojohnson,,,,,
15,valor_bairro_mean,quantile_median_ord,SVR_opt,log,,,,,
15,valor_bairro_mean,power_median_ohe,CatBoost_opt,log,,,,,
15,valor_bairro_mean,power_median_ohe,GradientBoosting_opt,yeojohnson,,,,,
15,valor_bairro_mean,minmax_mean_ohe,KNN_opt,yeojohnson,,,,,
15,valor_bairro_mean,robust_median_ohe,RandomForest_opt,none,,,,,
15,valor_bairro_mean,robust_median_ohe,Linear,none,,,,,
15,valor_bairro_mean,std_median_ohe,GradientBoosting_opt,sqrt,,,,,
15,valor_bairro_mean,std_median_ohe,MLP_opt,log,,,,,
15,valor_bairro_mean,std_median_ohe,KNN_opt,boxcox,,,,,
15,valor_bairro_mean,robust_median_ohe,GradientBoosting_opt,sqrt,,,,,
15,valor_bairro_mean,robust_median_ohe,CatBoost_opt,boxcox,,,,,
15,valor_bairro_mean,robust_median_ohe,HistGB_opt,yeojohnson,,,,,
15,valor_bairro_mean,minmax_mean_ohe,GradientBoosting_opt,log,,,,,
15,valor_bairro_mean,quantile_median_ord,MLP_opt,log,,,,,
15,valor_bairro_mean,quantile_median_ord,GradientBoosting_opt,boxcox,,,,,
15,valor_bairro_mean,quantile_median_ord,LightGBM_opt,yeojohnson,,,,,
15,valor_bairro_mean,minmax_mean_ohe,Linear,sqrt,,,,,
15,valor_bairro_mean,std_median_ohe,Linear,sqrt,,,,,
15,valor_bairro_mean,raw_zero_ord,RandomForest_opt,yeojohnson,,,,,
15,valor_bairro_mean,robust_median_ohe,Linear,log,,,,,
15,valor_bairro_mean,raw_zero_ord,HistGB_opt,sqrt,,,,,
15,valor_bairro_mean,power_median_ohe,GradientBoosting_opt,log,,,,,
15,valor_bairro_mean,power_median_ohe,MLP_opt,boxcox,,,,,
15,valor_bairro_mean,raw_zero_ord,KNN_opt,sqrt,,,,,
15,valor_bairro_mean,robust_median_ohe,CatBoost_opt,none,,,,,
15,valor_bairro_mean,std_median_ohe,KNN_opt,log,,,,,
15,valor_bairro_mean,std_median_ohe,GradientBoosting_opt,log,,,,,
15,valor_bairro_mean,std_median_ohe,HistGB_opt,sqrt,,,,,
15,valor_bairro_mean,raw_zero_ord,Linear,none,,,,,
15,valor_bairro_mean,robust_median_ohe,SVR_opt,log,,,,,
15,valor_bairro_mean,robust_median_ohe,LightGBM_opt,boxcox,,,,,
15,valor_bairro_mean,quantile_median_ord,MLP_opt,none,,,,,
15,valor_bairro_mean,minmax_mean_ohe,KNN_opt,log,,,,,
15,valor_bairro_mean,minmax_mean_ohe,MLP_opt,sqrt,,,,,
15,valor_bairro_mean,quantile_median_ord,MLP_opt,sqrt,,,,,
15,valor_bairro_mean,quantile_median_ord,KNN_opt,yeojohnson,,,,,
15,valor_bairro_mean,raw_zero_ord,CatBoost_opt,none,,,,,
15,valor_bairro_mean,raw_zero_ord,MLP_opt,boxcox,,,,,
15,valor_bairro_mean,quantile_median_ord,Linear,none,,,,,
15,valor_bairro_mean,power_median_ohe,LightGBM_opt,boxcox,,,,,
15,valor_bairro_mean,raw_zero_ord,Ridge_opt,sqrt,,,,,
15,valor_bairro_mean,quantile_median_ord,SVR_opt,sqrt,,,,,
15,valor_bairro_mean,robust_median_ohe,LightGBM_opt,none,,,,,
15,valor_bairro_mean,std_median_ohe,CatBoost_opt,log,,,,,
15,valor_bairro_mean,std_median_ohe,SVR_opt,boxcox,,,,,
15,valor_bairro_mean,robust_median_ohe,SVR_opt,sqrt,,,,,
15,valor_bairro_mean,robust_median_ohe,HistGB_opt,boxcox,,,,,
15,valor_bairro_mean,power_median_ohe,Linear,sqrt,,,,,
15,valor_bairro_mean,minmax_mean_ohe,SVR_opt,log,,,,,
15,valor_bairro_mean,minmax_mean_ohe,Ridge_opt,boxcox,,,,,
15,valor_bairro_mean,minmax_mean_ohe,Ridge_opt,yeojohnson,,,,,
15,valor_bairro_mean,quantile_median_ord,LightGBM_opt,none,,,,,
15,valor_bairro_mean,quantile_median_ord,LightGBM_opt,sqrt,,,,,
15,valor_bairro_mean,quantile_median_ord,Ridge_opt,yeojohnson,,,,,
15,valor_bairro_mean,raw_zero_ord,GradientBoosting_opt,none,,,,,
15,valor_bairro_mean,raw_zero_ord,LightGBM_opt,boxcox,,,,,
15,valor_bairro_mean,power_median_ohe,LightGBM_opt,none,,,,,
15,valor_bairro_mean,power_median_ohe,KNN_opt,boxcox,,,,,
15,valor_bairro_mean,raw_zero_ord,HistGB_opt,log,,,,,
15,valor_bairro_mean,quantile_median_ord,RandomForest_opt,sqrt,,,,,
15,valor_bairro_mean,raw_zero_ord,MLP_opt,sqrt,,,,,
15,valor_bairro_mean,std_median_ohe,GradientBoosting_opt,yeojohnson,,,,,
15,valor_bairro_mean,std_median_ohe,KNN_opt,none,,,,,
15,valor_bairro_mean,power_median_ohe,MLP_opt,sqrt,,,,,
15,valor_bairro_mean,raw_zero_ord,MLP_opt,yeojohnson,,,,,
15,valor_bairro_mean,minmax_mean_ohe,Ridge_opt,none,,,,,
15,valor_bairro_mean,minmax_mean_ohe,CatBoost_opt,log,,,,,
15,valor_bairro_mean,minmax_mean_ohe,RandomForest_opt,boxcox,,,,,
15,valor_bairro_mean,minmax_mean_ohe,RandomForest_opt,yeojohnson,,,,,
15,valor_bairro_mean,quantile_median_ord,HistGB_opt,none,,,,,
15,valor_bairro_mean,quantile_median_ord,GradientBoosting_opt,sqrt,,,,,
15,valor_bairro_mean,robust_median_ohe,Linear,boxcox,,,,,
15,valor_bairro_mean,power_median_ohe,GradientBoosting_opt,sqrt,,,,,
15,valor_bairro_mean,raw_zero_ord,KNN_opt,boxcox,,,,,
15,valor_bairro_mean,power_median_ohe,KNN_opt,none,,,,,
15,valor_bairro_mean,power_median_ohe,Ridge_opt,boxcox,,,,,
15,valor_bairro_mean,raw_zero_ord,SVR_opt,log,,,,,
15,valor_bairro_mean,minmax_mean_ohe,MLP_opt,yeojohnson,,,,,
15,valor_bairro_mean,std_median_ohe,Linear,log,,,,,
15,valor_bairro_mean,std_median_ohe,HistGB_opt,log,,,,,
15,valor_bairro_mean,std_median_ohe,Ridge_opt,boxcox,,,,,
15,valor_bairro_mean,std_median_ohe,MLP_opt,boxcox,,,,,
15,valor_bairro_mean,robust_median_ohe,KNN_opt,sqrt,,,,,
15,valor_bairro_mean,robust_median_ohe,MLP_opt,boxcox,,,,,
15,valor_bairro_mean,minmax_mean_ohe,RandomForest_opt,none,,,,,
15,valor_bairro_mean,minmax_mean_ohe,LightGBM_opt,log,,,,,
15,valor_bairro_mean,minmax_mean_ohe,GradientBoosting_opt,boxcox,,,,,
15,valor_bairro_mean,minmax_mean_ohe,LightGBM_opt,boxcox,,,,,
15,valor_bairro_mean,minmax_mean_ohe,GradientBoosting_opt,yeojohnson,,,,,
15,valor_bairro_mean,power_median_ohe,LightGBM_opt,yeojohnson,,,,,
15,valor_bairro_mean,raw_zero_ord,Ridge_opt,boxcox,,,,,
15,valor_bairro_mean,power_median_ohe,Ridge_opt,none,,,,,
15,valor_bairro_mean,power_median_ohe,LightGBM_opt,sqrt,,,,,
15,valor_bairro_mean,quantile_median_ord,LightGBM_opt,boxcox,,,,,
15,valor_bairro_mean,raw_zero_ord,RandomForest_opt,log,,,,,
15,valor_bairro_mean,raw_zero_ord,CatBoost_opt,yeojohnson,,,,,
15,valor_bairro_mean,power_median_ohe,HistGB_opt,yeojohnson,,,,,
15,valor_bairro_mean,power_median_ohe,LightGBM_opt,log,,,,,
15,valor_bairro_mean,power_median_ohe,MLP_opt,log,,,,,
15,valor_bairro_mean,power_median_ohe,KNN_opt,yeojohnson,,,,,
15,valor_bairro_mean,robust_median_ohe,SVR_opt,none,,,,,
15,valor_bairro_mean,std_median_ohe,RandomForest_opt,boxcox,,,,,
15,valor_bairro_mean,std_median_ohe,SVR_opt,log,,,,,
15,valor_bairro_mean,std_median_ohe,GradientBoosting_opt,none,,,,,
15,valor_bairro_mean,std_median_ohe,CatBoost_opt,none,,,,,
15,valor_bairro_mean,robust_median_ohe,RandomForest_opt,sqrt,,,,,
15,valor_bairro_mean,robust_median_ohe,Ridge_opt,yeojohnson,,,,,
15,valor_bairro_mean,minmax_mean_ohe,GradientBoosting_opt,none,,,,,
15,valor_bairro_mean,minmax_mean_ohe,HistGB_opt,log,,,,,
15,valor_bairro_mean,minmax_mean_ohe,HistGB_opt,boxcox,,,,,
15,valor_bairro_mean,quantile_median_ord,HistGB_opt,yeojohnson,,,,,
15,valor_bairro_mean,quantile_median_ord,KNN_opt,boxcox,,,,,
15,valor_bairro_mean,raw_zero_ord,RandomForest_opt,boxcox,,,,,
15,valor_bairro_mean,raw_zero_ord,GradientBoosting_opt,yeojohnson,,,,,
15,valor_bairro_mean,quantile_median_ord,GradientBoosting_opt,log,,,,,
15,valor_bairro_mean,power_median_ohe,KNN_opt,log,,,,,
15,valor_bairro_mean,power_median_ohe,Ridge_opt,yeojohnson,,,,,
15,valor_bairro_mean,raw_zero_ord,SVR_opt,sqrt,,,,,
15,valor_bairro_mean,std_median_ohe,Ridge_opt,none,,,,,
15,valor_bairro_mean,std_median_ohe,Ridge_opt,log,,,,,
15,valor_bairro_mean,std_median_ohe,Ridge_opt,yeojohnson,,,,,
15,valor_bairro_mean,robust_median_ohe,RandomForest_opt,yeojohnson,,,,,
15,valor_bairro_mean,raw_zero_ord,MLP_opt,none,,,,,
15,valor_bairro_mean,minmax_mean_ohe,SVR_opt,yeojohnson,,,,,
15,valor_bairro_mean,quantile_median_ord,CatBoost_opt,sqrt,,,,,
15,valor_bairro_mean,minmax_mean_ohe,Linear,log,,,,,
15,valor_bairro_mean,quantile_median_ord,Ridge_opt,boxcox,,,,,
15,valor_bairro_mean,quantile_median_ord,SVR_opt,yeojohnson,,,,,
15,valor_bairro_mean,raw_zero_ord,LightGBM_opt,none,,,,,
15,valor_bairro_mean,raw_zero_ord,Ridge_opt,yeojohnson,,,,,
15,valor_bairro_mean,power_median_ohe,Ridge_opt,log,,,,,
15,valor_bairro_mean,quantile_median_ord,Linear,boxcox,,,,,
15,valor_bairro_mean,power_median_ohe,HistGB_opt,boxcox,,,,,
15,valor_bairro_mean,minmax_mean_ohe,Linear,boxcox,,,,,
15,valor_bairro_mean,std_median_ohe,MLP_opt,yeojohnson,,,,,
15,valor_bairro_mean,quantile_median_ord,MLP_opt,yeojohnson,,,,,
15,valor_bairro_mean,power_median_ohe,MLP_opt,none,,,,,
15,valor_bairro_mean,robust_median_ohe,MLP_opt,yeojohnson,,,,,
15,valor_bairro_mean,quantile_median_ord,Linear,log,,,,,
15,valor_bairro_mean,power_median_ohe,MLP_opt,yeojohnson,,,,,
15,valor_bairro_mean,power_median_ohe,Linear,log,,,,,
15,valor_bairro_mean,minmax_mean_ohe,Linear,yeojohnson,,,,,
15,valor_bairro_mean,power_median_ohe,Linear,none,,,,,
15,valor_bairro_mean,std_median_ohe,Linear,yeojohnson,,,,,
15,valor_bairro_mean,robust_median_ohe,Linear,yeojohnson,,,,,
15,valor_bairro_mean,quantile_median_ord,Linear,yeojohnson,,,,,
15,valor_bairro_mean,raw_zero_ord,Linear,yeojohnson,,,,,
15,valor_bairro_mean,power_median_ohe,Linear,yeojohnson,,,,,
16,bairro_rank,power_median_ohe,Ridge_opt,log,,,,,
16,bairro_rank,std_median_ohe,RandomForest_opt,log,,,,,
16,bairro_rank,std_median_ohe,KNN_opt,log,,,,,
16,bairro_rank,std_median_ohe,GradientBoosting_opt,boxcox,,,,,
16,bairro_rank,robust_median_ohe,HistGB_opt,none,,,,,
16,bairro_rank,std_median_ohe,LightGBM_opt,yeojohnson,,,,,
16,bairro_rank,robust_median_ohe,KNN_opt,sqrt,,,,,
16,bairro_rank,robust_median_ohe,GradientBoosting_opt,yeojohnson,,,,,
16,bairro_rank,minmax_mean_ohe,HistGB_opt,log,,,,,
16,bairro_rank,power_median_ohe,HistGB_opt,yeojohnson,,,,,
16,bairro_rank,quantile_median_ord,GradientBoosting_opt,yeojohnson,,,,,
16,bairro_rank,raw_zero_ord,RandomForest_opt,boxcox,,,,,
16,bairro_rank,power_median_ohe,LightGBM_opt,sqrt,,,,,
16,bairro_rank,quantile_median_ord,CatBoost_opt,log,,,,,
16,bairro_rank,raw_zero_ord,HistGB_opt,sqrt,,,,,
16,bairro_rank,raw_zero_ord,GradientBoosting_opt,log,,,,,
16,bairro_rank,raw_zero_ord,LightGBM_opt,yeojohnson,,,,,
16,bairro_rank,quantile_median_ord,KNN_opt,sqrt,,,,,
16,bairro_rank,power_median_ohe,HistGB_opt,none,,,,,
16,bairro_rank,robust_median_ohe,Ridge_opt,none,,,,,
16,bairro_rank,robust_median_ohe,SVR_opt,sqrt,,,,,
16,bairro_rank,std_median_ohe,GradientBoosting_opt,sqrt,,,,,
16,bairro_rank,std_median_ohe,CatBoost_opt,sqrt,,,,,
16,bairro_rank,robust_median_ohe,Ridge_opt,yeojohnson,,,,,
16,bairro_rank,robust_median_ohe,KNN_opt,yeojohnson,,,,,
16,bairro_rank,minmax_mean_ohe,KNN_opt,boxcox,,,,,
16,bairro_rank,power_median_ohe,KNN_opt,sqrt,,,,,
16,bairro_rank,quantile_median_ord,GradientBoosting_opt,log,,,,,
16,bairro_rank,raw_zero_ord,KNN_opt,yeojohnson,,,,,
16,bairro_rank,quantile_median_ord,Ridge_opt,sqrt,,,,,
16,bairro_rank,power_median_ohe,SVR_opt,none,,,,,
16,bairro_rank,power_median_ohe,RandomForest_opt,yeojohnson,,,,,
16,bairro_rank,std_median_ohe,HistGB_opt,yeojohnson,,,,,
16,bairro_rank,robust_median_ohe,CatBoost_opt,sqrt,,,,,
16,bairro_rank,std_median_ohe,KNN_opt,none,,,,,
16,bairro_rank,std_median_ohe,HistGB_opt,none,,,,,
16,bairro_rank,std_median_ohe,LightGBM_opt,log,,,,,
16,bairro_rank,std_median_ohe,HistGB_opt,log,,,,,
16,bairro_rank,robust_median_ohe,RandomForest_opt,yeojohnson,,,,,
16,bairro_rank,robust_median_ohe,SVR_opt,yeojohnson,,,,,
16,bairro_rank,quantile_median_ord,LightGBM_opt,boxcox,,,,,
16,bairro_rank,power_median_ohe,Ridge_opt,sqrt,,,,,
16,bairro_rank,raw_zero_ord,HistGB_opt,none,,,,,
16,bairro_rank,raw_zero_ord,Ridge_opt,yeojohnson,,,,,
16,bairro_rank,quantile_median_ord,HistGB_opt,log,,,,,
16,bairro_rank,power_median_ohe,RandomForest_opt,none,,,,,
16,bairro_rank,raw_zero_ord,GradientBoosting_opt,sqrt,,,,,
16,bairro_rank,robust_median_ohe,Ridge_opt,log,,,,,
16,bairro_rank,robust_median_ohe,LightGBM_opt,sqrt,,,,,
16,bairro_rank,std_median_ohe,GradientBoosting_opt,none,,,,,
16,bairro_rank,std_median_ohe,HistGB_opt,boxcox,,,,,
16,bairro_rank,robust_median_ohe,MLP_opt,boxcox,,,,,
16,bairro_rank,robust_median_ohe,CatBoost_opt,yeojohnson,,,,,
16,bairro_rank,minmax_mean_ohe,Ridge_opt,sqrt,,,,,
16,bairro_rank,std_median_ohe,MLP_opt,boxcox,,,,,
16,bairro_rank,minmax_mean_ohe,LightGBM_opt,boxcox,,,,,
16,bairro_rank,quantile_median_ord,SVR_opt,none,,,,,
16,bairro_rank,quantile_median_ord,MLP_opt,boxcox,,,,,
16,bairro_rank,quantile_median_ord,LightGBM_opt,none,,,,,
16,bairro_rank,quantile_median_ord,KNN_opt,boxcox,,,,,
16,bairro_rank,power_median_ohe,HistGB_opt,log,,,,,
16,bairro_rank,raw_zero_ord,SVR_opt,none,,,,,
16,bairro_rank,std_median_ohe,Linear,boxcox,,,,,
16,bairro_rank,power_median_ohe,CatBoost_opt,boxcox,,,,,
16,bairro_rank,quantile_median_ord,Ridge_opt,boxcox,,,,,
16,bairro_rank,std_median_ohe,RandomForest_opt,none,,,,,
16,bairro_rank,std_median_ohe,Ridge_opt,boxcox,,,,,
16,bairro_rank,std_median_ohe,LightGBM_opt,boxcox,,,,,
16,bairro_rank,raw_zero_ord,Linear,sqrt,,,,,
16,bairro_rank,robust_median_ohe,RandomForest_opt,log,,,,,
16,bairro_rank,robust_median_ohe,HistGB_opt,sqrt,,,,,
16,bairro_rank,power_median_ohe,Linear,boxcox,,,,,
16,bairro_rank,raw_zero_ord,MLP_opt,none,,,,,
16,bairro_rank,robust_median_ohe,LightGBM_opt,yeojohnson,,,,,
16,bairro_rank,minmax_mean_ohe,RandomForest_opt,sqrt,,,,,
16,bairro_rank,minmax_mean_ohe,HistGB_opt,boxcox,,,,,
16,bairro_rank,quantile_median_ord,KNN_opt,none,,,,,
16,bairro_rank,power_median_ohe,SVR_opt,log,,,,,
16,bairro_rank,raw_zero_ord,RandomForest_opt,none,,,,,
16,bairro_rank,raw_zero_ord,CatBoost_opt,boxcox,,,,,
16,bairro_rank,quantile_median_ord,LightGBM_opt,yeojohnson,,,,,
16,bairro_rank,power_median_ohe,GradientBoosting_opt,boxcox,,,,,
16,bairro_rank,raw_zero_ord,LightGBM_opt,log,,,,,
16,bairro_rank,quantile_median_ord,HistGB_opt,sqrt,,,,,
16,bairro_rank,power_median_ohe,RandomForest_opt,log,,,,,
16,bairro_rank,raw_zero_ord,Linear,boxcox,,,,,
16,bairro_rank,std_median_ohe,SVR_opt,none,,,,,
16,bairro_rank,std_median_ohe,Linear,sqrt,,,,,
16,bairro_rank,std_median_ohe,Ridge_opt,sqrt,,,,,
16,bairro_rank,std_median_ohe,KNN_opt,sqrt,,,,,
16,bairro_rank,std_median_ohe,CatBoost_opt,boxcox,,,,,
16,bairro_rank,robust_median_ohe,GradientBoosting_opt,log,,,,,
16,bairro_rank,robust_median_ohe,HistGB_opt,yeojohnson,,,,,
16,bairro_rank,minmax_mean_ohe,HistGB_opt,none,,,,,
16,bairro_rank,minmax_mean_ohe,GradientBoosting_opt,sqrt,,,,,
16,bairro_rank,raw_zero_ord,SVR_opt,sqrt,,,,,
16,bairro_rank,quantile_median_ord,KNN_opt,yeojohnson,,,,,
16,bairro_rank,raw_zero_ord,GradientBoosting_opt,boxcox,,,,,
16,bairro_rank,power_median_ohe,HistGB_opt,sqrt,,,,,
16,bairro_rank,raw_zero_ord,KNN_opt,log,,,,,
16,bairro_rank,raw_zero_ord,HistGB_opt,yeojohnson,,,,,
16,bairro_rank,quantile_median_ord,SVR_opt,sqrt,,,,,
16,bairro_rank,std_median_ohe,Ridge_opt,none,,,,,
16,bairro_rank,raw_zero_ord,MLP_opt,log,,,,,
16,bairro_rank,robust_median_ohe,RandomForest_opt,none,,,,,
16,bairro_rank,robust_median_ohe,KNN_opt,log,,,,,
16,bairro_rank,std_median_ohe,MLP_opt,log,,,,,
16,bairro_rank,robust_median_ohe,MLP_opt,none,,,,,
16,bairro_rank,std_median_ohe,MLP_opt,sqrt,,,,,
16,bairro_rank,minmax_mean_ohe,KNN_opt,sqrt,,,,,
16,bairro_rank,minmax_mean_ohe,SVR_opt,boxcox,,,,,
16,bairro_rank,minmax_mean_ohe,MLP_opt,boxcox,,,,,
16,bairro_rank,quantile_median_ord,Ridge_opt,yeojohnson,,,,,
16,bairro_rank,power_median_ohe,CatBoost_opt,yeojohnson,,,,,
16,bairro_rank,power_median_ohe,SVR_opt,sqrt,,,,,
16,bairro_rank,quantile_median_ord,KNN_opt,log,,,,,
16,bairro_rank,robust_median_ohe,Linear,sqrt,,,,,
16,bairro_rank,raw_zero_ord,Ridge_opt,log,,,,,
16,bairro_rank,raw_zero_ord,SVR_opt,yeojohnson,,,,,
16,bairro_rank,quantile_median_ord,RandomForest_opt,sqrt,,,,,
16,bairro_rank,power_median_ohe,CatBoost_opt,none,,,,,
16,bairro_rank,minmax_mean_ohe,SVR_opt,yeojohnson,,,,,
16,bairro_rank,power_median_ohe,GradientBoosting_opt,yeojohnson,,,,,
16,bairro_rank,robust_median_ohe,SVR_opt,log,,,,,
16,bairro_rank,std_median_ohe,CatBoost_opt,none,,,,,
16,bairro_rank,std_median_ohe,KNN_opt,boxcox,,,,,
16,bairro_rank,std_median_ohe,SVR_opt,yeojohnson,,,,,
16,bairro_rank,robust_median_ohe,Ridge_opt,boxcox,,,,,
16,bairro_rank,robust_median_ohe,MLP_opt,sqrt,,,,,
16,bairro_rank,raw_zero_ord,MLP_opt,sqrt,,,,,
16,bairro_rank,minmax_mean_ohe,SVR_opt,sqrt,,,,,
16,bairro_rank,minmax_mean_ohe,Ridge_opt,yeojohnson,,,,,
16,bairro_rank,minmax_mean_ohe,MLP_opt,none,,,,,
16,bairro_rank,quantile_median_ord,Ridge_opt,log,,,,,
16,bairro_rank,quantile_median_ord,HistGB_opt,boxcox,,,,,
16,bairro_rank,power_median_ohe,RandomForest_opt,sqrt,,,,,
16,bairro_rank,raw_zero_ord,LightGBM_opt,sqrt,,,,,
16,bairro_rank,minmax_mean_ohe,Linear,log,,,,,
16,bairro_rank,raw_zero_ord,RandomForest_opt,yeojohnson,,,,,
16,bairro_rank,minmax_mean_ohe,Linear,none,,,,,
16,bairro_rank,power_median_ohe,GradientBoosting_opt,none,,,,,
16,bairro_rank,std_median_ohe,Linear,none,,,,,
16,bairro_rank,raw_zero_ord,KNN_opt,sqrt,,,,,
16,bairro_rank,std_median_ohe,LightGBM_opt,none,,,,,
16,bairro_rank,std_median_ohe,LightGBM_opt,sqrt,,,,,
16,bairro_rank,robust_median_ohe,LightGBM_opt,none,,,,,
16,bairro_rank,robust_median_ohe,LightGBM_opt,log,,,,,
16,bairro_rank,std_median_ohe,CatBoost_opt,yeojohnson,,,,,
16,bairro_rank,robust_median_ohe,RandomForest_opt,boxcox,,,,,
16,bairro_rank,minmax_mean_ohe,Ridge_opt,none,,,,,
16,bairro_rank,minmax_mean_ohe,Ridge_opt,log,,,,,
16,bairro_rank,power_median_ohe,MLP_opt,boxcox,,,,,
16,bairro_rank,std_median_ohe,Linear,log,,,,,
16,bairro_rank,minmax_mean_ohe,CatBoost_opt,sqrt,,,,,
16,bairro_rank,minmax_mean_ohe,RandomForest_opt,yeojohnson,,,,,
16,bairro_rank,quantile_median_ord,HistGB_opt,none,,,,,
16,bairro_rank,quantile_median_ord,SVR_opt,boxcox,,,,,
16,bairro_rank,raw_zero_ord,CatBoost_opt,none,,,,,
16,bairro_rank,raw_zero_ord,MLP_opt,boxcox,,,,,
16,bairro_rank,power_median_ohe,LightGBM_opt,boxcox,,,,,
16,bairro_rank,raw_zero_ord,Ridge_opt,sqrt,,,,,
16,bairro_rank,raw_zero_ord,Linear,none,,,,,
16,bairro_rank,std_median_ohe,SVR_opt,log,,,,,
16,bairro_rank,std_median_ohe,SVR_opt,boxcox,,,,,
16,bairro_rank,robust_median_ohe,CatBoost_opt,log,,,,,
16,bairro_rank,robust_median_ohe,HistGB_opt,log,,,,,
16,bairro_rank,std_median_ohe,MLP_opt,none,,,,,
16,bairro_rank,robust_median_ohe,GradientBoosting_opt,boxcox,,,,,
16,bairro_rank,minmax_mean_ohe,RandomForest_opt,none,,,,,
16,bairro_rank,minmax_mean_ohe,RandomForest_opt,log,,,,,
16,bairro_rank,minmax_mean_ohe,LightGBM_opt,sqrt,,,,,
16,bairro_rank,minmax_mean_ohe,GradientBoosting_opt,yeojohnson,,,,,
16,bairro_rank,robust_median_ohe,Linear,none,,,,,
16,bairro_rank,power_median_ohe,CatBoost_opt,log,,,,,
16,bairro_rank,power_median_ohe,SVR_opt,yeojohnson,,,,,
16,bairro_rank,raw_zero_ord,GradientBoosting_opt,none,,,,,
16,bairro_rank,raw_zero_ord,LightGBM_opt,boxcox,,,,,
16,bairro_rank,power_median_ohe,KNN_opt,boxcox,,,,,
16,bairro_rank,raw_zero_ord,HistGB_opt,log,,,,,
16,bairro_rank,std_median_ohe,CatBoost_opt,log,,,,,
16,bairro_rank,robust_median_ohe,KNN_opt,none,,,,,
16,bairro_rank,quantile_median_ord,MLP_opt,none,,,,,
16,bairro_rank,robust_median_ohe,KNN_opt,boxcox,,,,,
16,bairro_rank,minmax_mean_ohe,GradientBoosting_opt,none,,,,,
16,bairro_rank,minmax_mean_ohe,GradientBoosting_opt,log,,,,,
16,bairro_rank,minmax_mean_ohe,HistGB_opt,sqrt,,,,,
16,bairro_rank,minmax_mean_ohe,Linear,boxcox,,,,,
16,bairro_rank,minmax_mean_ohe,KNN_opt,yeojohnson,,,,,
16,bairro_rank,quantile_median_ord,RandomForest_opt,none,,,,,
16,bairro_rank,quantile_median_ord,Linear,none,,,,,
16,bairro_rank,raw_zero_ord,KNN_opt,boxcox,,,,,
16,bairro_rank,quantile_median_ord,SVR_opt,yeojohnson,,,,,
16,bairro_rank,minmax_mean_ohe,MLP_opt,log,,,,,
16,bairro_rank,power_median_ohe,Ridge_opt,boxcox,,,,,
16,bairro_rank,raw_zero_ord,SVR_opt,log,,,,,
16,bairro_rank,quantile_median_ord,Linear,sqrt,,,,,
16,bairro_rank,quantile_median_ord,CatBoost_opt,sqrt,,,,,
16,bairro_rank,robust_median_ohe,Linear,log,,,,,
16,bairro_rank,robust_median_ohe,MLP_opt,log,,,,,
16,bairro_rank,std_median_ohe,HistGB_opt,sqrt,,,,,
16,bairro_rank,std_median_ohe,GradientBoosting_opt,yeojohnson,,,,,
16,bairro_rank,robust_median_ohe,CatBoost_opt,none,,,,,
16,bairro_rank,robust_median_ohe,SVR_opt,boxcox,,,,,
16,bairro_rank,minmax_mean_ohe,KNN_opt,none,,,,,
16,bairro_rank,minmax_mean_ohe,KNN_opt,log,,,,,
16,bairro_rank,minmax_mean_ohe,Linear,sqrt,,,,,
16,bairro_rank,minmax_mean_ohe,CatBoost_opt,boxcox,,,,,
16,bairro_rank,minmax_mean_ohe,LightGBM_opt,yeojohnson,,,,,
16,bairro_rank,quantile_median_ord,RandomForest_opt,yeojohnson,,,,,
16,bairro_rank,power_median_ohe,LightGBM_opt,yeojohnson,,,,,
16,bairro_rank,raw_zero_ord,Ridge_opt,boxcox,,,,,
16,bairro_rank,power_median_ohe,CatBoost_opt,sqrt,,,,,
16,bairro_rank,raw_zero_ord,RandomForest_opt,log,,,,,
16,bairro_rank,raw_zero_ord,CatBoost_opt,yeojohnson,,,,,
16,bairro_rank,quantile_median_ord,GradientBoosting_opt,sqrt,,,,,
16,bairro_rank,power_median_ohe,LightGBM_opt,none,,,,,
16,bairro_rank,minmax_mean_ohe,CatBoost_opt,yeojohnson,,,,,
16,bairro_rank,std_median_ohe,KNN_opt,yeojohnson,,,,,
16,bairro_rank,std_median_ohe,GradientBoosting_opt,log,,,,,
16,bairro_rank,std_median_ohe,SVR_opt,sqrt,,,,,
16,bairro_rank,robust_median_ohe,SVR_opt,none,,,,,
16,bairro_rank,robust_median_ohe,Ridge_opt,sqrt,,,,,
16,bairro_rank,robust_median_ohe,CatBoost_opt,boxcox,,,,,
16,bairro_rank,minmax_mean_ohe,SVR_opt,none,,,,,
16,bairro_rank,minmax_mean_ohe,SVR_opt,log,,,,,
16,bairro_rank,minmax_mean_ohe,MLP_opt,sqrt,,,,,
16,bairro_rank,minmax_mean_ohe,HistGB_opt,yeojohnson,,,,,
16,bairro_rank,quantile_median_ord,Linear,boxcox,,,,,
16,bairro_rank,quantile_median_ord,RandomForest_opt,log,,,,,
16,bairro_rank,power_median_ohe,GradientBoosting_opt,sqrt,,,,,
16,bairro_rank,raw_zero_ord,GradientBoosting_opt,yeojohnson,,,,,
16,bairro_rank,quantile_median_ord,MLP_opt,log,,,,,
16,bairro_rank,power_median_ohe,KNN_opt,none,,,,,
16,bairro_rank,power_median_ohe,Ridge_opt,yeojohnson,,,,,
16,bairro_rank,robust_median_ohe,GradientBoosting_opt,none,,,,,
16,bairro_rank,std_median_ohe,RandomForest_opt,boxcox,,,,,
16,bairro_rank,robust_median_ohe,RandomForest_opt,sqrt,,,,,
16,bairro_rank,robust_median_ohe,LightGBM_opt,boxcox,,,,,
16,bairro_rank,minmax_mean_ohe,CatBoost_opt,none,,,,,
16,bairro_rank,minmax_mean_ohe,CatBoost_opt,log,,,,,
16,bairro_rank,minmax_mean_ohe,Ridge_opt,boxcox,,,,,
16,bairro_rank,power_median_ohe,Linear,sqrt,,,,,
16,bairro_rank,quantile_median_ord,SVR_opt,log,,,,,
16,bairro_rank,power_median_ohe,MLP_opt,sqrt,,,,,
16,bairro_rank,quantile_median_ord,CatBoost_opt,boxcox,,,,,
16,bairro_rank,quantile_median_ord,Linear,log,,,,,
16,bairro_rank,raw_zero_ord,LightGBM_opt,none,,,,,
16,bairro_rank,quantile_median_ord,LightGBM_opt,log,,,,,
16,bairro_rank,power_median_ohe,Ridge_opt,none,,,,,
16,bairro_rank,power_median_ohe,HistGB_opt,boxcox,,,,,
16,bairro_rank,raw_zero_ord,RandomForest_opt,sqrt,,,,,
16,bairro_rank,std_median_ohe,RandomForest_opt,yeojohnson,,,,,
16,bairro_rank,std_median_ohe,Ridge_opt,log,,,,,
16,bairro_rank,std_median_ohe,RandomForest_opt,sqrt,,,,,
16,bairro_rank,robust_median_ohe,GradientBoosting_opt,sqrt,,,,,
16,bairro_rank,robust_median_ohe,HistGB_opt,boxcox,,,,,
16,bairro_rank,minmax_mean_ohe,LightGBM_opt,none,,,,,
16,bairro_rank,minmax_mean_ohe,LightGBM_opt,log,,,,,
16,bairro_rank,minmax_mean_ohe,RandomForest_opt,boxcox,,,,,
16,bairro_rank,std_median_ohe,MLP_opt,yeojohnson,,,,,
16,bairro_rank,quantile_median_ord,CatBoost_opt,none,,,,,
16,bairro_rank,quantile_median_ord,GradientBoosting_opt,boxcox,,,,,
16,bairro_rank,power_median_ohe,LightGBM_opt,log,,,,,
16,bairro_rank,raw_zero_ord,KNN_opt,none,,,,,
16,bairro_rank,raw_zero_ord,CatBoost_opt,sqrt,,,,,
16,bairro_rank,raw_zero_ord,HistGB_opt,boxcox,,,,,
16,bairro_rank,quantile_median_ord,HistGB_opt,yeojohnson,,,,,
16,bairro_rank,power_median_ohe,SVR_opt,boxcox,,,,,
16,bairro_rank,raw_zero_ord,Linear,log,,,,,
16,bairro_rank,std_median_ohe,Ridge_opt,yeojohnson,,,,,
16,bairro_rank,robust_median_ohe,Linear,boxcox,,,,,
16,bairro_rank,minmax_mean_ohe,GradientBoosting_opt,boxcox,,,,,
16,bairro_rank,quantile_median_ord,Ridge_opt,none,,,,,
16,bairro_rank,quantile_median_ord,GradientBoosting_opt,none,,,,,
16,bairro_rank,quantile_median_ord,RandomForest_opt,boxcox,,,,,
16,bairro_rank,power_median_ohe,GradientBoosting_opt,log,,,,,
16,bairro_rank,power_median_ohe,KNN_opt,log,,,,,
16,bairro_rank,power_median_ohe,KNN_opt,yeojohnson,,,,,
16,bairro_rank,raw_zero_ord,Ridge_opt,none,,,,,
16,bairro_rank,raw_zero_ord,SVR_opt,boxcox,,,,,
16,bairro_rank,quantile_median_ord,CatBoost_opt,yeojohnson,,,,,
16,bairro_rank,power_median_ohe,RandomForest_opt,boxcox,,,,,
16,bairro_rank,raw_zero_ord,CatBoost_opt,log,,,,,
16,bairro_rank,robust_median_ohe,MLP_opt,yeojohnson,,,,,
16,bairro_rank,quantile_median_ord,LightGBM_opt,sqrt,,,,,
16,bairro_rank,quantile_median_ord,MLP_opt,sqrt,,,,,
16,bairro_rank,power_median_ohe,MLP_opt,none,,,,,
16,bairro_rank,quantile_median_ord,MLP_opt,yeojohnson,,,,,
16,bairro_rank,power_median_ohe,MLP_opt,log,,,,,
16,bairro_rank,minmax_mean_ohe,MLP_opt,yeojohnson,,,,,
16,bairro_rank,raw_zero_ord,MLP_opt,yeojohnson,,,,,
16,bairro_rank,power_median_ohe,MLP_opt,yeojohnson,,,,,
16,bairro_rank,power_median_ohe,Linear,log,,,,,
16,bairro_rank,power_median_ohe,Linear,none,,,,,
16,bairro_rank,robust_median_ohe,Linear,yeojohnson,,,,,
16,bairro_rank,std_median_ohe,Linear,yeojohnson,,,,,
16,bairro_rank,raw_zero_ord,Linear,yeojohnson,,,,,
16,bairro_rank,minmax_mean_ohe,Linear,yeojohnson,,,,,
16,bairro_rank,quantile_median_ord,Linear,yeojohnson,,,,,
16,bairro_rank,power_median_ohe,Linear,yeojohnson,,,,,
17,quartos_por_metro,std_median_ohe,SVR_opt,log,,,,,
17,quartos_por_metro,std_median_ohe,RandomForest_opt,sqrt,,,,,
17,quartos_por_metro,std_median_ohe,KNN_opt,sqrt,,,,,
17,quartos_por_metro,robust_median_ohe,GradientBoosting_opt,none,,,,,
17,quartos_por_metro,robust_median_ohe,LightGBM_opt,log,,,,,
17,quartos_por_metro,robust_median_ohe,GradientBoosting_opt,boxcox,,,,,
17,quartos_por_metro,robust_median_ohe,KNN_opt,yeojohnson,,,,,
17,quartos_por_metro,minmax_mean_ohe,CatBoost_opt,boxcox,,,,,
17,quartos_por_metro,quantile_median_ord,Ridge_opt,none,,,,,
17,quartos_por_metro,quantile_median_ord,HistGB_opt,log,,,,,
17,quartos_por_metro,power_median_ohe,KNN_opt,yeojohnson,,,,,
17,quartos_por_metro,quantile_median_ord,HistGB_opt,yeojohnson,,,,,
17,quartos_por_metro,raw_zero_ord,RandomForest_opt,log,,,,,
17,quartos_por_metro,robust_median_ohe,HistGB_opt,log,,,,,
17,quartos_por_metro,std_median_ohe,GradientBoosting_opt,none,,,,,
17,quartos_por_metro,robust_median_ohe,CatBoost_opt,none,,,,,
17,quartos_por_metro,robust_median_ohe,SVR_opt,yeojohnson,,,,,
17,quartos_por_metro,minmax_mean_ohe,Ridge_opt,log,,,,,
17,quartos_por_metro,minmax_mean_ohe,LightGBM_opt,boxcox,,,,,
17,quartos_por_metro,minmax_mean_ohe,RandomForest_opt,yeojohnson,,,,,
17,quartos_por_metro,quantile_median_ord,RandomForest_opt,none,,,,,
17,quartos_por_metro,power_median_ohe,KNN_opt,log,,,,,
17,quartos_por_metro,power_median_ohe,Ridge_opt,yeojohnson,,,,,
17,quartos_por_metro,raw_zero_ord,LightGBM_opt,yeojohnson,,,,,
17,quartos_por_metro,raw_zero_ord,HistGB_opt,sqrt,,,,,
17,quartos_por_metro,quantile_median_ord,SVR_opt,yeojohnson,,,,,
17,quartos_por_metro,power_median_ohe,HistGB_opt,sqrt,,,,,
17,quartos_por_metro,raw_zero_ord,GradientBoosting_opt,yeojohnson,,,,,
17,quartos_por_metro,robust_median_ohe,RandomForest_opt,none,,,,,
17,quartos_por_metro,std_median_ohe,GradientBoosting_opt,log,,,,,
17,quartos_por_metro,std_median_ohe,GradientBoosting_opt,sqrt,,,,,
17,quartos_por_metro,robust_median_ohe,CatBoost_opt,yeojohnson,,,,,
17,quartos_por_metro,minmax_mean_ohe,RandomForest_opt,log,,,,,
17,quartos_por_metro,minmax_mean_ohe,HistGB_opt,boxcox,,,,,
17,quartos_por_metro,quantile_median_ord,GradientBoosting_opt,none,,,,,
17,quartos_por_metro,quantile_median_ord,RandomForest_opt,boxcox,,,,,
17,quartos_por_metro,quantile_median_ord,LightGBM_opt,yeojohnson,,,,,
17,quartos_por_metro,power_median_ohe,Ridge_opt,log,,,,,
17,quartos_por_metro,power_median_ohe,HistGB_opt,boxcox,,,,,
17,quartos_por_metro,raw_zero_ord,SVR_opt,sqrt,,,,,
17,quartos_por_metro,quantile_median_ord,RandomForest_opt,yeojohnson,,,,,
17,quartos_por_metro,power_median_ohe,HistGB_opt,log,,,,,
17,quartos_por_metro,quantile_median_ord,HistGB_opt,sqrt,,,,,
17,quartos_por_metro,power_median_ohe,SVR_opt,sqrt,,,,,
17,quartos_por_metro,quantile_median_ord,LightGBM_opt,none,,,,,
17,quartos_por_metro,raw_zero_ord,CatBoost_opt,none,,,,,
17,quartos_por_metro,power_median_ohe,HistGB_opt,none,,,,,
17,quartos_por_metro,robust_median_ohe,Ridge_opt,none,,,,,
17,quartos_por_metro,std_median_ohe,KNN_opt,boxcox,,,,,
17,quartos_por_metro,std_median_ohe,Linear,boxcox,,,,,
17,quartos_por_metro,std_median_ohe,LightGBM_opt,boxcox,,,,,
17,quartos_por_metro,robust_median_ohe,KNN_opt,boxcox,,,,,
17,quartos_por_metro,robust_median_ohe,LightGBM_opt,yeojohnson,,,,,
17,quartos_por_metro,minmax_mean_ohe,GradientBoosting_opt,log,,,,,
17,quartos_por_metro,power_median_ohe,SVR_opt,boxcox,,,,,
17,quartos_por_metro,quantile_median_ord,SVR_opt,sqrt,,,,,
17,quartos_por_metro,raw_zero_ord,SVR_opt,log,,,,,
17,quartos_por_metro,raw_zero_ord,RandomForest_opt,sqrt,,,,,
17,quartos_por_metro,power_median_ohe,RandomForest_opt,sqrt,,,,,
17,quartos_por_metro,quantile_median_ord,KNN_opt,none,,,,,
17,quartos_por_metro,raw_zero_ord,GradientBoosting_opt,none,,,,,
17,quartos_por_metro,raw_zero_ord,LightGBM_opt,boxcox,,,,,
17,quartos_por_metro,power_median_ohe,SVR_opt,none,,,,,
17,quartos_por_metro,power_median_ohe,RandomForest_opt,boxcox,,,,,
17,quartos_por_metro,raw_zero_ord,MLP_opt,boxcox,,,,,
17,quartos_por_metro,std_median_ohe,RandomForest_opt,none,,,,,
17,quartos_por_metro,std_median_ohe,Ridge_opt,log,,,,,
17,quartos_por_metro,std_median_ohe,Ridge_opt,yeojohnson,,,,,
17,quartos_por_metro,robust_median_ohe,LightGBM_opt,none,,,,,
17,quartos_por_metro,robust_median_ohe,Ridge_opt,sqrt,,,,,
17,quartos_por_metro,robust_median_ohe,HistGB_opt,yeojohnson,,,,,
17,quartos_por_metro,minmax_mean_ohe,KNN_opt,log,,,,,
17,quartos_por_metro,minmax_mean_ohe,CatBoost_opt,sqrt,,,,,
17,quartos_por_metro,minmax_mean_ohe,Linear,boxcox,,,,,
17,quartos_por_metro,quantile_median_ord,RandomForest_opt,sqrt,,,,,
17,quartos_por_metro,quantile_median_ord,CatBoost_opt,boxcox,,,,,
17,quartos_por_metro,power_median_ohe,HistGB_opt,yeojohnson,,,,,
17,quartos_por_metro,raw_zero_ord,KNN_opt,boxcox,,,,,
17,quartos_por_metro,power_median_ohe,RandomForest_opt,none,,,,,
17,quartos_por_metro,quantile_median_ord,Linear,boxcox,,,,,
17,quartos_por_metro,minmax_mean_ohe,MLP_opt,none,,,,,
17,quartos_por_metro,robust_median_ohe,RandomForest_opt,sqrt,,,,,
17,quartos_por_metro,std_median_ohe,HistGB_opt,boxcox,,,,,
17,quartos_por_metro,std_median_ohe,HistGB_opt,yeojohnson,,,,,
17,quartos_por_metro,minmax_mean_ohe,MLP_opt,boxcox,,,,,
17,quartos_por_metro,minmax_mean_ohe,SVR_opt,log,,,,,
17,quartos_por_metro,minmax_mean_ohe,SVR_opt,sqrt,,,,,
17,quartos_por_metro,minmax_mean_ohe,Ridge_opt,yeojohnson,,,,,
17,quartos_por_metro,quantile_median_ord,CatBoost_opt,none,,,,,
17,quartos_por_metro,std_median_ohe,Linear,log,,,,,
17,quartos_por_metro,quantile_median_ord,GradientBoosting_opt,boxcox,,,,,
17,quartos_por_metro,power_median_ohe,SVR_opt,yeojohnson,,,,,
17,quartos_por_metro,robust_median_ohe,MLP_opt,log,,,,,
17,quartos_por_metro,raw_zero_ord,LightGBM_opt,log,,,,,
17,quartos_por_metro,raw_zero_ord,Ridge_opt,boxcox,,,,,
17,quartos_por_metro,robust_median_ohe,MLP_opt,none,,,,,
17,quartos_por_metro,minmax_mean_ohe,KNN_opt,sqrt,,,,,
17,quartos_por_metro,quantile_median_ord,KNN_opt,log,,,,,
17,quartos_por_metro,raw_zero_ord,GradientBoosting_opt,log,,,,,
17,quartos_por_metro,std_median_ohe,GradientBoosting_opt,yeojohnson,,,,,
17,quartos_por_metro,robust_median_ohe,GradientBoosting_opt,sqrt,,,,,
17,quartos_por_metro,std_median_ohe,Ridge_opt,none,,,,,
17,quartos_por_metro,std_median_ohe,MLP_opt,none,,,,,
17,quartos_por_metro,std_median_ohe,HistGB_opt,sqrt,,,,,
17,quartos_por_metro,std_median_ohe,CatBoost_opt,boxcox,,,,,
17,quartos_por_metro,robust_median_ohe,KNN_opt,none,,,,,
17,quartos_por_metro,robust_median_ohe,SVR_opt,boxcox,,,,,
17,quartos_por_metro,raw_zero_ord,Linear,none,,,,,
17,quartos_por_metro,minmax_mean_ohe,CatBoost_opt,log,,,,,
17,quartos_por_metro,raw_zero_ord,Linear,log,,,,,
17,quartos_por_metro,power_median_ohe,SVR_opt,log,,,,,
17,quartos_por_metro,power_median_ohe,RandomForest_opt,yeojohnson,,,,,
17,quartos_por_metro,raw_zero_ord,Linear,sqrt,,,,,
17,quartos_por_metro,quantile_median_ord,CatBoost_opt,yeojohnson,,,,,
17,quartos_por_metro,quantile_median_ord,Ridge_opt,log,,,,,
17,quartos_por_metro,raw_zero_ord,MLP_opt,none,,,,,
17,quartos_por_metro,raw_zero_ord,KNN_opt,yeojohnson,,,,,
17,quartos_por_metro,robust_median_ohe,CatBoost_opt,log,,,,,
17,quartos_por_metro,robust_median_ohe,KNN_opt,sqrt,,,,,
17,quartos_por_metro,std_median_ohe,KNN_opt,log,,,,,
17,quartos_por_metro,std_median_ohe,MLP_opt,sqrt,,,,,
17,quartos_por_metro,std_median_ohe,SVR_opt,boxcox,,,,,
17,quartos_por_metro,robust_median_ohe,HistGB_opt,none,,,,,
17,quartos_por_metro,robust_median_ohe,CatBoost_opt,boxcox,,,,,
17,quartos_por_metro,minmax_mean_ohe,Ridge_opt,none,,,,,
17,quartos_por_metro,minmax_mean_ohe,LightGBM_opt,log,,,,,
17,quartos_por_metro,minmax_mean_ohe,GradientBoosting_opt,yeojohnson,,,,,
17,quartos_por_metro,power_median_ohe,RandomForest_opt,log,,,,,
17,quartos_por_metro,robust_median_ohe,Linear,log,,,,,
17,quartos_por_metro,raw_zero_ord,CatBoost_opt,sqrt,,,,,
17,quartos_por_metro,quantile_median_ord,GradientBoosting_opt,yeojohnson,,,,,
17,quartos_por_metro,power_median_ohe,Linear,boxcox,,,,,
17,quartos_por_metro,power_median_ohe,CatBoost_opt,sqrt,,,,,
17,quartos_por_metro,quantile_median_ord,HistGB_opt,none,,,,,
17,quartos_por_metro,raw_zero_ord,LightGBM_opt,none,,,,,
17,quartos_por_metro,raw_zero_ord,Ridge_opt,yeojohnson,,,,,
17,quartos_por_metro,robust_median_ohe,Linear,none,,,,,
17,quartos_por_metro,std_median_ohe,LightGBM_opt,log,,,,,
17,quartos_por_metro,std_median_ohe,HistGB_opt,log,,,,,
17,quartos_por_metro,std_median_ohe,SVR_opt,sqrt,,,,,
17,quartos_por_metro,robust_median_ohe,SVR_opt,log,,,,,
17,quartos_por_metro,robust_median_ohe,SVR_opt,sqrt,,,,,
17,quartos_por_metro,std_median_ohe,KNN_opt,yeojohnson,,,,,
17,quartos_por_metro,robust_median_ohe,LightGBM_opt,boxcox,,,,,
17,quartos_por_metro,minmax_mean_ohe,RandomForest_opt,none,,,,,
17,quartos_por_metro,minmax_mean_ohe,HistGB_opt,log,,,,,
17,quartos_por_metro,minmax_mean_ohe,KNN_opt,yeojohnson,,,,,
17,quartos_por_metro,power_median_ohe,CatBoost_opt,boxcox,,,,,
17,quartos_por_metro,quantile_median_ord,MLP_opt,none,,,,,
17,quartos_por_metro,power_median_ohe,CatBoost_opt,log,,,,,
17,quartos_por_metro,raw_zero_ord,GradientBoosting_opt,sqrt,,,,,
17,quartos_por_metro,quantile_median_ord,MLP_opt,boxcox,,,,,
17,quartos_por_metro,raw_zero_ord,CatBoost_opt,yeojohnson,,,,,
17,quartos_por_metro,power_median_ohe,GradientBoosting_opt,sqrt,,,,,
17,quartos_por_metro,quantile_median_ord,SVR_opt,none,,,,,
17,quartos_por_metro,raw_zero_ord,KNN_opt,none,,,,,
17,quartos_por_metro,raw_zero_ord,HistGB_opt,boxcox,,,,,
17,quartos_por_metro,power_median_ohe,CatBoost_opt,none,,,,,
17,quartos_por_metro,power_median_ohe,GradientBoosting_opt,boxcox,,,,,
17,quartos_por_metro,robust_median_ohe,CatBoost_opt,sqrt,,,,,
17,quartos_por_metro,std_median_ohe,HistGB_opt,none,,,,,
17,quartos_por_metro,std_median_ohe,RandomForest_opt,boxcox,,,,,
17,quartos_por_metro,std_median_ohe,RandomForest_opt,yeojohnson,,,,,
17,quartos_por_metro,robust_median_ohe,RandomForest_opt,log,,,,,
17,quartos_por_metro,robust_median_ohe,HistGB_opt,boxcox,,,,,
17,quartos_por_metro,minmax_mean_ohe,GradientBoosting_opt,none,,,,,
17,quartos_por_metro,minmax_mean_ohe,Linear,sqrt,,,,,
17,quartos_por_metro,minmax_mean_ohe,SVR_opt,yeojohnson,,,,,
17,quartos_por_metro,quantile_median_ord,GradientBoosting_opt,sqrt,,,,,
17,quartos_por_metro,quantile_median_ord,LightGBM_opt,boxcox,,,,,
17,quartos_por_metro,quantile_median_ord,Linear,log,,,,,
17,quartos_por_metro,raw_zero_ord,MLP_opt,log,,,,,
17,quartos_por_metro,quantile_median_ord,MLP_opt,sqrt,,,,,
17,quartos_por_metro,minmax_mean_ohe,Linear,log,,,,,
17,quartos_por_metro,power_median_ohe,Linear,sqrt,,,,,
17,quartos_por_metro,raw_zero_ord,Ridge_opt,none,,,,,
17,quartos_por_metro,raw_zero_ord,SVR_opt,boxcox,,,,,
17,quartos_por_metro,power_median_ohe,GradientBoosting_opt,none,,,,,
17,quartos_por_metro,std_median_ohe,MLP_opt,yeojohnson,,,,,
17,quartos_por_metro,std_median_ohe,CatBoost_opt,yeojohnson,,,,,
17,quartos_por_metro,robust_median_ohe,LightGBM_opt,sqrt,,,,,
17,quartos_por_metro,std_median_ohe,KNN_opt,none,,,,,
17,quartos_por_metro,std_median_ohe,MLP_opt,boxcox,,,,,
17,quartos_por_metro,robust_median_ohe,SVR_opt,none,,,,,
17,quartos_por_metro,robust_median_ohe,Linear,boxcox,,,,,
17,quartos_por_metro,minmax_mean_ohe,KNN_opt,none,,,,,
17,quartos_por_metro,raw_zero_ord,MLP_opt,yeojohnson,,,,,
17,quartos_por_metro,minmax_mean_ohe,MLP_opt,log,,,,,
17,quartos_por_metro,minmax_mean_ohe,CatBoost_opt,yeojohnson,,,,,
17,quartos_por_metro,minmax_mean_ohe,MLP_opt,sqrt,,,,,
17,quartos_por_metro,quantile_median_ord,KNN_opt,boxcox,,,,,
17,quartos_por_metro,power_median_ohe,KNN_opt,boxcox,,,,,
17,quartos_por_metro,power_median_ohe,CatBoost_opt,yeojohnson,,,,,
17,quartos_por_metro,raw_zero_ord,HistGB_opt,yeojohnson,,,,,
17,quartos_por_metro,raw_zero_ord,RandomForest_opt,boxcox,,,,,
17,quartos_por_metro,robust_median_ohe,MLP_opt,yeojohnson,,,,,
17,quartos_por_metro,quantile_median_ord,SVR_opt,log,,,,,
17,quartos_por_metro,std_median_ohe,LightGBM_opt,yeojohnson,,,,,
17,quartos_por_metro,std_median_ohe,RandomForest_opt,log,,,,,
17,quartos_por_metro,std_median_ohe,Ridge_opt,sqrt,,,,,
17,quartos_por_metro,robust_median_ohe,KNN_opt,log,,,,,
17,quartos_por_metro,robust_median_ohe,HistGB_opt,sqrt,,,,,
17,quartos_por_metro,robust_median_ohe,MLP_opt,boxcox,,,,,
17,quartos_por_metro,minmax_mean_ohe,SVR_opt,none,,,,,
17,quartos_por_metro,minmax_mean_ohe,Ridge_opt,sqrt,,,,,
17,quartos_por_metro,minmax_mean_ohe,Ridge_opt,boxcox,,,,,
17,quartos_por_metro,minmax_mean_ohe,LightGBM_opt,yeojohnson,,,,,
17,quartos_por_metro,quantile_median_ord,LightGBM_opt,log,,,,,
17,quartos_por_metro,quantile_median_ord,Ridge_opt,boxcox,,,,,
17,quartos_por_metro,power_median_ohe,GradientBoosting_opt,yeojohnson,,,,,
17,quartos_por_metro,raw_zero_ord,MLP_opt,sqrt,,,,,
17,quartos_por_metro,quantile_median_ord,RandomForest_opt,log,,,,,
17,quartos_por_metro,raw_zero_ord,Ridge_opt,log,,,,,
17,quartos_por_metro,raw_zero_ord,SVR_opt,yeojohnson,,,,,
17,quartos_por_metro,std_median_ohe,LightGBM_opt,none,,,,,
17,quartos_por_metro,std_median_ohe,CatBoost_opt,sqrt,,,,,
17,quartos_por_metro,power_median_ohe,Linear,none,,,,,
17,quartos_por_metro,robust_median_ohe,Ridge_opt,yeojohnson,,,,,
17,quartos_por_metro,minmax_mean_ohe,CatBoost_opt,none,,,,,
17,quartos_por_metro,minmax_mean_ohe,RandomForest_opt,sqrt,,,,,
17,quartos_por_metro,minmax_mean_ohe,RandomForest_opt,boxcox,,,,,
17,quartos_por_metro,minmax_mean_ohe,HistGB_opt,yeojohnson,,,,,
17,quartos_por_metro,quantile_median_ord,GradientBoosting_opt,log,,,,,
17,quartos_por_metro,quantile_median_ord,CatBoost_opt,sqrt,,,,,
17,quartos_por_metro,power_median_ohe,GradientBoosting_opt,log,,,,,
17,quartos_por_metro,robust_median_ohe,Linear,sqrt,,,,,
17,quartos_por_metro,raw_zero_ord,CatBoost_opt,log,,,,,
17,quartos_por_metro,raw_zero_ord,LightGBM_opt,sqrt,,,,,
17,quartos_por_metro,quantile_median_ord,KNN_opt,yeojohnson,,,,,
17,quartos_por_metro,power_median_ohe,LightGBM_opt,sqrt,,,,,
17,quartos_por_metro,power_median_ohe,MLP_opt,boxcox,,,,,
17,quartos_por_metro,raw_zero_ord,HistGB_opt,none,,,,,
17,quartos_por_metro,raw_zero_ord,RandomForest_opt,yeojohnson,,,,,
17,quartos_por_metro,std_median_ohe,SVR_opt,none,,,,,
17,quartos_por_metro,std_median_ohe,LightGBM_opt,sqrt,,,,,
17,quartos_por_metro,std_median_ohe,Ridge_opt,boxcox,,,,,
17,quartos_por_metro,robust_median_ohe,GradientBoosting_opt,log,,,,,
17,quartos_por_metro,power_median_ohe,MLP_opt,log,,,,,
17,quartos_por_metro,robust_median_ohe,RandomForest_opt,yeojohnson,,,,,
17,quartos_por_metro,minmax_mean_ohe,LightGBM_opt,none,,,,,
17,quartos_por_metro,minmax_mean_ohe,GradientBoosting_opt,sqrt,,,,,
17,quartos_por_metro,minmax_mean_ohe,LightGBM_opt,sqrt,,,,,
17,quartos_por_metro,minmax_mean_ohe,GradientBoosting_opt,boxcox,,,,,
17,quartos_por_metro,power_median_ohe,LightGBM_opt,boxcox,,,,,
17,quartos_por_metro,raw_zero_ord,KNN_opt,sqrt,,,,,
17,quartos_por_metro,quantile_median_ord,Ridge_opt,yeojohnson,,,,,
17,quartos_por_metro,power_median_ohe,LightGBM_opt,log,,,,,
17,quartos_por_metro,quantile_median_ord,LightGBM_opt,sqrt,,,,,
17,quartos_por_metro,power_median_ohe,KNN_opt,sqrt,,,,,
17,quartos_por_metro,raw_zero_ord,SVR_opt,none,,,,,
17,quartos_por_metro,minmax_mean_ohe,MLP_opt,yeojohnson,,,,,
17,quartos_por_metro,power_median_ohe,LightGBM_opt,none,,,,,
17,quartos_por_metro,std_median_ohe,SVR_opt,yeojohnson,,,,,
17,quartos_por_metro,raw_zero_ord,Linear,boxcox,,,,,
17,quartos_por_metro,std_median_ohe,CatBoost_opt,log,,,,,
17,quartos_por_metro,std_median_ohe,GradientBoosting_opt,boxcox,,,,,
17,quartos_por_metro,robust_median_ohe,MLP_opt,sqrt,,,,,
17,quartos_por_metro,robust_median_ohe,Ridge_opt,log,,,,,
17,quartos_por_metro,robust_median_ohe,Ridge_opt,boxcox,,,,,
17,quartos_por_metro,robust_median_ohe,GradientBoosting_opt,yeojohnson,,,,,
17,quartos_por_metro,minmax_mean_ohe,HistGB_opt,none,,,,,
17,quartos_por_metro,minmax_mean_ohe,HistGB_opt,sqrt,,,,,
17,quartos_por_metro,minmax_mean_ohe,KNN_opt,boxcox,,,,,
17,quartos_por_metro,quantile_median_ord,HistGB_opt,boxcox,,,,,
17,quartos_por_metro,quantile_median_ord,KNN_opt,sqrt,,,,,
17,quartos_por_metro,raw_zero_ord,Ridge_opt,sqrt,,,,,
17,quartos_por_metro,power_median_ohe,Ridge_opt,sqrt,,,,,
17,quartos_por_metro,raw_zero_ord,RandomForest_opt,none,,,,,
17,quartos_por_metro,raw_zero_ord,CatBoost_opt,boxcox,,,,,
17,quartos_por_metro,power_median_ohe,KNN_opt,none,,,,,
17,quartos_por_metro,power_median_ohe,Ridge_opt,boxcox,,,,,
17,quartos_por_metro,std_median_ohe,CatBoost_opt,none,,,,,
17,quartos_por_metro,quantile_median_ord,MLP_opt,log,,,,,
17,quartos_por_metro,robust_median_ohe,RandomForest_opt,boxcox,,,,,
17,quartos_por_metro,std_median_ohe,Linear,sqrt,,,,,
17,quartos_por_metro,minmax_mean_ohe,SVR_opt,boxcox,,,,,
17,quartos_por_metro,quantile_median_ord,CatBoost_opt,log,,,,,
17,quartos_por_metro,std_median_ohe,MLP_opt,log,,,,,
17,quartos_por_metro,quantile_median_ord,Ridge_opt,sqrt,,,,,
17,quartos_por_metro,quantile_median_ord,SVR_opt,boxcox,,,,,
17,quartos_por_metro,raw_zero_ord,KNN_opt,log,,,,,
17,quartos_por_metro,raw_zero_ord,HistGB_opt,log,,,,,
17,quartos_por_metro,power_median_ohe,LightGBM_opt,yeojohnson,,,,,
17,quartos_por_metro,raw_zero_ord,GradientBoosting_opt,boxcox,,,,,
17,quartos_por_metro,power_median_ohe,Ridge_opt,none,,,,,
17,quartos_por_metro,power_median_ohe,MLP_opt,none,,,,,
17,quartos_por_metro,minmax_mean_ohe,Linear,none,,,,,
17,quartos_por_metro,std_median_ohe,Linear,none,,,,,
17,quartos_por_metro,quantile_median_ord,Linear,sqrt,,,,,
17,quartos_por_metro,power_median_ohe,MLP_opt,sqrt,,,,,
17,quartos_por_metro,quantile_median_ord,Linear,none,,,,,
17,quartos_por_metro,power_median_ohe,MLP_opt,yeojohnson,,,,,
17,quartos_por_metro,quantile_median_ord,MLP_opt,yeojohnson,,,,,
17,quartos_por_metro,power_median_ohe,Linear,log,,,,,
17,quartos_por_metro,raw_zero_ord,Linear,yeojohnson,,,,,
17,quartos_por_metro,minmax_mean_ohe,Linear,yeojohnson,,,,,
17,quartos_por_metro,std_median_ohe,Linear,yeojohnson,,,,,
17,quartos_por_metro,robust_median_ohe,Linear,yeojohnson,,,,,
17,quartos_por_metro,quantile_median_ord,Linear,yeojohnson,,,,,
17,quartos_por_metro,power_median_ohe,Linear,yeojohnson,,,,,
18,vagas_por_metro,power_median_ohe,SVR_opt,none,,,,,
18,vagas_por_metro,std_median_ohe,KNN_opt,log,,,,,
18,vagas_por_metro,robust_median_ohe,HistGB_opt,none,,,,,
18,vagas_por_metro,std_median_ohe,CatBoost_opt,yeojohnson,,,,,
18,vagas_por_metro,robust_median_ohe,GradientBoosting_opt,log,,,,,
18,vagas_por_metro,robust_median_ohe,CatBoost_opt,boxcox,,,,,
18,vagas_por_metro,robust_median_ohe,HistGB_opt,boxcox,,,,,
18,vagas_por_metro,minmax_mean_ohe,RandomForest_opt,none,,,,,
18,vagas_por_metro,minmax_mean_ohe,KNN_opt,log,,,,,
18,vagas_por_metro,quantile_median_ord,KNN_opt,log,,,,,
18,vagas_por_metro,quantile_median_ord,RandomForest_opt,yeojohnson,,,,,
18,vagas_por_metro,raw_zero_ord,HistGB_opt,log,,,,,
18,vagas_por_metro,power_median_ohe,Ridge_opt,sqrt,,,,,
18,vagas_por_metro,raw_zero_ord,Ridge_opt,yeojohnson,,,,,
18,vagas_por_metro,quantile_median_ord,GradientBoosting_opt,sqrt,,,,,
18,vagas_por_metro,power_median_ohe,HistGB_opt,sqrt,,,,,
18,vagas_por_metro,power_median_ohe,RandomForest_opt,none,,,,,
18,vagas_por_metro,robust_median_ohe,CatBoost_opt,sqrt,,,,,
18,vagas_por_metro,std_median_ohe,LightGBM_opt,log,,,,,
18,vagas_por_metro,std_median_ohe,RandomForest_opt,yeojohnson,,,,,
18,vagas_por_metro,std_median_ohe,KNN_opt,yeojohnson,,,,,
18,vagas_por_metro,robust_median_ohe,GradientBoosting_opt,sqrt,,,,,
18,vagas_por_metro,robust_median_ohe,SVR_opt,boxcox,,,,,
18,vagas_por_metro,robust_median_ohe,SVR_opt,yeojohnson,,,,,
18,vagas_por_metro,minmax_mean_ohe,CatBoost_opt,none,,,,,
18,vagas_por_metro,minmax_mean_ohe,SVR_opt,log,,,,,
18,vagas_por_metro,minmax_mean_ohe,CatBoost_opt,yeojohnson,,,,,
18,vagas_por_metro,raw_zero_ord,SVR_opt,log,,,,,
18,vagas_por_metro,power_median_ohe,HistGB_opt,log,,,,,
18,vagas_por_metro,power_median_ohe,SVR_opt,sqrt,,,,,
18,vagas_por_metro,power_median_ohe,CatBoost_opt,yeojohnson,,,,,
18,vagas_por_metro,quantile_median_ord,CatBoost_opt,boxcox,,,,,
18,vagas_por_metro,raw_zero_ord,CatBoost_opt,boxcox,,,,,
18,vagas_por_metro,robust_median_ohe,HistGB_opt,log,,,,,
18,vagas_por_metro,std_median_ohe,RandomForest_opt,none,,,,,
18,vagas_por_metro,std_median_ohe,GradientBoosting_opt,boxcox,,,,,
18,vagas_por_metro,robust_median_ohe,LightGBM_opt,log,,,,,
18,vagas_por_metro,std_median_ohe,LightGBM_opt,yeojohnson,,,,,
18,vagas_por_metro,robust_median_ohe,KNN_opt,yeojohnson,,,,,
18,vagas_por_metro,minmax_mean_ohe,GradientBoosting_opt,none,,,,,
18,vagas_por_metro,minmax_mean_ohe,CatBoost_opt,log,,,,,
18,vagas_por_metro,minmax_mean_ohe,Ridge_opt,boxcox,,,,,
18,vagas_por_metro,minmax_mean_ohe,LightGBM_opt,yeojohnson,,,,,
18,vagas_por_metro,power_median_ohe,SVR_opt,log,,,,,
18,vagas_por_metro,raw_zero_ord,RandomForest_opt,log,,,,,
18,vagas_por_metro,power_median_ohe,RandomForest_opt,sqrt,,,,,
18,vagas_por_metro,power_median_ohe,GradientBoosting_opt,yeojohnson,,,,,
18,vagas_por_metro,raw_zero_ord,RandomForest_opt,none,,,,,
18,vagas_por_metro,quantile_median_ord,GradientBoosting_opt,boxcox,,,,,
18,vagas_por_metro,raw_zero_ord,GradientBoosting_opt,boxcox,,,,,
18,vagas_por_metro,std_median_ohe,LightGBM_opt,none,,,,,
18,vagas_por_metro,std_median_ohe,Ridge_opt,log,,,,,
18,vagas_por_metro,robust_median_ohe,GradientBoosting_opt,none,,,,,
18,vagas_por_metro,robust_median_ohe,GradientBoosting_opt,yeojohnson,,,,,
18,vagas_por_metro,minmax_mean_ohe,SVR_opt,none,,,,,
18,vagas_por_metro,minmax_mean_ohe,LightGBM_opt,log,,,,,
18,vagas_por_metro,minmax_mean_ohe,RandomForest_opt,boxcox,,,,,
18,vagas_por_metro,quantile_median_ord,Ridge_opt,none,,,,,
18,vagas_por_metro,power_median_ohe,RandomForest_opt,log,,,,,
18,vagas_por_metro,power_median_ohe,LightGBM_opt,boxcox,,,,,
18,vagas_por_metro,quantile_median_ord,Ridge_opt,sqrt,,,,,
18,vagas_por_metro,raw_zero_ord,CatBoost_opt,none,,,,,
18,vagas_por_metro,std_median_ohe,RandomForest_opt,log,,,,,
18,vagas_por_metro,std_median_ohe,HistGB_opt,log,,,,,
18,vagas_por_metro,std_median_ohe,CatBoost_opt,log,,,,,
18,vagas_por_metro,std_median_ohe,Ridge_opt,yeojohnson,,,,,
18,vagas_por_metro,robust_median_ohe,SVR_opt,none,,,,,
18,vagas_por_metro,power_median_ohe,MLP_opt,boxcox,,,,,
18,vagas_por_metro,minmax_mean_ohe,Linear,sqrt,,,,,
18,vagas_por_metro,robust_median_ohe,Ridge_opt,boxcox,,,,,
18,vagas_por_metro,robust_median_ohe,RandomForest_opt,boxcox,,,,,
18,vagas_por_metro,robust_median_ohe,RandomForest_opt,yeojohnson,,,,,
18,vagas_por_metro,minmax_mean_ohe,HistGB_opt,log,,,,,
18,vagas_por_metro,quantile_median_ord,CatBoost_opt,yeojohnson,,,,,
18,vagas_por_metro,quantile_median_ord,HistGB_opt,log,,,,,
18,vagas_por_metro,power_median_ohe,KNN_opt,boxcox,,,,,
18,vagas_por_metro,raw_zero_ord,RandomForest_opt,sqrt,,,,,
18,vagas_por_metro,raw_zero_ord,CatBoost_opt,yeojohnson,,,,,
18,vagas_por_metro,raw_zero_ord,LightGBM_opt,sqrt,,,,,
18,vagas_por_metro,quantile_median_ord,LightGBM_opt,sqrt,,,,,
18,vagas_por_metro,raw_zero_ord,GradientBoosting_opt,none,,,,,
18,vagas_por_metro,robust_median_ohe,Ridge_opt,sqrt,,,,,
18,vagas_por_metro,std_median_ohe,Linear,boxcox,,,,,
18,vagas_por_metro,std_median_ohe,GradientBoosting_opt,none,,,,,
18,vagas_por_metro,std_median_ohe,GradientBoosting_opt,log,,,,,
18,vagas_por_metro,robust_median_ohe,KNN_opt,sqrt,,,,,
18,vagas_por_metro,robust_median_ohe,CatBoost_opt,none,,,,,
18,vagas_por_metro,robust_median_ohe,Ridge_opt,yeojohnson,,,,,
18,vagas_por_metro,minmax_mean_ohe,KNN_opt,boxcox,,,,,
18,vagas_por_metro,quantile_median_ord,GradientBoosting_opt,none,,,,,
18,vagas_por_metro,quantile_median_ord,GradientBoosting_opt,log,,,,,
18,vagas_por_metro,quantile_median_ord,SVR_opt,log,,,,,
18,vagas_por_metro,quantile_median_ord,GradientBoosting_opt,yeojohnson,,,,,
18,vagas_por_metro,raw_zero_ord,GradientBoosting_opt,yeojohnson,,,,,
18,vagas_por_metro,power_median_ohe,LightGBM_opt,none,,,,,
18,vagas_por_metro,minmax_mean_ohe,HistGB_opt,yeojohnson,,,,,
18,vagas_por_metro,quantile_median_ord,KNN_opt,sqrt,,,,,
18,vagas_por_metro,raw_zero_ord,KNN_opt,sqrt,,,,,
18,vagas_por_metro,minmax_mean_ohe,MLP_opt,sqrt,,,,,
18,vagas_por_metro,power_median_ohe,GradientBoosting_opt,none,,,,,
18,vagas_por_metro,std_median_ohe,SVR_opt,log,,,,,
18,vagas_por_metro,std_median_ohe,CatBoost_opt,sqrt,,,,,
18,vagas_por_metro,std_median_ohe,HistGB_opt,sqrt,,,,,
18,vagas_por_metro,raw_zero_ord,MLP_opt,sqrt,,,,,
18,vagas_por_metro,std_median_ohe,MLP_opt,boxcox,,,,,
18,vagas_por_metro,robust_median_ohe,Linear,sqrt,,,,,
18,vagas_por_metro,raw_zero_ord,Linear,log,,,,,
18,vagas_por_metro,minmax_mean_ohe,LightGBM_opt,none,,,,,
18,vagas_por_metro,minmax_mean_ohe,SVR_opt,boxcox,,,,,
18,vagas_por_metro,quantile_median_ord,KNN_opt,none,,,,,
18,vagas_por_metro,raw_zero_ord,CatBoost_opt,log,,,,,
18,vagas_por_metro,quantile_median_ord,MLP_opt,boxcox,,,,,
18,vagas_por_metro,power_median_ohe,CatBoost_opt,sqrt,,,,,
18,vagas_por_metro,power_median_ohe,LightGBM_opt,yeojohnson,,,,,
18,vagas_por_metro,robust_median_ohe,MLP_opt,log,,,,,
18,vagas_por_metro,quantile_median_ord,Ridge_opt,log,,,,,
18,vagas_por_metro,quantile_median_ord,LightGBM_opt,boxcox,,,,,
18,vagas_por_metro,robust_median_ohe,Ridge_opt,log,,,,,
18,vagas_por_metro,robust_median_ohe,MLP_opt,sqrt,,,,,
18,vagas_por_metro,minmax_mean_ohe,MLP_opt,log,,,,,
18,vagas_por_metro,std_median_ohe,Linear,sqrt,,,,,
18,vagas_por_metro,std_median_ohe,SVR_opt,boxcox,,,,,
18,vagas_por_metro,std_median_ohe,CatBoost_opt,boxcox,,,,,
18,vagas_por_metro,std_median_ohe,MLP_opt,none,,,,,
18,vagas_por_metro,robust_median_ohe,Linear,boxcox,,,,,
18,vagas_por_metro,minmax_mean_ohe,Ridge_opt,sqrt,,,,,
18,vagas_por_metro,minmax_mean_ohe,CatBoost_opt,boxcox,,,,,
18,vagas_por_metro,power_median_ohe,CatBoost_opt,log,,,,,
18,vagas_por_metro,raw_zero_ord,GradientBoosting_opt,log,,,,,
18,vagas_por_metro,raw_zero_ord,CatBoost_opt,sqrt,,,,,
18,vagas_por_metro,raw_zero_ord,MLP_opt,boxcox,,,,,
18,vagas_por_metro,power_median_ohe,Ridge_opt,yeojohnson,,,,,
18,vagas_por_metro,power_median_ohe,GradientBoosting_opt,sqrt,,,,,
18,vagas_por_metro,power_median_ohe,KNN_opt,yeojohnson,,,,,
18,vagas_por_metro,quantile_median_ord,Linear,boxcox,,,,,
18,vagas_por_metro,quantile_median_ord,HistGB_opt,none,,,,,
18,vagas_por_metro,quantile_median_ord,KNN_opt,boxcox,,,,,
18,vagas_por_metro,raw_zero_ord,KNN_opt,boxcox,,,,,
18,vagas_por_metro,std_median_ohe,KNN_opt,sqrt,,,,,
18,vagas_por_metro,minmax_mean_ohe,Linear,log,,,,,
18,vagas_por_metro,robust_median_ohe,Ridge_opt,none,,,,,
18,vagas_por_metro,robust_median_ohe,LightGBM_opt,sqrt,,,,,
18,vagas_por_metro,minmax_mean_ohe,Ridge_opt,none,,,,,
18,vagas_por_metro,minmax_mean_ohe,RandomForest_opt,log,,,,,
18,vagas_por_metro,minmax_mean_ohe,RandomForest_opt,sqrt,,,,,
18,vagas_por_metro,minmax_mean_ohe,LightGBM_opt,boxcox,,,,,
18,vagas_por_metro,quantile_median_ord,CatBoost_opt,none,,,,,
18,vagas_por_metro,quantile_median_ord,CatBoost_opt,log,,,,,
18,vagas_por_metro,power_median_ohe,GradientBoosting_opt,log,,,,,
18,vagas_por_metro,power_median_ohe,HistGB_opt,boxcox,,,,,
18,vagas_por_metro,std_median_ohe,Linear,log,,,,,
18,vagas_por_metro,quantile_median_ord,SVR_opt,none,,,,,
18,vagas_por_metro,quantile_median_ord,Ridge_opt,boxcox,,,,,
18,vagas_por_metro,raw_zero_ord,Ridge_opt,boxcox,,,,,
18,vagas_por_metro,raw_zero_ord,MLP_opt,none,,,,,
18,vagas_por_metro,raw_zero_ord,LightGBM_opt,none,,,,,
18,vagas_por_metro,robust_median_ohe,KNN_opt,log,,,,,
18,vagas_por_metro,std_median_ohe,SVR_opt,none,,,,,
18,vagas_por_metro,std_median_ohe,GradientBoosting_opt,sqrt,,,,,
18,vagas_por_metro,std_median_ohe,RandomForest_opt,boxcox,,,,,
18,vagas_por_metro,robust_median_ohe,CatBoost_opt,log,,,,,
18,vagas_por_metro,robust_median_ohe,MLP_opt,boxcox,,,,,
18,vagas_por_metro,minmax_mean_ohe,GradientBoosting_opt,log,,,,,
18,vagas_por_metro,minmax_mean_ohe,GradientBoosting_opt,sqrt,,,,,
18,vagas_por_metro,minmax_mean_ohe,HistGB_opt,boxcox,,,,,
18,vagas_por_metro,robust_median_ohe,Linear,log,,,,,
18,vagas_por_metro,quantile_median_ord,LightGBM_opt,none,,,,,
18,vagas_por_metro,quantile_median_ord,LightGBM_opt,yeojohnson,,,,,
18,vagas_por_metro,quantile_median_ord,MLP_opt,none,,,,,
18,vagas_por_metro,power_median_ohe,SVR_opt,boxcox,,,,,
18,vagas_por_metro,raw_zero_ord,LightGBM_opt,yeojohnson,,,,,
18,vagas_por_metro,raw_zero_ord,GradientBoosting_opt,sqrt,,,,,
18,vagas_por_metro,quantile_median_ord,RandomForest_opt,none,,,,,
18,vagas_por_metro,quantile_median_ord,HistGB_opt,sqrt,,,,,
18,vagas_por_metro,raw_zero_ord,HistGB_opt,sqrt,,,,,
18,vagas_por_metro,raw_zero_ord,RandomForest_opt,yeojohnson,,,,,
18,vagas_por_metro,raw_zero_ord,KNN_opt,none,,,,,
18,vagas_por_metro,robust_median_ohe,SVR_opt,log,,,,,
18,vagas_por_metro,quantile_median_ord,MLP_opt,sqrt,,,,,
18,vagas_por_metro,std_median_ohe,Ridge_opt,sqrt,,,,,
18,vagas_por_metro,std_median_ohe,Ridge_opt,boxcox,,,,,
18,vagas_por_metro,robust_median_ohe,LightGBM_opt,none,,,,,
18,vagas_por_metro,robust_median_ohe,RandomForest_opt,none,,,,,
18,vagas_por_metro,minmax_mean_ohe,KNN_opt,none,,,,,
18,vagas_por_metro,minmax_mean_ohe,Linear,none,,,,,
18,vagas_por_metro,minmax_mean_ohe,KNN_opt,sqrt,,,,,
18,vagas_por_metro,std_median_ohe,Linear,none,,,,,
18,vagas_por_metro,quantile_median_ord,KNN_opt,yeojohnson,,,,,
18,vagas_por_metro,power_median_ohe,RandomForest_opt,boxcox,,,,,
18,vagas_por_metro,minmax_mean_ohe,Linear,boxcox,,,,,
18,vagas_por_metro,raw_zero_ord,KNN_opt,yeojohnson,,,,,
18,vagas_por_metro,raw_zero_ord,MLP_opt,log,,,,,
18,vagas_por_metro,quantile_median_ord,SVR_opt,sqrt,,,,,
18,vagas_por_metro,raw_zero_ord,SVR_opt,sqrt,,,,,
18,vagas_por_metro,power_median_ohe,Linear,sqrt,,,,,
18,vagas_por_metro,raw_zero_ord,Ridge_opt,none,,,,,
18,vagas_por_metro,power_median_ohe,KNN_opt,none,,,,,
18,vagas_por_metro,std_median_ohe,HistGB_opt,boxcox,,,,,
18,vagas_por_metro,robust_median_ohe,KNN_opt,none,,,,,
18,vagas_por_metro,std_median_ohe,CatBoost_opt,none,,,,,
18,vagas_por_metro,std_median_ohe,SVR_opt,sqrt,,,,,
18,vagas_por_metro,std_median_ohe,LightGBM_opt,sqrt,,,,,
18,vagas_por_metro,robust_median_ohe,HistGB_opt,sqrt,,,,,
18,vagas_por_metro,robust_median_ohe,HistGB_opt,yeojohnson,,,,,
18,vagas_por_metro,minmax_mean_ohe,Ridge_opt,log,,,,,
18,vagas_por_metro,minmax_mean_ohe,SVR_opt,sqrt,,,,,
18,vagas_por_metro,minmax_mean_ohe,MLP_opt,boxcox,,,,,
18,vagas_por_metro,quantile_median_ord,Ridge_opt,yeojohnson,,,,,
18,vagas_por_metro,raw_zero_ord,LightGBM_opt,log,,,,,
18,vagas_por_metro,raw_zero_ord,Linear,yeojohnson,,,,,
18,vagas_por_metro,power_median_ohe,LightGBM_opt,sqrt,,,,,
18,vagas_por_metro,power_median_ohe,HistGB_opt,yeojohnson,,,,,
18,vagas_por_metro,power_median_ohe,Ridge_opt,none,,,,,
18,vagas_por_metro,raw_zero_ord,LightGBM_opt,boxcox,,,,,
18,vagas_por_metro,raw_zero_ord,HistGB_opt,boxcox,,,,,
18,vagas_por_metro,robust_median_ohe,SVR_opt,sqrt,,,,,
18,vagas_por_metro,std_median_ohe,MLP_opt,yeojohnson,,,,,
18,vagas_por_metro,std_median_ohe,HistGB_opt,none,,,,,
18,vagas_por_metro,std_median_ohe,SVR_opt,yeojohnson,,,,,
18,vagas_por_metro,robust_median_ohe,KNN_opt,boxcox,,,,,
18,vagas_por_metro,quantile_median_ord,Linear,log,,,,,
18,vagas_por_metro,minmax_mean_ohe,MLP_opt,none,,,,,
18,vagas_por_metro,minmax_mean_ohe,CatBoost_opt,sqrt,,,,,
18,vagas_por_metro,minmax_mean_ohe,Ridge_opt,yeojohnson,,,,,
18,vagas_por_metro,minmax_mean_ohe,SVR_opt,yeojohnson,,,,,
18,vagas_por_metro,raw_zero_ord,KNN_opt,log,,,,,
18,vagas_por_metro,power_median_ohe,LightGBM_opt,log,,,,,
18,vagas_por_metro,power_median_ohe,RandomForest_opt,yeojohnson,,,,,
18,vagas_por_metro,power_median_ohe,KNN_opt,sqrt,,,,,
18,vagas_por_metro,power_median_ohe,SVR_opt,yeojohnson,,,,,
18,vagas_por_metro,robust_median_ohe,MLP_opt,yeojohnson,,,,,
18,vagas_por_metro,quantile_median_ord,SVR_opt,boxcox,,,,,
18,vagas_por_metro,raw_zero_ord,SVR_opt,boxcox,,,,,
18,vagas_por_metro,robust_median_ohe,RandomForest_opt,log,,,,,
18,vagas_por_metro,std_median_ohe,KNN_opt,none,,,,,
18,vagas_por_metro,raw_zero_ord,MLP_opt,yeojohnson,,,,,
18,vagas_por_metro,std_median_ohe,MLP_opt,log,,,,,
18,vagas_por_metro,std_median_ohe,LightGBM_opt,boxcox,,,,,
18,vagas_por_metro,std_median_ohe,HistGB_opt,yeojohnson,,,,,
18,vagas_por_metro,robust_median_ohe,LightGBM_opt,boxcox,,,,,
18,vagas_por_metro,minmax_mean_ohe,HistGB_opt,none,,,,,
18,vagas_por_metro,minmax_mean_ohe,LightGBM_opt,sqrt,,,,,
18,vagas_por_metro,std_median_ohe,MLP_opt,sqrt,,,,,
18,vagas_por_metro,minmax_mean_ohe,RandomForest_opt,yeojohnson,,,,,
18,vagas_por_metro,power_median_ohe,KNN_opt,log,,,,,
18,vagas_por_metro,raw_zero_ord,Ridge_opt,log,,,,,
18,vagas_por_metro,raw_zero_ord,RandomForest_opt,boxcox,,,,,
18,vagas_por_metro,quantile_median_ord,RandomForest_opt,boxcox,,,,,
18,vagas_por_metro,robust_median_ohe,RandomForest_opt,sqrt,,,,,
18,vagas_por_metro,std_median_ohe,Ridge_opt,none,,,,,
18,vagas_por_metro,std_median_ohe,RandomForest_opt,sqrt,,,,,
18,vagas_por_metro,std_median_ohe,KNN_opt,boxcox,,,,,
18,vagas_por_metro,robust_median_ohe,GradientBoosting_opt,boxcox,,,,,
18,vagas_por_metro,robust_median_ohe,LightGBM_opt,yeojohnson,,,,,
18,vagas_por_metro,minmax_mean_ohe,HistGB_opt,sqrt,,,,,
18,vagas_por_metro,minmax_mean_ohe,GradientBoosting_opt,yeojohnson,,,,,
18,vagas_por_metro,quantile_median_ord,RandomForest_opt,log,,,,,
18,vagas_por_metro,quantile_median_ord,RandomForest_opt,sqrt,,,,,
18,vagas_por_metro,quantile_median_ord,HistGB_opt,yeojohnson,,,,,
18,vagas_por_metro,power_median_ohe,Ridge_opt,log,,,,,
18,vagas_por_metro,power_median_ohe,CatBoost_opt,boxcox,,,,,
18,vagas_por_metro,power_median_ohe,Linear,boxcox,,,,,
18,vagas_por_metro,raw_zero_ord,Linear,boxcox,,,,,
18,vagas_por_metro,raw_zero_ord,HistGB_opt,yeojohnson,,,,,
18,vagas_por_metro,raw_zero_ord,Linear,sqrt,,,,,
18,vagas_por_metro,power_median_ohe,MLP_opt,none,,,,,
18,vagas_por_metro,raw_zero_ord,SVR_opt,none,,,,,
18,vagas_por_metro,robust_median_ohe,Linear,none,,,,,
18,vagas_por_metro,std_median_ohe,GradientBoosting_opt,yeojohnson,,,,,
18,vagas_por_metro,robust_median_ohe,CatBoost_opt,yeojohnson,,,,,
18,vagas_por_metro,minmax_mean_ohe,KNN_opt,yeojohnson,,,,,
18,vagas_por_metro,quantile_median_ord,HistGB_opt,boxcox,,,,,
18,vagas_por_metro,power_median_ohe,CatBoost_opt,none,,,,,
18,vagas_por_metro,power_median_ohe,HistGB_opt,none,,,,,
18,vagas_por_metro,quantile_median_ord,SVR_opt,yeojohnson,,,,,
18,vagas_por_metro,power_median_ohe,GradientBoosting_opt,boxcox,,,,,
18,vagas_por_metro,raw_zero_ord,HistGB_opt,none,,,,,
18,vagas_por_metro,quantile_median_ord,LightGBM_opt,log,,,,,
18,vagas_por_metro,raw_zero_ord,SVR_opt,yeojohnson,,,,,
18,vagas_por_metro,raw_zero_ord,Ridge_opt,sqrt,,,,,
18,vagas_por_metro,robust_median_ohe,MLP_opt,none,,,,,
18,vagas_por_metro,quantile_median_ord,CatBoost_opt,sqrt,,,,,
18,vagas_por_metro,minmax_mean_ohe,GradientBoosting_opt,boxcox,,,,,
18,vagas_por_metro,quantile_median_ord,MLP_opt,yeojohnson,,,,,
18,vagas_por_metro,power_median_ohe,Ridge_opt,boxcox,,,,,
18,vagas_por_metro,power_median_ohe,MLP_opt,sqrt,,,,,
18,vagas_por_metro,quantile_median_ord,Linear,sqrt,,,,,
18,vagas_por_metro,raw_zero_ord,Linear,none,,,,,
18,vagas_por_metro,quantile_median_ord,MLP_opt,log,,,,,
18,vagas_por_metro,power_median_ohe,MLP_opt,log,,,,,
18,vagas_por_metro,quantile_median_ord,Linear,none,,,,,
18,vagas_por_metro,power_median_ohe,MLP_opt,yeojohnson,,,,,
18,vagas_por_metro,minmax_mean_ohe,MLP_opt,yeojohnson,,,,,
18,vagas_por_metro,power_median_ohe,Linear,log,,,,,
18,vagas_por_metro,power_median_ohe,Linear,none,,,,,
18,vagas_por_metro,std_median_ohe,Linear,yeojohnson,,,,,
18,vagas_por_metro,minmax_mean_ohe,Linear,yeojohnson,,,,,
18,vagas_por_metro,quantile_median_ord,Linear,yeojohnson,,,,,
18,vagas_por_metro,robust_median_ohe,Linear,yeojohnson,,,,,
18,vagas_por_metro,power_median_ohe,Linear,yeojohnson,,,,,
19,banheiros_por_quarto,std_median_ohe,RandomForest_opt,none,,,,,
19,banheiros_por_quarto,std_median_ohe,GradientBoosting_opt,sqrt,,,,,
19,banheiros_por_quarto,robust_median_ohe,Ridge_opt,sqrt,,,,,
19,banheiros_por_quarto,std_median_ohe,Ridge_opt,yeojohnson,,,,,
19,banheiros_por_quarto,robust_median_ohe,KNN_opt,none,,,,,
19,banheiros_por_quarto,robust_median_ohe,RandomForest_opt,boxcox,,,,,
19,banheiros_por_quarto,robust_median_ohe,HistGB_opt,yeojohnson,,,,,
19,banheiros_por_quarto,minmax_mean_ohe,KNN_opt,sqrt,,,,,
19,banheiros_por_quarto,quantile_median_ord,CatBoost_opt,none,,,,,
19,banheiros_por_quarto,power_median_ohe,RandomForest_opt,boxcox,,,,,
19,banheiros_por_quarto,raw_zero_ord,CatBoost_opt,none,,,,,
19,banheiros_por_quarto,raw_zero_ord,Ridge_opt,boxcox,,,,,
19,banheiros_por_quarto,raw_zero_ord,RandomForest_opt,log,,,,,
19,banheiros_por_quarto,quantile_median_ord,CatBoost_opt,boxcox,,,,,
19,banheiros_por_quarto,robust_median_ohe,SVR_opt,none,,,,,
19,banheiros_por_quarto,std_median_ohe,SVR_opt,none,,,,,
19,banheiros_por_quarto,std_median_ohe,HistGB_opt,log,,,,,
19,banheiros_por_quarto,std_median_ohe,HistGB_opt,boxcox,,,,,
19,banheiros_por_quarto,std_median_ohe,SVR_opt,yeojohnson,,,,,
19,banheiros_por_quarto,robust_median_ohe,GradientBoosting_opt,boxcox,,,,,
19,banheiros_por_quarto,minmax_mean_ohe,SVR_opt,sqrt,,,,,
19,banheiros_por_quarto,power_median_ohe,RandomForest_opt,none,,,,,
19,banheiros_por_quarto,raw_zero_ord,KNN_opt,none,,,,,
19,banheiros_por_quarto,quantile_median_ord,GradientBoosting_opt,boxcox,,,,,
19,banheiros_por_quarto,power_median_ohe,CatBoost_opt,log,,,,,
19,banheiros_por_quarto,raw_zero_ord,SVR_opt,sqrt,,,,,
19,banheiros_por_quarto,robust_median_ohe,CatBoost_opt,none,,,,,
19,banheiros_por_quarto,std_median_ohe,GradientBoosting_opt,log,,,,,
19,banheiros_por_quarto,robust_median_ohe,KNN_opt,boxcox,,,,,
19,banheiros_por_quarto,minmax_mean_ohe,CatBoost_opt,sqrt,,,,,
19,banheiros_por_quarto,minmax_mean_ohe,Ridge_opt,yeojohnson,,,,,
19,banheiros_por_quarto,quantile_median_ord,SVR_opt,boxcox,,,,,
19,banheiros_por_quarto,power_median_ohe,CatBoost_opt,sqrt,,,,,
19,banheiros_por_quarto,power_median_ohe,CatBoost_opt,none,,,,,
19,banheiros_por_quarto,minmax_mean_ohe,Linear,boxcox,,,,,
19,banheiros_por_quarto,quantile_median_ord,CatBoost_opt,log,,,,,
19,banheiros_por_quarto,minmax_mean_ohe,MLP_opt,boxcox,,,,,
19,banheiros_por_quarto,raw_zero_ord,Ridge_opt,yeojohnson,,,,,
19,banheiros_por_quarto,power_median_ohe,GradientBoosting_opt,log,,,,,
19,banheiros_por_quarto,minmax_mean_ohe,SVR_opt,yeojohnson,,,,,
19,banheiros_por_quarto,raw_zero_ord,HistGB_opt,yeojohnson,,,,,
19,banheiros_por_quarto,power_median_ohe,LightGBM_opt,yeojohnson,,,,,
19,banheiros_por_quarto,raw_zero_ord,RandomForest_opt,sqrt,,,,,
19,banheiros_por_quarto,quantile_median_ord,CatBoost_opt,yeojohnson,,,,,
19,banheiros_por_quarto,robust_median_ohe,LightGBM_opt,none,,,,,
19,banheiros_por_quarto,robust_median_ohe,RandomForest_opt,sqrt,,,,,
19,banheiros_por_quarto,std_median_ohe,SVR_opt,log,,,,,
19,banheiros_por_quarto,std_median_ohe,HistGB_opt,yeojohnson,,,,,
19,banheiros_por_quarto,robust_median_ohe,SVR_opt,boxcox,,,,,
19,banheiros_por_quarto,minmax_mean_ohe,Ridge_opt,none,,,,,
19,banheiros_por_quarto,minmax_mean_ohe,LightGBM_opt,sqrt,,,,,
19,banheiros_por_quarto,minmax_mean_ohe,RandomForest_opt,yeojohnson,,,,,
19,banheiros_por_quarto,quantile_median_ord,SVR_opt,none,,,,,
19,banheiros_por_quarto,quantile_median_ord,LightGBM_opt,sqrt,,,,,
19,banheiros_por_quarto,power_median_ohe,GradientBoosting_opt,sqrt,,,,,
19,banheiros_por_quarto,quantile_median_ord,GradientBoosting_opt,log,,,,,
19,banheiros_por_quarto,raw_zero_ord,HistGB_opt,boxcox,,,,,
19,banheiros_por_quarto,raw_zero_ord,SVR_opt,yeojohnson,,,,,
19,banheiros_por_quarto,std_median_ohe,MLP_opt,boxcox,,,,,
19,banheiros_por_quarto,power_median_ohe,KNN_opt,yeojohnson,,,,,
19,banheiros_por_quarto,quantile_median_ord,GradientBoosting_opt,yeojohnson,,,,,
19,banheiros_por_quarto,std_median_ohe,KNN_opt,none,,,,,
19,banheiros_por_quarto,std_median_ohe,RandomForest_opt,log,,,,,
19,banheiros_por_quarto,std_median_ohe,RandomForest_opt,sqrt,,,,,
19,banheiros_por_quarto,std_median_ohe,CatBoost_opt,yeojohnson,,,,,
19,banheiros_por_quarto,robust_median_ohe,HistGB_opt,none,,,,,
19,banheiros_por_quarto,std_median_ohe,Linear,boxcox,,,,,
19,banheiros_por_quarto,std_median_ohe,LightGBM_opt,boxcox,,,,,
19,banheiros_por_quarto,robust_median_ohe,CatBoost_opt,boxcox,,,,,
19,banheiros_por_quarto,std_median_ohe,Linear,sqrt,,,,,
19,banheiros_por_quarto,minmax_mean_ohe,RandomForest_opt,none,,,,,
19,banheiros_por_quarto,minmax_mean_ohe,KNN_opt,log,,,,,
19,banheiros_por_quarto,minmax_mean_ohe,HistGB_opt,sqrt,,,,,
19,banheiros_por_quarto,quantile_median_ord,KNN_opt,sqrt,,,,,
19,banheiros_por_quarto,raw_zero_ord,LightGBM_opt,sqrt,,,,,
19,banheiros_por_quarto,raw_zero_ord,SVR_opt,boxcox,,,,,
19,banheiros_por_quarto,minmax_mean_ohe,MLP_opt,sqrt,,,,,
19,banheiros_por_quarto,power_median_ohe,CatBoost_opt,boxcox,,,,,
19,banheiros_por_quarto,power_median_ohe,Ridge_opt,yeojohnson,,,,,
19,banheiros_por_quarto,raw_zero_ord,CatBoost_opt,log,,,,,
19,banheiros_por_quarto,power_median_ohe,LightGBM_opt,log,,,,,
19,banheiros_por_quarto,std_median_ohe,LightGBM_opt,log,,,,,
19,banheiros_por_quarto,std_median_ohe,CatBoost_opt,boxcox,,,,,
19,banheiros_por_quarto,robust_median_ohe,LightGBM_opt,boxcox,,,,,
19,banheiros_por_quarto,minmax_mean_ohe,GradientBoosting_opt,none,,,,,
19,banheiros_por_quarto,minmax_mean_ohe,GradientBoosting_opt,log,,,,,
19,banheiros_por_quarto,std_median_ohe,MLP_opt,log,,,,,
19,banheiros_por_quarto,minmax_mean_ohe,KNN_opt,yeojohnson,,,,,
19,banheiros_por_quarto,quantile_median_ord,LightGBM_opt,none,,,,,
19,banheiros_por_quarto,quantile_median_ord,Ridge_opt,sqrt,,,,,
19,banheiros_por_quarto,power_median_ohe,GradientBoosting_opt,boxcox,,,,,
19,banheiros_por_quarto,raw_zero_ord,LightGBM_opt,none,,,,,
19,banheiros_por_quarto,raw_zero_ord,RandomForest_opt,boxcox,,,,,
19,banheiros_por_quarto,quantile_median_ord,MLP_opt,boxcox,,,,,
19,banheiros_por_quarto,power_median_ohe,HistGB_opt,boxcox,,,,,
19,banheiros_por_quarto,raw_zero_ord,GradientBoosting_opt,log,,,,,
19,banheiros_por_quarto,quantile_median_ord,LightGBM_opt,boxcox,,,,,
19,banheiros_por_quarto,quantile_median_ord,RandomForest_opt,none,,,,,
19,banheiros_por_quarto,std_median_ohe,LightGBM_opt,none,,,,,
19,banheiros_por_quarto,std_median_ohe,HistGB_opt,none,,,,,
19,banheiros_por_quarto,std_median_ohe,LightGBM_opt,sqrt,,,,,
19,banheiros_por_quarto,minmax_mean_ohe,Linear,sqrt,,,,,
19,banheiros_por_quarto,std_median_ohe,GradientBoosting_opt,yeojohnson,,,,,
19,banheiros_por_quarto,robust_median_ohe,GradientBoosting_opt,sqrt,,,,,
19,banheiros_por_quarto,robust_median_ohe,HistGB_opt,boxcox,,,,,
19,banheiros_por_quarto,minmax_mean_ohe,KNN_opt,none,,,,,
19,banheiros_por_quarto,minmax_mean_ohe,RandomForest_opt,log,,,,,
19,banheiros_por_quarto,quantile_median_ord,HistGB_opt,log,,,,,
19,banheiros_por_quarto,power_median_ohe,GradientBoosting_opt,none,,,,,
19,banheiros_por_quarto,std_median_ohe,MLP_opt,sqrt,,,,,
19,banheiros_por_quarto,raw_zero_ord,HistGB_opt,sqrt,,,,,
19,banheiros_por_quarto,quantile_median_ord,KNN_opt,boxcox,,,,,
19,banheiros_por_quarto,robust_median_ohe,MLP_opt,none,,,,,
19,banheiros_por_quarto,raw_zero_ord,Ridge_opt,none,,,,,
19,banheiros_por_quarto,raw_zero_ord,CatBoost_opt,sqrt,,,,,
19,banheiros_por_quarto,robust_median_ohe,Ridge_opt,log,,,,,
19,banheiros_por_quarto,std_median_ohe,KNN_opt,log,,,,,
19,banheiros_por_quarto,std_median_ohe,CatBoost_opt,sqrt,,,,,
19,banheiros_por_quarto,std_median_ohe,RandomForest_opt,yeojohnson,,,,,
19,banheiros_por_quarto,std_median_ohe,LightGBM_opt,yeojohnson,,,,,
19,banheiros_por_quarto,robust_median_ohe,KNN_opt,sqrt,,,,,
19,banheiros_por_quarto,robust_median_ohe,Linear,boxcox,,,,,
19,banheiros_por_quarto,minmax_mean_ohe,SVR_opt,none,,,,,
19,banheiros_por_quarto,minmax_mean_ohe,Ridge_opt,boxcox,,,,,
19,banheiros_por_quarto,minmax_mean_ohe,CatBoost_opt,yeojohnson,,,,,
19,banheiros_por_quarto,raw_zero_ord,Linear,none,,,,,
19,banheiros_por_quarto,power_median_ohe,LightGBM_opt,sqrt,,,,,
19,banheiros_por_quarto,quantile_median_ord,Ridge_opt,boxcox,,,,,
19,banheiros_por_quarto,power_median_ohe,LightGBM_opt,none,,,,,
19,banheiros_por_quarto,raw_zero_ord,MLP_opt,none,,,,,
19,banheiros_por_quarto,raw_zero_ord,RandomForest_opt,yeojohnson,,,,,
19,banheiros_por_quarto,power_median_ohe,KNN_opt,log,,,,,
19,banheiros_por_quarto,raw_zero_ord,Linear,log,,,,,
19,banheiros_por_quarto,power_median_ohe,HistGB_opt,yeojohnson,,,,,
19,banheiros_por_quarto,raw_zero_ord,GradientBoosting_opt,sqrt,,,,,
19,banheiros_por_quarto,quantile_median_ord,LightGBM_opt,yeojohnson,,,,,
19,banheiros_por_quarto,robust_median_ohe,Linear,none,,,,,
19,banheiros_por_quarto,std_median_ohe,RandomForest_opt,boxcox,,,,,
19,banheiros_por_quarto,robust_median_ohe,CatBoost_opt,log,,,,,
19,banheiros_por_quarto,robust_median_ohe,SVR_opt,sqrt,,,,,
19,banheiros_por_quarto,robust_median_ohe,RandomForest_opt,log,,,,,
19,banheiros_por_quarto,quantile_median_ord,MLP_opt,log,,,,,
19,banheiros_por_quarto,minmax_mean_ohe,CatBoost_opt,none,,,,,
19,banheiros_por_quarto,minmax_mean_ohe,RandomForest_opt,boxcox,,,,,
19,banheiros_por_quarto,minmax_mean_ohe,LightGBM_opt,yeojohnson,,,,,
19,banheiros_por_quarto,robust_median_ohe,MLP_opt,boxcox,,,,,
19,banheiros_por_quarto,power_median_ohe,KNN_opt,sqrt,,,,,
19,banheiros_por_quarto,quantile_median_ord,HistGB_opt,sqrt,,,,,
19,banheiros_por_quarto,power_median_ohe,KNN_opt,none,,,,,
19,banheiros_por_quarto,raw_zero_ord,GradientBoosting_opt,none,,,,,
19,banheiros_por_quarto,raw_zero_ord,Linear,boxcox,,,,,
19,banheiros_por_quarto,power_median_ohe,Ridge_opt,log,,,,,
19,banheiros_por_quarto,minmax_mean_ohe,GradientBoosting_opt,yeojohnson,,,,,
19,banheiros_por_quarto,raw_zero_ord,CatBoost_opt,yeojohnson,,,,,
19,banheiros_por_quarto,power_median_ohe,SVR_opt,yeojohnson,,,,,
19,banheiros_por_quarto,std_median_ohe,Linear,log,,,,,
19,banheiros_por_quarto,quantile_median_ord,KNN_opt,yeojohnson,,,,,
19,banheiros_por_quarto,power_median_ohe,Ridge_opt,sqrt,,,,,
19,banheiros_por_quarto,robust_median_ohe,GradientBoosting_opt,log,,,,,
19,banheiros_por_quarto,quantile_median_ord,MLP_opt,sqrt,,,,,
19,banheiros_por_quarto,std_median_ohe,Ridge_opt,boxcox,,,,,
19,banheiros_por_quarto,robust_median_ohe,Ridge_opt,none,,,,,
19,banheiros_por_quarto,robust_median_ohe,CatBoost_opt,sqrt,,,,,
19,banheiros_por_quarto,robust_median_ohe,Ridge_opt,yeojohnson,,,,,
19,banheiros_por_quarto,minmax_mean_ohe,LightGBM_opt,none,,,,,
19,banheiros_por_quarto,minmax_mean_ohe,LightGBM_opt,log,,,,,
19,banheiros_por_quarto,minmax_mean_ohe,GradientBoosting_opt,boxcox,,,,,
19,banheiros_por_quarto,minmax_mean_ohe,HistGB_opt,yeojohnson,,,,,
19,banheiros_por_quarto,quantile_median_ord,Ridge_opt,log,,,,,
19,banheiros_por_quarto,quantile_median_ord,SVR_opt,sqrt,,,,,
19,banheiros_por_quarto,raw_zero_ord,CatBoost_opt,boxcox,,,,,
19,banheiros_por_quarto,power_median_ohe,LightGBM_opt,boxcox,,,,,
19,banheiros_por_quarto,power_median_ohe,HistGB_opt,none,,,,,
19,banheiros_por_quarto,raw_zero_ord,GradientBoosting_opt,yeojohnson,,,,,
19,banheiros_por_quarto,power_median_ohe,RandomForest_opt,yeojohnson,,,,,
19,banheiros_por_quarto,raw_zero_ord,LightGBM_opt,log,,,,,
19,banheiros_por_quarto,quantile_median_ord,Ridge_opt,yeojohnson,,,,,
19,banheiros_por_quarto,power_median_ohe,HistGB_opt,log,,,,,
19,banheiros_por_quarto,std_median_ohe,KNN_opt,boxcox,,,,,
19,banheiros_por_quarto,robust_median_ohe,KNN_opt,log,,,,,
19,banheiros_por_quarto,raw_zero_ord,MLP_opt,log,,,,,
19,banheiros_por_quarto,std_median_ohe,Ridge_opt,sqrt,,,,,
19,banheiros_por_quarto,std_median_ohe,KNN_opt,yeojohnson,,,,,
19,banheiros_por_quarto,robust_median_ohe,LightGBM_opt,sqrt,,,,,
19,banheiros_por_quarto,robust_median_ohe,RandomForest_opt,yeojohnson,,,,,
19,banheiros_por_quarto,minmax_mean_ohe,HistGB_opt,none,,,,,
19,banheiros_por_quarto,minmax_mean_ohe,HistGB_opt,log,,,,,
19,banheiros_por_quarto,minmax_mean_ohe,KNN_opt,boxcox,,,,,
19,banheiros_por_quarto,quantile_median_ord,HistGB_opt,none,,,,,
19,banheiros_por_quarto,quantile_median_ord,RandomForest_opt,sqrt,,,,,
19,banheiros_por_quarto,power_median_ohe,RandomForest_opt,sqrt,,,,,
19,banheiros_por_quarto,power_median_ohe,KNN_opt,boxcox,,,,,
19,banheiros_por_quarto,raw_zero_ord,GradientBoosting_opt,boxcox,,,,,
19,banheiros_por_quarto,raw_zero_ord,SVR_opt,none,,,,,
19,banheiros_por_quarto,power_median_ohe,Linear,boxcox,,,,,
19,banheiros_por_quarto,raw_zero_ord,KNN_opt,log,,,,,
19,banheiros_por_quarto,quantile_median_ord,HistGB_opt,boxcox,,,,,
19,banheiros_por_quarto,robust_median_ohe,SVR_opt,log,,,,,
19,banheiros_por_quarto,std_median_ohe,CatBoost_opt,log,,,,,
19,banheiros_por_quarto,std_median_ohe,SVR_opt,boxcox,,,,,
19,banheiros_por_quarto,robust_median_ohe,GradientBoosting_opt,none,,,,,
19,banheiros_por_quarto,robust_median_ohe,HistGB_opt,sqrt,,,,,
19,banheiros_por_quarto,robust_median_ohe,GradientBoosting_opt,yeojohnson,,,,,
19,banheiros_por_quarto,std_median_ohe,MLP_opt,none,,,,,
19,banheiros_por_quarto,std_median_ohe,Linear,none,,,,,
19,banheiros_por_quarto,minmax_mean_ohe,SVR_opt,boxcox,,,,,
19,banheiros_por_quarto,minmax_mean_ohe,Linear,none,,,,,
19,banheiros_por_quarto,minmax_mean_ohe,Linear,log,,,,,
19,banheiros_por_quarto,power_median_ohe,Ridge_opt,boxcox,,,,,
19,banheiros_por_quarto,raw_zero_ord,MLP_opt,sqrt,,,,,
19,banheiros_por_quarto,raw_zero_ord,RandomForest_opt,none,,,,,
19,banheiros_por_quarto,robust_median_ohe,LightGBM_opt,log,,,,,
19,banheiros_por_quarto,std_median_ohe,GradientBoosting_opt,none,,,,,
19,banheiros_por_quarto,std_median_ohe,KNN_opt,sqrt,,,,,
19,banheiros_por_quarto,robust_median_ohe,Linear,sqrt,,,,,
19,banheiros_por_quarto,robust_median_ohe,KNN_opt,yeojohnson,,,,,
19,banheiros_por_quarto,quantile_median_ord,MLP_opt,none,,,,,
19,banheiros_por_quarto,minmax_mean_ohe,MLP_opt,none,,,,,
19,banheiros_por_quarto,minmax_mean_ohe,CatBoost_opt,boxcox,,,,,
19,banheiros_por_quarto,quantile_median_ord,Ridge_opt,none,,,,,
19,banheiros_por_quarto,quantile_median_ord,KNN_opt,log,,,,,
19,banheiros_por_quarto,power_median_ohe,Ridge_opt,none,,,,,
19,banheiros_por_quarto,power_median_ohe,HistGB_opt,sqrt,,,,,
19,banheiros_por_quarto,quantile_median_ord,RandomForest_opt,boxcox,,,,,
19,banheiros_por_quarto,minmax_mean_ohe,MLP_opt,log,,,,,
19,banheiros_por_quarto,raw_zero_ord,Ridge_opt,log,,,,,
19,banheiros_por_quarto,power_median_ohe,SVR_opt,log,,,,,
19,banheiros_por_quarto,power_median_ohe,Linear,sqrt,,,,,
19,banheiros_por_quarto,raw_zero_ord,KNN_opt,sqrt,,,,,
19,banheiros_por_quarto,robust_median_ohe,HistGB_opt,log,,,,,
19,banheiros_por_quarto,std_median_ohe,CatBoost_opt,none,,,,,
19,banheiros_por_quarto,std_median_ohe,HistGB_opt,sqrt,,,,,
19,banheiros_por_quarto,robust_median_ohe,RandomForest_opt,none,,,,,
19,banheiros_por_quarto,power_median_ohe,MLP_opt,sqrt,,,,,
19,banheiros_por_quarto,robust_median_ohe,SVR_opt,yeojohnson,,,,,
19,banheiros_por_quarto,minmax_mean_ohe,Ridge_opt,log,,,,,
19,banheiros_por_quarto,minmax_mean_ohe,SVR_opt,log,,,,,
19,banheiros_por_quarto,minmax_mean_ohe,Ridge_opt,sqrt,,,,,
19,banheiros_por_quarto,minmax_mean_ohe,LightGBM_opt,boxcox,,,,,
19,banheiros_por_quarto,power_median_ohe,SVR_opt,sqrt,,,,,
19,banheiros_por_quarto,robust_median_ohe,MLP_opt,sqrt,,,,,
19,banheiros_por_quarto,power_median_ohe,SVR_opt,none,,,,,
19,banheiros_por_quarto,quantile_median_ord,SVR_opt,log,,,,,
19,banheiros_por_quarto,raw_zero_ord,HistGB_opt,none,,,,,
19,banheiros_por_quarto,raw_zero_ord,MLP_opt,boxcox,,,,,
19,banheiros_por_quarto,power_median_ohe,RandomForest_opt,log,,,,,
19,banheiros_por_quarto,raw_zero_ord,LightGBM_opt,yeojohnson,,,,,
19,banheiros_por_quarto,power_median_ohe,CatBoost_opt,yeojohnson,,,,,
19,banheiros_por_quarto,raw_zero_ord,Ridge_opt,sqrt,,,,,
19,banheiros_por_quarto,quantile_median_ord,SVR_opt,yeojohnson,,,,,
19,banheiros_por_quarto,power_median_ohe,MLP_opt,log,,,,,
19,banheiros_por_quarto,std_median_ohe,Ridge_opt,log,,,,,
19,banheiros_por_quarto,std_median_ohe,GradientBoosting_opt,boxcox,,,,,
19,banheiros_por_quarto,power_median_ohe,MLP_opt,none,,,,,
19,banheiros_por_quarto,robust_median_ohe,Ridge_opt,boxcox,,,,,
19,banheiros_por_quarto,robust_median_ohe,CatBoost_opt,yeojohnson,,,,,
19,banheiros_por_quarto,minmax_mean_ohe,CatBoost_opt,log,,,,,
19,banheiros_por_quarto,minmax_mean_ohe,RandomForest_opt,sqrt,,,,,
19,banheiros_por_quarto,minmax_mean_ohe,HistGB_opt,boxcox,,,,,
19,banheiros_por_quarto,quantile_median_ord,GradientBoosting_opt,none,,,,,
19,banheiros_por_quarto,quantile_median_ord,CatBoost_opt,sqrt,,,,,
19,banheiros_por_quarto,quantile_median_ord,RandomForest_opt,log,,,,,
19,banheiros_por_quarto,raw_zero_ord,LightGBM_opt,boxcox,,,,,
19,banheiros_por_quarto,robust_median_ohe,MLP_opt,yeojohnson,,,,,
19,banheiros_por_quarto,raw_zero_ord,KNN_opt,yeojohnson,,,,,
19,banheiros_por_quarto,power_median_ohe,GradientBoosting_opt,yeojohnson,,,,,
19,banheiros_por_quarto,raw_zero_ord,HistGB_opt,log,,,,,
19,banheiros_por_quarto,quantile_median_ord,RandomForest_opt,yeojohnson,,,,,
19,banheiros_por_quarto,quantile_median_ord,Linear,sqrt,,,,,
19,banheiros_por_quarto,raw_zero_ord,Linear,yeojohnson,,,,,
19,banheiros_por_quarto,std_median_ohe,Ridge_opt,none,,,,,
19,banheiros_por_quarto,std_median_ohe,SVR_opt,sqrt,,,,,
19,banheiros_por_quarto,robust_median_ohe,LightGBM_opt,yeojohnson,,,,,
19,banheiros_por_quarto,minmax_mean_ohe,GradientBoosting_opt,sqrt,,,,,
19,banheiros_por_quarto,quantile_median_ord,KNN_opt,none,,,,,
19,banheiros_por_quarto,quantile_median_ord,LightGBM_opt,log,,,,,
19,banheiros_por_quarto,quantile_median_ord,GradientBoosting_opt,sqrt,,,,,
19,banheiros_por_quarto,std_median_ohe,Linear,yeojohnson,,,,,
19,banheiros_por_quarto,quantile_median_ord,HistGB_opt,yeojohnson,,,,,
19,banheiros_por_quarto,raw_zero_ord,KNN_opt,boxcox,,,,,
19,banheiros_por_quarto,robust_median_ohe,MLP_opt,log,,,,,
19,banheiros_por_quarto,power_median_ohe,SVR_opt,boxcox,,,,,
19,banheiros_por_quarto,quantile_median_ord,Linear,log,,,,,
19,banheiros_por_quarto,robust_median_ohe,Linear,log,,,,,
19,banheiros_por_quarto,raw_zero_ord,SVR_opt,log,,,,,
19,banheiros_por_quarto,raw_zero_ord,Linear,sqrt,,,,,
19,banheiros_por_quarto,power_median_ohe,MLP_opt,boxcox,,,,,
19,banheiros_por_quarto,quantile_median_ord,Linear,boxcox,,,,,
19,banheiros_por_quarto,quantile_median_ord,MLP_opt,yeojohnson,,,,,
19,banheiros_por_quarto,minmax_mean_ohe,MLP_opt,yeojohnson,,,,,
19,banheiros_por_quarto,raw_zero_ord,MLP_opt,yeojohnson,,,,,
19,banheiros_por_quarto,quantile_median_ord,Linear,none,,,,,
19,banheiros_por_quarto,power_median_ohe,MLP_opt,yeojohnson,,,,,
19,banheiros_por_quarto,std_median_ohe,MLP_opt,yeojohnson,,,,,
19,banheiros_por_quarto,minmax_mean_ohe,Linear,yeojohnson,,,,,
19,banheiros_por_quarto,robust_median_ohe,Linear,yeojohnson,,,,,
19,banheiros_por_quarto,quantile_median_ord,Linear,yeojohnson,,,,,
19,banheiros_por_quarto,power_median_ohe,Linear,log,,,,,
19,banheiros_por_quarto,power_median_ohe,Linear,none,,,,,
19,banheiros_por_quarto,power_median_ohe,Linear,yeojohnson,,,,,
20,lat,raw_zero_ord,CatBoost_opt,log,,,,,
20,lat,std_median_ohe,CatBoost_opt,log,,,,,
20,lat,robust_median_ohe,GradientBoosting_opt,log,,,,,
20,lat,std_median_ohe,GradientBoosting_opt,yeojohnson,,,,,
20,lat,robust_median_ohe,Ridge_opt,sqrt,,,,,
20,lat,robust_median_ohe,GradientBoosting_opt,sqrt,,,,,
20,lat,robust_median_ohe,LightGBM_opt,boxcox,,,,,
20,lat,minmax_mean_ohe,KNN_opt,log,,,,,
20,lat,power_median_ohe,CatBoost_opt,yeojohnson,,,,,
20,lat,power_median_ohe,CatBoost_opt,none,,,,,
20,lat,raw_zero_ord,LightGBM_opt,sqrt,,,,,
20,lat,quantile_median_ord,HistGB_opt,none,,,,,
20,lat,raw_zero_ord,LightGBM_opt,yeojohnson,,,,,
20,lat,power_median_ohe,GradientBoosting_opt,log,,,,,
20,lat,raw_zero_ord,HistGB_opt,boxcox,,,,,
20,lat,quantile_median_ord,LightGBM_opt,boxcox,,,,,
20,lat,raw_zero_ord,HistGB_opt,none,,,,,
20,lat,std_median_ohe,SVR_opt,log,,,,,
20,lat,std_median_ohe,SVR_opt,sqrt,,,,,
20,lat,std_median_ohe,CatBoost_opt,sqrt,,,,,
20,lat,robust_median_ohe,LightGBM_opt,none,,,,,
20,lat,robust_median_ohe,Ridge_opt,yeojohnson,,,,,
20,lat,minmax_mean_ohe,SVR_opt,log,,,,,
20,lat,minmax_mean_ohe,Ridge_opt,boxcox,,,,,
20,lat,power_median_ohe,GradientBoosting_opt,none,,,,,
20,lat,raw_zero_ord,KNN_opt,sqrt,,,,,
20,lat,raw_zero_ord,SVR_opt,boxcox,,,,,
20,lat,raw_zero_ord,SVR_opt,none,,,,,
20,lat,quantile_median_ord,Ridge_opt,sqrt,,,,,
20,lat,robust_median_ohe,GradientBoosting_opt,none,,,,,
20,lat,std_median_ohe,Ridge_opt,sqrt,,,,,
20,lat,std_median_ohe,Ridge_opt,boxcox,,,,,
20,lat,robust_median_ohe,RandomForest_opt,none,,,,,
20,lat,robust_median_ohe,HistGB_opt,boxcox,,,,,
20,lat,minmax_mean_ohe,CatBoost_opt,log,,,,,
20,lat,minmax_mean_ohe,Ridge_opt,none,,,,,
20,lat,minmax_mean_ohe,RandomForest_opt,boxcox,,,,,
20,lat,minmax_mean_ohe,SVR_opt,boxcox,,,,,
20,lat,raw_zero_ord,Ridge_opt,log,,,,,
20,lat,raw_zero_ord,Ridge_opt,sqrt,,,,,
20,lat,power_median_ohe,SVR_opt,sqrt,,,,,
20,lat,power_median_ohe,LightGBM_opt,none,,,,,
20,lat,raw_zero_ord,RandomForest_opt,boxcox,,,,,
20,lat,power_median_ohe,LightGBM_opt,boxcox,,,,,
20,lat,quantile_median_ord,HistGB_opt,log,,,,,
20,lat,std_median_ohe,HistGB_opt,sqrt,,,,,
20,lat,std_median_ohe,HistGB_opt,boxcox,,,,,
20,lat,robust_median_ohe,KNN_opt,none,,,,,
20,lat,quantile_median_ord,MLP_opt,boxcox,,,,,
20,lat,robust_median_ohe,HistGB_opt,sqrt,,,,,
20,lat,minmax_mean_ohe,RandomForest_opt,none,,,,,
20,lat,minmax_mean_ohe,LightGBM_opt,log,,,,,
20,lat,minmax_mean_ohe,CatBoost_opt,boxcox,,,,,
20,lat,quantile_median_ord,Ridge_opt,log,,,,,
20,lat,quantile_median_ord,LightGBM_opt,sqrt,,,,,
20,lat,quantile_median_ord,LightGBM_opt,yeojohnson,,,,,
20,lat,quantile_median_ord,KNN_opt,boxcox,,,,,
20,lat,power_median_ohe,RandomForest_opt,sqrt,,,,,
20,lat,raw_zero_ord,GradientBoosting_opt,none,,,,,
20,lat,quantile_median_ord,CatBoost_opt,none,,,,,
20,lat,raw_zero_ord,HistGB_opt,log,,,,,
20,lat,power_median_ohe,KNN_opt,boxcox,,,,,
20,lat,quantile_median_ord,SVR_opt,log,,,,,
20,lat,std_median_ohe,LightGBM_opt,log,,,,,
20,lat,std_median_ohe,KNN_opt,log,,,,,
20,lat,power_median_ohe,MLP_opt,boxcox,,,,,
20,lat,robust_median_ohe,SVR_opt,log,,,,,
20,lat,robust_median_ohe,LightGBM_opt,sqrt,,,,,
20,lat,robust_median_ohe,LightGBM_opt,log,,,,,
20,lat,robust_median_ohe,KNN_opt,log,,,,,
20,lat,minmax_mean_ohe,GradientBoosting_opt,none,,,,,
20,lat,minmax_mean_ohe,HistGB_opt,log,,,,,
20,lat,quantile_median_ord,Ridge_opt,boxcox,,,,,
20,lat,quantile_median_ord,GradientBoosting_opt,none,,,,,
20,lat,quantile_median_ord,KNN_opt,yeojohnson,,,,,
20,lat,std_median_ohe,Linear,log,,,,,
20,lat,raw_zero_ord,GradientBoosting_opt,log,,,,,
20,lat,power_median_ohe,Ridge_opt,boxcox,,,,,
20,lat,quantile_median_ord,RandomForest_opt,log,,,,,
20,lat,raw_zero_ord,RandomForest_opt,yeojohnson,,,,,
20,lat,robust_median_ohe,MLP_opt,boxcox,,,,,
20,lat,robust_median_ohe,SVR_opt,none,,,,,
20,lat,std_median_ohe,Ridge_opt,yeojohnson,,,,,
20,lat,robust_median_ohe,HistGB_opt,none,,,,,
20,lat,robust_median_ohe,CatBoost_opt,sqrt,,,,,
20,lat,minmax_mean_ohe,KNN_opt,none,,,,,
20,lat,minmax_mean_ohe,HistGB_opt,boxcox,,,,,
20,lat,minmax_mean_ohe,HistGB_opt,yeojohnson,,,,,
20,lat,quantile_median_ord,GradientBoosting_opt,log,,,,,
20,lat,quantile_median_ord,HistGB_opt,sqrt,,,,,
20,lat,power_median_ohe,LightGBM_opt,yeojohnson,,,,,
20,lat,raw_zero_ord,KNN_opt,yeojohnson,,,,,
20,lat,quantile_median_ord,RandomForest_opt,yeojohnson,,,,,
20,lat,std_median_ohe,MLP_opt,boxcox,,,,,
20,lat,minmax_mean_ohe,GradientBoosting_opt,boxcox,,,,,
20,lat,power_median_ohe,HistGB_opt,sqrt,,,,,
20,lat,raw_zero_ord,Linear,sqrt,,,,,
20,lat,power_median_ohe,KNN_opt,log,,,,,
20,lat,quantile_median_ord,HistGB_opt,boxcox,,,,,
20,lat,raw_zero_ord,Linear,boxcox,,,,,
20,lat,std_median_ohe,Linear,sqrt,,,,,
20,lat,robust_median_ohe,CatBoost_opt,log,,,,,
20,lat,std_median_ohe,KNN_opt,none,,,,,
20,lat,std_median_ohe,GradientBoosting_opt,log,,,,,
20,lat,std_median_ohe,HistGB_opt,log,,,,,
20,lat,minmax_mean_ohe,Linear,log,,,,,
20,lat,robust_median_ohe,RandomForest_opt,yeojohnson,,,,,
20,lat,minmax_mean_ohe,SVR_opt,none,,,,,
20,lat,robust_median_ohe,MLP_opt,none,,,,,
20,lat,robust_median_ohe,Linear,sqrt,,,,,
20,lat,quantile_median_ord,SVR_opt,sqrt,,,,,
20,lat,power_median_ohe,KNN_opt,none,,,,,
20,lat,robust_median_ohe,MLP_opt,log,,,,,
20,lat,minmax_mean_ohe,Linear,boxcox,,,,,
20,lat,raw_zero_ord,SVR_opt,sqrt,,,,,
20,lat,power_median_ohe,Ridge_opt,log,,,,,
20,lat,raw_zero_ord,SVR_opt,log,,,,,
20,lat,quantile_median_ord,SVR_opt,boxcox,,,,,
20,lat,raw_zero_ord,CatBoost_opt,none,,,,,
20,lat,raw_zero_ord,CatBoost_opt,boxcox,,,,,
20,lat,power_median_ohe,Ridge_opt,yeojohnson,,,,,
20,lat,std_median_ohe,LightGBM_opt,yeojohnson,,,,,
20,lat,std_median_ohe,LightGBM_opt,none,,,,,
20,lat,std_median_ohe,RandomForest_opt,boxcox,,,,,
20,lat,std_median_ohe,KNN_opt,boxcox,,,,,
20,lat,robust_median_ohe,KNN_opt,sqrt,,,,,
20,lat,robust_median_ohe,MLP_opt,sqrt,,,,,
20,lat,robust_median_ohe,SVR_opt,boxcox,,,,,
20,lat,minmax_mean_ohe,CatBoost_opt,none,,,,,
20,lat,minmax_mean_ohe,Ridge_opt,sqrt,,,,,
20,lat,power_median_ohe,Ridge_opt,none,,,,,
20,lat,power_median_ohe,KNN_opt,yeojohnson,,,,,
20,lat,raw_zero_ord,RandomForest_opt,sqrt,,,,,
20,lat,power_median_ohe,CatBoost_opt,sqrt,,,,,
20,lat,raw_zero_ord,CatBoost_opt,yeojohnson,,,,,
20,lat,power_median_ohe,HistGB_opt,none,,,,,
20,lat,quantile_median_ord,KNN_opt,sqrt,,,,,
20,lat,raw_zero_ord,LightGBM_opt,log,,,,,
20,lat,raw_zero_ord,GradientBoosting_opt,boxcox,,,,,
20,lat,power_median_ohe,HistGB_opt,boxcox,,,,,
20,lat,std_median_ohe,RandomForest_opt,none,,,,,
20,lat,std_median_ohe,RandomForest_opt,sqrt,,,,,
20,lat,std_median_ohe,CatBoost_opt,boxcox,,,,,
20,lat,robust_median_ohe,Ridge_opt,log,,,,,
20,lat,robust_median_ohe,CatBoost_opt,boxcox,,,,,
20,lat,minmax_mean_ohe,MLP_opt,boxcox,,,,,
20,lat,robust_median_ohe,LightGBM_opt,yeojohnson,,,,,
20,lat,minmax_mean_ohe,LightGBM_opt,none,,,,,
20,lat,minmax_mean_ohe,RandomForest_opt,sqrt,,,,,
20,lat,minmax_mean_ohe,Ridge_opt,yeojohnson,,,,,
20,lat,quantile_median_ord,Ridge_opt,none,,,,,
20,lat,quantile_median_ord,HistGB_opt,yeojohnson,,,,,
20,lat,minmax_mean_ohe,MLP_opt,log,,,,,
20,lat,power_median_ohe,GradientBoosting_opt,sqrt,,,,,
20,lat,raw_zero_ord,KNN_opt,none,,,,,
20,lat,std_median_ohe,MLP_opt,sqrt,,,,,
20,lat,power_median_ohe,SVR_opt,boxcox,,,,,
20,lat,quantile_median_ord,CatBoost_opt,log,,,,,
20,lat,raw_zero_ord,Linear,log,,,,,
20,lat,robust_median_ohe,SVR_opt,sqrt,,,,,
20,lat,std_median_ohe,GradientBoosting_opt,none,,,,,
20,lat,raw_zero_ord,MLP_opt,sqrt,,,,,
20,lat,std_median_ohe,SVR_opt,yeojohnson,,,,,
20,lat,robust_median_ohe,HistGB_opt,yeojohnson,,,,,
20,lat,minmax_mean_ohe,HistGB_opt,none,,,,,
20,lat,minmax_mean_ohe,GradientBoosting_opt,sqrt,,,,,
20,lat,minmax_mean_ohe,RandomForest_opt,yeojohnson,,,,,
20,lat,quantile_median_ord,RandomForest_opt,none,,,,,
20,lat,quantile_median_ord,RandomForest_opt,boxcox,,,,,
20,lat,quantile_median_ord,SVR_opt,yeojohnson,,,,,
20,lat,quantile_median_ord,KNN_opt,none,,,,,
20,lat,raw_zero_ord,Linear,none,,,,,
20,lat,raw_zero_ord,Ridge_opt,none,,,,,
20,lat,minmax_mean_ohe,LightGBM_opt,boxcox,,,,,
20,lat,power_median_ohe,RandomForest_opt,boxcox,,,,,
20,lat,raw_zero_ord,Ridge_opt,yeojohnson,,,,,
20,lat,raw_zero_ord,HistGB_opt,yeojohnson,,,,,
20,lat,robust_median_ohe,Ridge_opt,none,,,,,
20,lat,std_median_ohe,SVR_opt,none,,,,,
20,lat,std_median_ohe,Ridge_opt,log,,,,,
20,lat,std_median_ohe,RandomForest_opt,yeojohnson,,,,,
20,lat,std_median_ohe,LightGBM_opt,boxcox,,,,,
20,lat,robust_median_ohe,Linear,boxcox,,,,,
20,lat,robust_median_ohe,KNN_opt,yeojohnson,,,,,
20,lat,std_median_ohe,Linear,none,,,,,
20,lat,minmax_mean_ohe,KNN_opt,sqrt,,,,,
20,lat,minmax_mean_ohe,GradientBoosting_opt,yeojohnson,,,,,
20,lat,quantile_median_ord,Linear,log,,,,,
20,lat,power_median_ohe,LightGBM_opt,log,,,,,
20,lat,power_median_ohe,HistGB_opt,yeojohnson,,,,,
20,lat,minmax_mean_ohe,KNN_opt,boxcox,,,,,
20,lat,minmax_mean_ohe,Linear,none,,,,,
20,lat,quantile_median_ord,Linear,sqrt,,,,,
20,lat,power_median_ohe,SVR_opt,log,,,,,
20,lat,raw_zero_ord,MLP_opt,boxcox,,,,,
20,lat,quantile_median_ord,Linear,boxcox,,,,,
20,lat,raw_zero_ord,MLP_opt,none,,,,,
20,lat,robust_median_ohe,RandomForest_opt,log,,,,,
20,lat,std_median_ohe,HistGB_opt,none,,,,,
20,lat,std_median_ohe,MLP_opt,none,,,,,
20,lat,std_median_ohe,SVR_opt,boxcox,,,,,
20,lat,std_median_ohe,Linear,boxcox,,,,,
20,lat,robust_median_ohe,GradientBoosting_opt,boxcox,,,,,
20,lat,robust_median_ohe,CatBoost_opt,yeojohnson,,,,,
20,lat,quantile_median_ord,MLP_opt,none,,,,,
20,lat,minmax_mean_ohe,SVR_opt,sqrt,,,,,
20,lat,minmax_mean_ohe,KNN_opt,yeojohnson,,,,,
20,lat,quantile_median_ord,CatBoost_opt,sqrt,,,,,
20,lat,power_median_ohe,SVR_opt,yeojohnson,,,,,
20,lat,raw_zero_ord,RandomForest_opt,log,,,,,
20,lat,minmax_mean_ohe,MLP_opt,none,,,,,
20,lat,power_median_ohe,SVR_opt,none,,,,,
20,lat,raw_zero_ord,CatBoost_opt,sqrt,,,,,
20,lat,power_median_ohe,RandomForest_opt,log,,,,,
20,lat,raw_zero_ord,LightGBM_opt,boxcox,,,,,
20,lat,quantile_median_ord,CatBoost_opt,boxcox,,,,,
20,lat,raw_zero_ord,LightGBM_opt,none,,,,,
20,lat,power_median_ohe,RandomForest_opt,yeojohnson,,,,,
20,lat,std_median_ohe,KNN_opt,sqrt,,,,,
20,lat,std_median_ohe,KNN_opt,yeojohnson,,,,,
20,lat,robust_median_ohe,Linear,log,,,,,
20,lat,robust_median_ohe,KNN_opt,boxcox,,,,,
20,lat,robust_median_ohe,SVR_opt,yeojohnson,,,,,
20,lat,minmax_mean_ohe,Ridge_opt,log,,,,,
20,lat,minmax_mean_ohe,CatBoost_opt,sqrt,,,,,
20,lat,minmax_mean_ohe,MLP_opt,sqrt,,,,,
20,lat,minmax_mean_ohe,SVR_opt,yeojohnson,,,,,
20,lat,power_median_ohe,RandomForest_opt,none,,,,,
20,lat,raw_zero_ord,GradientBoosting_opt,sqrt,,,,,
20,lat,power_median_ohe,LightGBM_opt,sqrt,,,,,
20,lat,robust_median_ohe,Linear,none,,,,,
20,lat,raw_zero_ord,GradientBoosting_opt,yeojohnson,,,,,
20,lat,raw_zero_ord,KNN_opt,boxcox,,,,,
20,lat,power_median_ohe,Linear,boxcox,,,,,
20,lat,quantile_median_ord,MLP_opt,log,,,,,
20,lat,std_median_ohe,HistGB_opt,yeojohnson,,,,,
20,lat,std_median_ohe,Ridge_opt,none,,,,,
20,lat,std_median_ohe,RandomForest_opt,log,,,,,
20,lat,std_median_ohe,GradientBoosting_opt,sqrt,,,,,
20,lat,std_median_ohe,GradientBoosting_opt,boxcox,,,,,
20,lat,robust_median_ohe,RandomForest_opt,sqrt,,,,,
20,lat,robust_median_ohe,GradientBoosting_opt,yeojohnson,,,,,
20,lat,minmax_mean_ohe,RandomForest_opt,log,,,,,
20,lat,minmax_mean_ohe,LightGBM_opt,sqrt,,,,,
20,lat,minmax_mean_ohe,CatBoost_opt,yeojohnson,,,,,
20,lat,quantile_median_ord,Linear,none,,,,,
20,lat,raw_zero_ord,MLP_opt,log,,,,,
20,lat,power_median_ohe,KNN_opt,sqrt,,,,,
20,lat,power_median_ohe,Linear,log,,,,,
20,lat,raw_zero_ord,Ridge_opt,boxcox,,,,,
20,lat,power_median_ohe,CatBoost_opt,boxcox,,,,,
20,lat,quantile_median_ord,LightGBM_opt,log,,,,,
20,lat,robust_median_ohe,CatBoost_opt,none,,,,,
20,lat,std_median_ohe,CatBoost_opt,none,,,,,
20,lat,std_median_ohe,LightGBM_opt,sqrt,,,,,
20,lat,robust_median_ohe,HistGB_opt,log,,,,,
20,lat,robust_median_ohe,RandomForest_opt,boxcox,,,,,
20,lat,minmax_mean_ohe,GradientBoosting_opt,log,,,,,
20,lat,minmax_mean_ohe,HistGB_opt,sqrt,,,,,
20,lat,minmax_mean_ohe,LightGBM_opt,yeojohnson,,,,,
20,lat,quantile_median_ord,LightGBM_opt,none,,,,,
20,lat,quantile_median_ord,RandomForest_opt,sqrt,,,,,
20,lat,quantile_median_ord,GradientBoosting_opt,boxcox,,,,,
20,lat,quantile_median_ord,CatBoost_opt,yeojohnson,,,,,
20,lat,power_median_ohe,Ridge_opt,sqrt,,,,,
20,lat,quantile_median_ord,SVR_opt,none,,,,,
20,lat,raw_zero_ord,RandomForest_opt,none,,,,,
20,lat,raw_zero_ord,SVR_opt,yeojohnson,,,,,
20,lat,raw_zero_ord,HistGB_opt,sqrt,,,,,
20,lat,power_median_ohe,GradientBoosting_opt,boxcox,,,,,
20,lat,quantile_median_ord,KNN_opt,log,,,,,
20,lat,std_median_ohe,CatBoost_opt,yeojohnson,,,,,
20,lat,std_median_ohe,MLP_opt,log,,,,,
20,lat,robust_median_ohe,Ridge_opt,boxcox,,,,,
20,lat,minmax_mean_ohe,Linear,sqrt,,,,,
20,lat,quantile_median_ord,GradientBoosting_opt,sqrt,,,,,
20,lat,quantile_median_ord,Ridge_opt,yeojohnson,,,,,
20,lat,quantile_median_ord,GradientBoosting_opt,yeojohnson,,,,,
20,lat,power_median_ohe,MLP_opt,log,,,,,
20,lat,power_median_ohe,HistGB_opt,log,,,,,
20,lat,power_median_ohe,GradientBoosting_opt,yeojohnson,,,,,
20,lat,power_median_ohe,MLP_opt,none,,,,,
20,lat,raw_zero_ord,KNN_opt,log,,,,,
20,lat,robust_median_ohe,MLP_opt,yeojohnson,,,,,
20,lat,power_median_ohe,CatBoost_opt,log,,,,,
20,lat,robust_median_ohe,Linear,yeojohnson,,,,,
20,lat,power_median_ohe,Linear,sqrt,,,,,
20,lat,raw_zero_ord,Linear,yeojohnson,,,,,
20,lat,minmax_mean_ohe,MLP_opt,yeojohnson,,,,,
20,lat,std_median_ohe,MLP_opt,yeojohnson,,,,,
20,lat,quantile_median_ord,MLP_opt,sqrt,,,,,
20,lat,quantile_median_ord,MLP_opt,yeojohnson,,,,,
20,lat,raw_zero_ord,MLP_opt,yeojohnson,,,,,
20,lat,power_median_ohe,MLP_opt,sqrt,,,,,
20,lat,power_median_ohe,MLP_opt,yeojohnson,,,,,
20,lat,std_median_ohe,Linear,yeojohnson,,,,,
20,lat,minmax_mean_ohe,Linear,yeojohnson,,,,,
20,lat,power_median_ohe,Linear,none,,,,,
20,lat,quantile_median_ord,Linear,yeojohnson,,,,,
20,lat,power_median_ohe,Linear,yeojohnson,,,,,
21,lng,std_median_ohe,GradientBoosting_opt,none,,,,,
21,lng,std_median_ohe,KNN_opt,log,,,,,
21,lng,std_median_ohe,KNN_opt,boxcox,,,,,
21,lng,robust_median_ohe,GradientBoosting_opt,log,,,,,
21,lng,std_median_ohe,LightGBM_opt,yeojohnson,,,,,
21,lng,robust_median_ohe,SVR_opt,sqrt,,,,,
21,lng,robust_median_ohe,Ridge_opt,yeojohnson,,,,,
21,lng,minmax_mean_ohe,LightGBM_opt,log,,,,,
21,lng,minmax_mean_ohe,RandomForest_opt,boxcox,,,,,
21,lng,power_median_ohe,SVR_opt,sqrt,,,,,
21,lng,raw_zero_ord,SVR_opt,yeojohnson,,,,,
21,lng,raw_zero_ord,CatBoost_opt,sqrt,,,,,
21,lng,std_median_ohe,HistGB_opt,yeojohnson,,,,,
21,lng,robust_median_ohe,CatBoost_opt,sqrt,,,,,
21,lng,std_median_ohe,Ridge_opt,log,,,,,
21,lng,std_median_ohe,CatBoost_opt,log,,,,,
21,lng,std_median_ohe,Ridge_opt,boxcox,,,,,
21,lng,std_median_ohe,HistGB_opt,boxcox,,,,,
21,lng,robust_median_ohe,RandomForest_opt,yeojohnson,,,,,
21,lng,minmax_mean_ohe,HistGB_opt,log,,,,,
21,lng,minmax_mean_ohe,GradientBoosting_opt,boxcox,,,,,
21,lng,quantile_median_ord,RandomForest_opt,log,,,,,
21,lng,quantile_median_ord,SVR_opt,yeojohnson,,,,,
21,lng,power_median_ohe,RandomForest_opt,sqrt,,,,,
21,lng,power_median_ohe,LightGBM_opt,yeojohnson,,,,,
21,lng,raw_zero_ord,CatBoost_opt,log,,,,,
21,lng,raw_zero_ord,RandomForest_opt,yeojohnson,,,,,
21,lng,quantile_median_ord,CatBoost_opt,sqrt,,,,,
21,lng,raw_zero_ord,GradientBoosting_opt,sqrt,,,,,
21,lng,power_median_ohe,GradientBoosting_opt,yeojohnson,,,,,
21,lng,robust_median_ohe,LightGBM_opt,sqrt,,,,,
21,lng,std_median_ohe,KNN_opt,none,,,,,
21,lng,std_median_ohe,SVR_opt,sqrt,,,,,
21,lng,std_median_ohe,GradientBoosting_opt,boxcox,,,,,
21,lng,robust_median_ohe,GradientBoosting_opt,yeojohnson,,,,,
21,lng,minmax_mean_ohe,KNN_opt,boxcox,,,,,
21,lng,quantile_median_ord,GradientBoosting_opt,log,,,,,
21,lng,quantile_median_ord,HistGB_opt,sqrt,,,,,
21,lng,quantile_median_ord,RandomForest_opt,yeojohnson,,,,,
21,lng,raw_zero_ord,GradientBoosting_opt,log,,,,,
21,lng,quantile_median_ord,GradientBoosting_opt,sqrt,,,,,
21,lng,raw_zero_ord,RandomForest_opt,none,,,,,
21,lng,power_median_ohe,CatBoost_opt,none,,,,,
21,lng,minmax_mean_ohe,HistGB_opt,boxcox,,,,,
21,lng,robust_median_ohe,KNN_opt,log,,,,,
21,lng,std_median_ohe,GradientBoosting_opt,log,,,,,
21,lng,std_median_ohe,RandomForest_opt,boxcox,,,,,
21,lng,raw_zero_ord,Linear,boxcox,,,,,
21,lng,std_median_ohe,Ridge_opt,yeojohnson,,,,,
21,lng,robust_median_ohe,HistGB_opt,sqrt,,,,,
21,lng,robust_median_ohe,KNN_opt,yeojohnson,,,,,
21,lng,minmax_mean_ohe,SVR_opt,boxcox,,,,,
21,lng,minmax_mean_ohe,HistGB_opt,yeojohnson,,,,,
21,lng,raw_zero_ord,Linear,log,,,,,
21,lng,power_median_ohe,CatBoost_opt,log,,,,,
21,lng,power_median_ohe,GradientBoosting_opt,none,,,,,
21,lng,raw_zero_ord,LightGBM_opt,none,,,,,
21,lng,quantile_median_ord,Linear,boxcox,,,,,
21,lng,power_median_ohe,LightGBM_opt,boxcox,,,,,
21,lng,quantile_median_ord,CatBoost_opt,boxcox,,,,,
21,lng,power_median_ohe,MLP_opt,boxcox,,,,,
21,lng,raw_zero_ord,GradientBoosting_opt,boxcox,,,,,
21,lng,power_median_ohe,GradientBoosting_opt,log,,,,,
21,lng,std_median_ohe,LightGBM_opt,none,,,,,
21,lng,std_median_ohe,HistGB_opt,log,,,,,
21,lng,std_median_ohe,GradientBoosting_opt,sqrt,,,,,
21,lng,minmax_mean_ohe,Linear,log,,,,,
21,lng,robust_median_ohe,Ridge_opt,none,,,,,
21,lng,robust_median_ohe,SVR_opt,yeojohnson,,,,,
21,lng,minmax_mean_ohe,LightGBM_opt,none,,,,,
21,lng,minmax_mean_ohe,Ridge_opt,sqrt,,,,,
21,lng,quantile_median_ord,LightGBM_opt,log,,,,,
21,lng,raw_zero_ord,MLP_opt,none,,,,,
21,lng,std_median_ohe,Linear,boxcox,,,,,
21,lng,power_median_ohe,KNN_opt,boxcox,,,,,
21,lng,quantile_median_ord,GradientBoosting_opt,boxcox,,,,,
21,lng,minmax_mean_ohe,MLP_opt,log,,,,,
21,lng,std_median_ohe,MLP_opt,sqrt,,,,,
21,lng,robust_median_ohe,RandomForest_opt,none,,,,,
21,lng,std_median_ohe,CatBoost_opt,none,,,,,
21,lng,raw_zero_ord,MLP_opt,sqrt,,,,,
21,lng,std_median_ohe,RandomForest_opt,yeojohnson,,,,,
21,lng,robust_median_ohe,Linear,sqrt,,,,,
21,lng,robust_median_ohe,CatBoost_opt,yeojohnson,,,,,
21,lng,minmax_mean_ohe,CatBoost_opt,none,,,,,
21,lng,minmax_mean_ohe,RandomForest_opt,sqrt,,,,,
21,lng,minmax_mean_ohe,LightGBM_opt,boxcox,,,,,
21,lng,std_median_ohe,Linear,sqrt,,,,,
21,lng,quantile_median_ord,KNN_opt,log,,,,,
21,lng,power_median_ohe,CatBoost_opt,sqrt,,,,,
21,lng,robust_median_ohe,MLP_opt,sqrt,,,,,
21,lng,raw_zero_ord,CatBoost_opt,yeojohnson,,,,,
21,lng,raw_zero_ord,MLP_opt,log,,,,,
21,lng,power_median_ohe,Ridge_opt,boxcox,,,,,
21,lng,quantile_median_ord,Linear,sqrt,,,,,
21,lng,raw_zero_ord,LightGBM_opt,sqrt,,,,,
21,lng,raw_zero_ord,CatBoost_opt,boxcox,,,,,
21,lng,minmax_mean_ohe,SVR_opt,yeojohnson,,,,,
21,lng,robust_median_ohe,GradientBoosting_opt,none,,,,,
21,lng,std_median_ohe,SVR_opt,none,,,,,
21,lng,std_median_ohe,KNN_opt,sqrt,,,,,
21,lng,std_median_ohe,HistGB_opt,sqrt,,,,,
21,lng,std_median_ohe,CatBoost_opt,boxcox,,,,,
21,lng,robust_median_ohe,SVR_opt,log,,,,,
21,lng,robust_median_ohe,Ridge_opt,boxcox,,,,,
21,lng,robust_median_ohe,LightGBM_opt,yeojohnson,,,,,
21,lng,minmax_mean_ohe,SVR_opt,none,,,,,
21,lng,minmax_mean_ohe,GradientBoosting_opt,sqrt,,,,,
21,lng,quantile_median_ord,Ridge_opt,log,,,,,
21,lng,quantile_median_ord,CatBoost_opt,yeojohnson,,,,,
21,lng,power_median_ohe,GradientBoosting_opt,sqrt,,,,,
21,lng,raw_zero_ord,LightGBM_opt,log,,,,,
21,lng,raw_zero_ord,GradientBoosting_opt,yeojohnson,,,,,
21,lng,quantile_median_ord,LightGBM_opt,sqrt,,,,,
21,lng,raw_zero_ord,KNN_opt,sqrt,,,,,
21,lng,power_median_ohe,KNN_opt,yeojohnson,,,,,
21,lng,robust_median_ohe,CatBoost_opt,log,,,,,
21,lng,std_median_ohe,RandomForest_opt,sqrt,,,,,
21,lng,std_median_ohe,SVR_opt,boxcox,,,,,
21,lng,std_median_ohe,MLP_opt,boxcox,,,,,
21,lng,robust_median_ohe,LightGBM_opt,log,,,,,
21,lng,robust_median_ohe,RandomForest_opt,boxcox,,,,,
21,lng,robust_median_ohe,HistGB_opt,yeojohnson,,,,,
21,lng,minmax_mean_ohe,KNN_opt,sqrt,,,,,
21,lng,minmax_mean_ohe,Linear,boxcox,,,,,
21,lng,quantile_median_ord,RandomForest_opt,none,,,,,
21,lng,quantile_median_ord,GradientBoosting_opt,yeojohnson,,,,,
21,lng,quantile_median_ord,MLP_opt,log,,,,,
21,lng,raw_zero_ord,KNN_opt,log,,,,,
21,lng,raw_zero_ord,MLP_opt,boxcox,,,,,
21,lng,quantile_median_ord,KNN_opt,sqrt,,,,,
21,lng,quantile_median_ord,MLP_opt,sqrt,,,,,
21,lng,raw_zero_ord,GradientBoosting_opt,none,,,,,
21,lng,raw_zero_ord,Ridge_opt,sqrt,,,,,
21,lng,power_median_ohe,LightGBM_opt,none,,,,,
21,lng,raw_zero_ord,Ridge_opt,log,,,,,
21,lng,power_median_ohe,Ridge_opt,yeojohnson,,,,,
21,lng,quantile_median_ord,MLP_opt,boxcox,,,,,
21,lng,std_median_ohe,Linear,none,,,,,
21,lng,robust_median_ohe,HistGB_opt,none,,,,,
21,lng,robust_median_ohe,HistGB_opt,log,,,,,
21,lng,robust_median_ohe,KNN_opt,none,,,,,
21,lng,robust_median_ohe,GradientBoosting_opt,boxcox,,,,,
21,lng,power_median_ohe,Linear,log,,,,,
21,lng,minmax_mean_ohe,SVR_opt,sqrt,,,,,
21,lng,minmax_mean_ohe,MLP_opt,boxcox,,,,,
21,lng,quantile_median_ord,GradientBoosting_opt,none,,,,,
21,lng,quantile_median_ord,Linear,none,,,,,
21,lng,power_median_ohe,LightGBM_opt,log,,,,,
21,lng,quantile_median_ord,Ridge_opt,sqrt,,,,,
21,lng,quantile_median_ord,LightGBM_opt,yeojohnson,,,,,
21,lng,power_median_ohe,CatBoost_opt,yeojohnson,,,,,
21,lng,power_median_ohe,KNN_opt,none,,,,,
21,lng,minmax_mean_ohe,CatBoost_opt,boxcox,,,,,
21,lng,raw_zero_ord,HistGB_opt,none,,,,,
21,lng,power_median_ohe,HistGB_opt,boxcox,,,,,
21,lng,quantile_median_ord,LightGBM_opt,boxcox,,,,,
21,lng,raw_zero_ord,KNN_opt,boxcox,,,,,
21,lng,power_median_ohe,KNN_opt,log,,,,,
21,lng,robust_median_ohe,SVR_opt,none,,,,,
21,lng,power_median_ohe,Linear,sqrt,,,,,
21,lng,std_median_ohe,Ridge_opt,sqrt,,,,,
21,lng,std_median_ohe,LightGBM_opt,sqrt,,,,,
21,lng,std_median_ohe,KNN_opt,yeojohnson,,,,,
21,lng,robust_median_ohe,KNN_opt,boxcox,,,,,
21,lng,robust_median_ohe,Linear,log,,,,,
21,lng,minmax_mean_ohe,MLP_opt,none,,,,,
21,lng,minmax_mean_ohe,CatBoost_opt,sqrt,,,,,
21,lng,minmax_mean_ohe,Ridge_opt,yeojohnson,,,,,
21,lng,quantile_median_ord,KNN_opt,none,,,,,
21,lng,quantile_median_ord,HistGB_opt,log,,,,,
21,lng,quantile_median_ord,Linear,log,,,,,
21,lng,power_median_ohe,MLP_opt,log,,,,,
21,lng,power_median_ohe,Ridge_opt,none,,,,,
21,lng,raw_zero_ord,SVR_opt,none,,,,,
21,lng,power_median_ohe,SVR_opt,boxcox,,,,,
21,lng,quantile_median_ord,KNN_opt,boxcox,,,,,
21,lng,raw_zero_ord,Ridge_opt,boxcox,,,,,
21,lng,power_median_ohe,Ridge_opt,log,,,,,
21,lng,robust_median_ohe,CatBoost_opt,none,,,,,
21,lng,std_median_ohe,HistGB_opt,none,,,,,
21,lng,std_median_ohe,LightGBM_opt,boxcox,,,,,
21,lng,std_median_ohe,MLP_opt,yeojohnson,,,,,
21,lng,robust_median_ohe,SVR_opt,boxcox,,,,,
21,lng,minmax_mean_ohe,Ridge_opt,none,,,,,
21,lng,minmax_mean_ohe,Ridge_opt,log,,,,,
21,lng,minmax_mean_ohe,LightGBM_opt,sqrt,,,,,
21,lng,minmax_mean_ohe,RandomForest_opt,yeojohnson,,,,,
21,lng,quantile_median_ord,Ridge_opt,none,,,,,
21,lng,quantile_median_ord,SVR_opt,log,,,,,
21,lng,raw_zero_ord,LightGBM_opt,yeojohnson,,,,,
21,lng,power_median_ohe,LightGBM_opt,sqrt,,,,,
21,lng,power_median_ohe,RandomForest_opt,boxcox,,,,,
21,lng,quantile_median_ord,Ridge_opt,boxcox,,,,,
21,lng,raw_zero_ord,HistGB_opt,sqrt,,,,,
21,lng,robust_median_ohe,LightGBM_opt,none,,,,,
21,lng,std_median_ohe,RandomForest_opt,none,,,,,
21,lng,std_median_ohe,CatBoost_opt,yeojohnson,,,,,
21,lng,robust_median_ohe,Ridge_opt,sqrt,,,,,
21,lng,robust_median_ohe,CatBoost_opt,boxcox,,,,,
21,lng,minmax_mean_ohe,RandomForest_opt,none,,,,,
21,lng,robust_median_ohe,MLP_opt,log,,,,,
21,lng,minmax_mean_ohe,RandomForest_opt,log,,,,,
21,lng,minmax_mean_ohe,HistGB_opt,sqrt,,,,,
21,lng,minmax_mean_ohe,GradientBoosting_opt,yeojohnson,,,,,
21,lng,quantile_median_ord,CatBoost_opt,none,,,,,
21,lng,power_median_ohe,KNN_opt,sqrt,,,,,
21,lng,power_median_ohe,HistGB_opt,yeojohnson,,,,,
21,lng,raw_zero_ord,KNN_opt,yeojohnson,,,,,
21,lng,raw_zero_ord,HistGB_opt,log,,,,,
21,lng,raw_zero_ord,SVR_opt,sqrt,,,,,
21,lng,power_median_ohe,SVR_opt,yeojohnson,,,,,
21,lng,std_median_ohe,RandomForest_opt,log,,,,,
21,lng,std_median_ohe,LightGBM_opt,log,,,,,
21,lng,robust_median_ohe,RandomForest_opt,sqrt,,,,,
21,lng,robust_median_ohe,LightGBM_opt,boxcox,,,,,
21,lng,minmax_mean_ohe,GradientBoosting_opt,none,,,,,
21,lng,minmax_mean_ohe,GradientBoosting_opt,log,,,,,
21,lng,minmax_mean_ohe,Linear,sqrt,,,,,
21,lng,minmax_mean_ohe,KNN_opt,yeojohnson,,,,,
21,lng,quantile_median_ord,LightGBM_opt,none,,,,,
21,lng,quantile_median_ord,KNN_opt,yeojohnson,,,,,
21,lng,power_median_ohe,Ridge_opt,sqrt,,,,,
21,lng,raw_zero_ord,SVR_opt,log,,,,,
21,lng,raw_zero_ord,Ridge_opt,yeojohnson,,,,,
21,lng,quantile_median_ord,SVR_opt,sqrt,,,,,
21,lng,raw_zero_ord,KNN_opt,none,,,,,
21,lng,raw_zero_ord,RandomForest_opt,sqrt,,,,,
21,lng,power_median_ohe,HistGB_opt,none,,,,,
21,lng,raw_zero_ord,RandomForest_opt,log,,,,,
21,lng,power_median_ohe,RandomForest_opt,yeojohnson,,,,,
21,lng,power_median_ohe,MLP_opt,none,,,,,
21,lng,std_median_ohe,Ridge_opt,none,,,,,
21,lng,minmax_mean_ohe,MLP_opt,yeojohnson,,,,,
21,lng,std_median_ohe,SVR_opt,yeojohnson,,,,,
21,lng,robust_median_ohe,GradientBoosting_opt,sqrt,,,,,
21,lng,robust_median_ohe,HistGB_opt,boxcox,,,,,
21,lng,minmax_mean_ohe,KNN_opt,none,,,,,
21,lng,minmax_mean_ohe,HistGB_opt,none,,,,,
21,lng,minmax_mean_ohe,KNN_opt,log,,,,,
21,lng,minmax_mean_ohe,MLP_opt,sqrt,,,,,
21,lng,power_median_ohe,HistGB_opt,log,,,,,
21,lng,raw_zero_ord,HistGB_opt,boxcox,,,,,
21,lng,quantile_median_ord,RandomForest_opt,sqrt,,,,,
21,lng,quantile_median_ord,HistGB_opt,yeojohnson,,,,,
21,lng,std_median_ohe,MLP_opt,log,,,,,
21,lng,quantile_median_ord,HistGB_opt,none,,,,,
21,lng,raw_zero_ord,Ridge_opt,none,,,,,
21,lng,power_median_ohe,SVR_opt,none,,,,,
21,lng,power_median_ohe,Linear,boxcox,,,,,
21,lng,quantile_median_ord,HistGB_opt,boxcox,,,,,
21,lng,raw_zero_ord,SVR_opt,boxcox,,,,,
21,lng,robust_median_ohe,Ridge_opt,log,,,,,
21,lng,robust_median_ohe,MLP_opt,none,,,,,
21,lng,std_median_ohe,CatBoost_opt,sqrt,,,,,
21,lng,std_median_ohe,GradientBoosting_opt,yeojohnson,,,,,
21,lng,robust_median_ohe,KNN_opt,sqrt,,,,,
21,lng,robust_median_ohe,Linear,boxcox,,,,,
21,lng,std_median_ohe,Linear,log,,,,,
21,lng,minmax_mean_ohe,SVR_opt,log,,,,,
21,lng,minmax_mean_ohe,Ridge_opt,boxcox,,,,,
21,lng,minmax_mean_ohe,CatBoost_opt,yeojohnson,,,,,
21,lng,quantile_median_ord,SVR_opt,none,,,,,
21,lng,power_median_ohe,RandomForest_opt,none,,,,,
21,lng,raw_zero_ord,CatBoost_opt,none,,,,,
21,lng,power_median_ohe,CatBoost_opt,boxcox,,,,,
21,lng,quantile_median_ord,SVR_opt,boxcox,,,,,
21,lng,raw_zero_ord,RandomForest_opt,boxcox,,,,,
21,lng,power_median_ohe,RandomForest_opt,log,,,,,
21,lng,raw_zero_ord,LightGBM_opt,boxcox,,,,,
21,lng,robust_median_ohe,RandomForest_opt,log,,,,,
21,lng,std_median_ohe,MLP_opt,none,,,,,
21,lng,std_median_ohe,SVR_opt,log,,,,,
21,lng,robust_median_ohe,MLP_opt,boxcox,,,,,
21,lng,minmax_mean_ohe,CatBoost_opt,log,,,,,
21,lng,minmax_mean_ohe,LightGBM_opt,yeojohnson,,,,,
21,lng,raw_zero_ord,Linear,none,,,,,
21,lng,quantile_median_ord,CatBoost_opt,log,,,,,
21,lng,quantile_median_ord,Ridge_opt,yeojohnson,,,,,
21,lng,power_median_ohe,SVR_opt,log,,,,,
21,lng,raw_zero_ord,HistGB_opt,yeojohnson,,,,,
21,lng,power_median_ohe,HistGB_opt,sqrt,,,,,
21,lng,power_median_ohe,GradientBoosting_opt,boxcox,,,,,
21,lng,quantile_median_ord,RandomForest_opt,boxcox,,,,,
21,lng,raw_zero_ord,Linear,sqrt,,,,,
21,lng,minmax_mean_ohe,Linear,none,,,,,
21,lng,robust_median_ohe,Linear,none,,,,,
21,lng,quantile_median_ord,MLP_opt,none,,,,,
21,lng,quantile_median_ord,MLP_opt,yeojohnson,,,,,
21,lng,power_median_ohe,MLP_opt,sqrt,,,,,
21,lng,robust_median_ohe,MLP_opt,yeojohnson,,,,,
21,lng,raw_zero_ord,MLP_opt,yeojohnson,,,,,
21,lng,power_median_ohe,MLP_opt,yeojohnson,,,,,
21,lng,minmax_mean_ohe,Linear,yeojohnson,,,,,
21,lng,power_median_ohe,Linear,none,,,,,
21,lng,std_median_ohe,Linear,yeojohnson,,,,,
21,lng,raw_zero_ord,Linear,yeojohnson,,,,,
21,lng,robust_median_ohe,Linear,yeojohnson,,,,,
21,lng,quantile_median_ord,Linear,yeojohnson,,,,,
21,lng,power_median_ohe,Linear,yeojohnson,,,,,
22,tipo_imovel,raw_zero_ord,GradientBoosting_opt,log,,,,,
22,tipo_imovel,quantile_median_ord,LightGBM_opt,boxcox,,,,,
22,tipo_imovel,std_median_ohe,CatBoost_opt,log,,,,,
22,tipo_imovel,std_median_ohe,HistGB_opt,boxcox,,,,,
22,tipo_imovel,robust_median_ohe,HistGB_opt,log,,,,,
22,tipo_imovel,std_median_ohe,CatBoost_opt,yeojohnson,,,,,
22,tipo_imovel,robust_median_ohe,KNN_opt,boxcox,,,,,
22,tipo_imovel,robust_median_ohe,CatBoost_opt,yeojohnson,,,,,
22,tipo_imovel,minmax_mean_ohe,Ridge_opt,log,,,,,
22,tipo_imovel,power_median_ohe,GradientBoosting_opt,yeojohnson,,,,,
22,tipo_imovel,power_median_ohe,GradientBoosting_opt,none,,,,,
22,tipo_imovel,raw_zero_ord,KNN_opt,sqrt,,,,,
22,tipo_imovel,quantile_median_ord,SVR_opt,none,,,,,
22,tipo_imovel,raw_zero_ord,KNN_opt,yeojohnson,,,,,
22,tipo_imovel,raw_zero_ord,SVR_opt,boxcox,,,,,
22,tipo_imovel,quantile_median_ord,KNN_opt,boxcox,,,,,
22,tipo_imovel,raw_zero_ord,SVR_opt,none,,,,,
22,tipo_imovel,robust_median_ohe,LightGBM_opt,log,,,,,
22,tipo_imovel,robust_median_ohe,CatBoost_opt,none,,,,,
22,tipo_imovel,robust_median_ohe,LightGBM_opt,sqrt,,,,,
22,tipo_imovel,std_median_ohe,LightGBM_opt,none,,,,,
22,tipo_imovel,std_median_ohe,Ridge_opt,boxcox,,,,,
22,tipo_imovel,std_median_ohe,RandomForest_opt,boxcox,,,,,
22,tipo_imovel,robust_median_ohe,CatBoost_opt,log,,,,,
22,tipo_imovel,robust_median_ohe,HistGB_opt,boxcox,,,,,
22,tipo_imovel,robust_median_ohe,LightGBM_opt,yeojohnson,,,,,
22,tipo_imovel,minmax_mean_ohe,RandomForest_opt,log,,,,,
22,tipo_imovel,minmax_mean_ohe,HistGB_opt,sqrt,,,,,
22,tipo_imovel,raw_zero_ord,Ridge_opt,sqrt,,,,,
22,tipo_imovel,power_median_ohe,LightGBM_opt,none,,,,,
22,tipo_imovel,raw_zero_ord,RandomForest_opt,boxcox,,,,,
22,tipo_imovel,raw_zero_ord,RandomForest_opt,none,,,,,
22,tipo_imovel,power_median_ohe,LightGBM_opt,boxcox,,,,,
22,tipo_imovel,quantile_median_ord,HistGB_opt,log,,,,,
22,tipo_imovel,std_median_ohe,LightGBM_opt,sqrt,,,,,
22,tipo_imovel,robust_median_ohe,CatBoost_opt,sqrt,,,,,
22,tipo_imovel,std_median_ohe,CatBoost_opt,boxcox,,,,,
22,tipo_imovel,robust_median_ohe,SVR_opt,boxcox,,,,,
22,tipo_imovel,robust_median_ohe,HistGB_opt,yeojohnson,,,,,
22,tipo_imovel,minmax_mean_ohe,GradientBoosting_opt,log,,,,,
22,tipo_imovel,minmax_mean_ohe,RandomForest_opt,boxcox,,,,,
22,tipo_imovel,quantile_median_ord,LightGBM_opt,yeojohnson,,,,,
22,tipo_imovel,raw_zero_ord,HistGB_opt,none,,,,,
22,tipo_imovel,raw_zero_ord,HistGB_opt,log,,,,,
22,tipo_imovel,power_median_ohe,RandomForest_opt,sqrt,,,,,
22,tipo_imovel,power_median_ohe,KNN_opt,none,,,,,
22,tipo_imovel,power_median_ohe,KNN_opt,boxcox,,,,,
22,tipo_imovel,quantile_median_ord,SVR_opt,log,,,,,
22,tipo_imovel,robust_median_ohe,SVR_opt,sqrt,,,,,
22,tipo_imovel,robust_median_ohe,Ridge_opt,none,,,,,
22,tipo_imovel,robust_median_ohe,LightGBM_opt,boxcox,,,,,
22,tipo_imovel,minmax_mean_ohe,KNN_opt,log,,,,,
22,tipo_imovel,minmax_mean_ohe,GradientBoosting_opt,boxcox,,,,,
22,tipo_imovel,quantile_median_ord,HistGB_opt,none,,,,,
22,tipo_imovel,quantile_median_ord,KNN_opt,sqrt,,,,,
22,tipo_imovel,quantile_median_ord,KNN_opt,yeojohnson,,,,,
22,tipo_imovel,quantile_median_ord,Ridge_opt,boxcox,,,,,
22,tipo_imovel,quantile_median_ord,GradientBoosting_opt,none,,,,,
22,tipo_imovel,raw_zero_ord,SVR_opt,log,,,,,
22,tipo_imovel,raw_zero_ord,CatBoost_opt,sqrt,,,,,
22,tipo_imovel,power_median_ohe,Ridge_opt,boxcox,,,,,
22,tipo_imovel,quantile_median_ord,RandomForest_opt,log,,,,,
22,tipo_imovel,std_median_ohe,CatBoost_opt,none,,,,,
22,tipo_imovel,std_median_ohe,MLP_opt,boxcox,,,,,
22,tipo_imovel,std_median_ohe,LightGBM_opt,log,,,,,
22,tipo_imovel,robust_median_ohe,Ridge_opt,log,,,,,
22,tipo_imovel,robust_median_ohe,KNN_opt,sqrt,,,,,
22,tipo_imovel,robust_median_ohe,GradientBoosting_opt,log,,,,,
22,tipo_imovel,minmax_mean_ohe,Linear,sqrt,,,,,
22,tipo_imovel,raw_zero_ord,Linear,sqrt,,,,,
22,tipo_imovel,minmax_mean_ohe,SVR_opt,log,,,,,
22,tipo_imovel,quantile_median_ord,HistGB_opt,sqrt,,,,,
22,tipo_imovel,std_median_ohe,MLP_opt,log,,,,,
22,tipo_imovel,quantile_median_ord,Ridge_opt,yeojohnson,,,,,
22,tipo_imovel,power_median_ohe,CatBoost_opt,log,,,,,
22,tipo_imovel,std_median_ohe,Linear,log,,,,,
22,tipo_imovel,std_median_ohe,MLP_opt,sqrt,,,,,
22,tipo_imovel,power_median_ohe,LightGBM_opt,yeojohnson,,,,,
22,tipo_imovel,std_median_ohe,Linear,sqrt,,,,,
22,tipo_imovel,power_median_ohe,HistGB_opt,sqrt,,,,,
22,tipo_imovel,raw_zero_ord,Linear,boxcox,,,,,
22,tipo_imovel,robust_median_ohe,RandomForest_opt,none,,,,,
22,tipo_imovel,robust_median_ohe,KNN_opt,none,,,,,
22,tipo_imovel,robust_median_ohe,GradientBoosting_opt,sqrt,,,,,
22,tipo_imovel,minmax_mean_ohe,Ridge_opt,none,,,,,
22,tipo_imovel,robust_median_ohe,MLP_opt,log,,,,,
22,tipo_imovel,minmax_mean_ohe,CatBoost_opt,log,,,,,
22,tipo_imovel,minmax_mean_ohe,SVR_opt,boxcox,,,,,
22,tipo_imovel,minmax_mean_ohe,SVR_opt,yeojohnson,,,,,
22,tipo_imovel,quantile_median_ord,SVR_opt,sqrt,,,,,
22,tipo_imovel,quantile_median_ord,CatBoost_opt,sqrt,,,,,
22,tipo_imovel,power_median_ohe,KNN_opt,yeojohnson,,,,,
22,tipo_imovel,raw_zero_ord,Ridge_opt,yeojohnson,,,,,
22,tipo_imovel,raw_zero_ord,MLP_opt,none,,,,,
22,tipo_imovel,quantile_median_ord,CatBoost_opt,none,,,,,
22,tipo_imovel,power_median_ohe,SVR_opt,sqrt,,,,,
22,tipo_imovel,power_median_ohe,Ridge_opt,log,,,,,
22,tipo_imovel,raw_zero_ord,CatBoost_opt,boxcox,,,,,
22,tipo_imovel,quantile_median_ord,SVR_opt,boxcox,,,,,
22,tipo_imovel,raw_zero_ord,CatBoost_opt,none,,,,,
22,tipo_imovel,robust_median_ohe,RandomForest_opt,log,,,,,
22,tipo_imovel,std_median_ohe,GradientBoosting_opt,none,,,,,
22,tipo_imovel,robust_median_ohe,MLP_opt,none,,,,,
22,tipo_imovel,std_median_ohe,SVR_opt,log,,,,,
22,tipo_imovel,std_median_ohe,HistGB_opt,sqrt,,,,,
22,tipo_imovel,minmax_mean_ohe,MLP_opt,sqrt,,,,,
22,tipo_imovel,minmax_mean_ohe,RandomForest_opt,none,,,,,
22,tipo_imovel,minmax_mean_ohe,LightGBM_opt,log,,,,,
22,tipo_imovel,minmax_mean_ohe,CatBoost_opt,boxcox,,,,,
22,tipo_imovel,minmax_mean_ohe,CatBoost_opt,yeojohnson,,,,,
22,tipo_imovel,quantile_median_ord,RandomForest_opt,sqrt,,,,,
22,tipo_imovel,power_median_ohe,Ridge_opt,none,,,,,
22,tipo_imovel,raw_zero_ord,RandomForest_opt,sqrt,,,,,
22,tipo_imovel,power_median_ohe,HistGB_opt,none,,,,,
22,tipo_imovel,robust_median_ohe,Linear,boxcox,,,,,
22,tipo_imovel,raw_zero_ord,RandomForest_opt,log,,,,,
22,tipo_imovel,quantile_median_ord,RandomForest_opt,boxcox,,,,,
22,tipo_imovel,raw_zero_ord,GradientBoosting_opt,none,,,,,
22,tipo_imovel,raw_zero_ord,GradientBoosting_opt,boxcox,,,,,
22,tipo_imovel,power_median_ohe,HistGB_opt,boxcox,,,,,
22,tipo_imovel,std_median_ohe,KNN_opt,yeojohnson,,,,,
22,tipo_imovel,std_median_ohe,RandomForest_opt,log,,,,,
22,tipo_imovel,std_median_ohe,GradientBoosting_opt,sqrt,,,,,
22,tipo_imovel,std_median_ohe,SVR_opt,sqrt,,,,,
22,tipo_imovel,robust_median_ohe,Ridge_opt,sqrt,,,,,
22,tipo_imovel,robust_median_ohe,RandomForest_opt,boxcox,,,,,
22,tipo_imovel,minmax_mean_ohe,GradientBoosting_opt,none,,,,,
22,tipo_imovel,minmax_mean_ohe,HistGB_opt,log,,,,,
22,tipo_imovel,minmax_mean_ohe,LightGBM_opt,boxcox,,,,,
22,tipo_imovel,minmax_mean_ohe,LightGBM_opt,yeojohnson,,,,,
22,tipo_imovel,quantile_median_ord,HistGB_opt,yeojohnson,,,,,
22,tipo_imovel,power_median_ohe,Ridge_opt,yeojohnson,,,,,
22,tipo_imovel,power_median_ohe,GradientBoosting_opt,sqrt,,,,,
22,tipo_imovel,raw_zero_ord,GradientBoosting_opt,yeojohnson,,,,,
22,tipo_imovel,power_median_ohe,SVR_opt,none,,,,,
22,tipo_imovel,quantile_median_ord,Ridge_opt,sqrt,,,,,
22,tipo_imovel,raw_zero_ord,KNN_opt,log,,,,,
22,tipo_imovel,std_median_ohe,MLP_opt,none,,,,,
22,tipo_imovel,power_median_ohe,SVR_opt,boxcox,,,,,
22,tipo_imovel,quantile_median_ord,CatBoost_opt,log,,,,,
22,tipo_imovel,std_median_ohe,HistGB_opt,none,,,,,
22,tipo_imovel,std_median_ohe,SVR_opt,boxcox,,,,,
22,tipo_imovel,robust_median_ohe,LightGBM_opt,none,,,,,
22,tipo_imovel,robust_median_ohe,GradientBoosting_opt,boxcox,,,,,
22,tipo_imovel,robust_median_ohe,KNN_opt,yeojohnson,,,,,
22,tipo_imovel,minmax_mean_ohe,KNN_opt,none,,,,,
22,tipo_imovel,raw_zero_ord,Linear,log,,,,,
22,tipo_imovel,minmax_mean_ohe,HistGB_opt,boxcox,,,,,
22,tipo_imovel,minmax_mean_ohe,HistGB_opt,yeojohnson,,,,,
22,tipo_imovel,quantile_median_ord,GradientBoosting_opt,log,,,,,
22,tipo_imovel,quantile_median_ord,SVR_opt,yeojohnson,,,,,
22,tipo_imovel,raw_zero_ord,MLP_opt,sqrt,,,,,
22,tipo_imovel,raw_zero_ord,Ridge_opt,none,,,,,
22,tipo_imovel,raw_zero_ord,CatBoost_opt,log,,,,,
22,tipo_imovel,raw_zero_ord,CatBoost_opt,yeojohnson,,,,,
22,tipo_imovel,raw_zero_ord,LightGBM_opt,sqrt,,,,,
22,tipo_imovel,power_median_ohe,RandomForest_opt,boxcox,,,,,
22,tipo_imovel,std_median_ohe,LightGBM_opt,yeojohnson,,,,,
22,tipo_imovel,robust_median_ohe,RandomForest_opt,sqrt,,,,,
22,tipo_imovel,std_median_ohe,Ridge_opt,none,,,,,
22,tipo_imovel,std_median_ohe,KNN_opt,log,,,,,
22,tipo_imovel,std_median_ohe,RandomForest_opt,yeojohnson,,,,,
22,tipo_imovel,robust_median_ohe,SVR_opt,yeojohnson,,,,,
22,tipo_imovel,minmax_mean_ohe,SVR_opt,none,,,,,
22,tipo_imovel,minmax_mean_ohe,Linear,log,,,,,
22,tipo_imovel,minmax_mean_ohe,Linear,boxcox,,,,,
22,tipo_imovel,minmax_mean_ohe,MLP_opt,log,,,,,
22,tipo_imovel,robust_median_ohe,Linear,none,,,,,
22,tipo_imovel,quantile_median_ord,RandomForest_opt,yeojohnson,,,,,
22,tipo_imovel,power_median_ohe,LightGBM_opt,log,,,,,
22,tipo_imovel,power_median_ohe,HistGB_opt,yeojohnson,,,,,
22,tipo_imovel,quantile_median_ord,MLP_opt,none,,,,,
22,tipo_imovel,minmax_mean_ohe,KNN_opt,boxcox,,,,,
22,tipo_imovel,quantile_median_ord,Linear,sqrt,,,,,
22,tipo_imovel,raw_zero_ord,HistGB_opt,boxcox,,,,,
22,tipo_imovel,raw_zero_ord,SVR_opt,yeojohnson,,,,,
22,tipo_imovel,std_median_ohe,HistGB_opt,yeojohnson,,,,,
22,tipo_imovel,std_median_ohe,SVR_opt,none,,,,,
22,tipo_imovel,std_median_ohe,GradientBoosting_opt,log,,,,,
22,tipo_imovel,std_median_ohe,Ridge_opt,sqrt,,,,,
22,tipo_imovel,std_median_ohe,Linear,boxcox,,,,,
22,tipo_imovel,robust_median_ohe,CatBoost_opt,boxcox,,,,,
22,tipo_imovel,robust_median_ohe,Ridge_opt,yeojohnson,,,,,
22,tipo_imovel,minmax_mean_ohe,CatBoost_opt,none,,,,,
22,tipo_imovel,minmax_mean_ohe,Ridge_opt,sqrt,,,,,
22,tipo_imovel,minmax_mean_ohe,MLP_opt,boxcox,,,,,
22,tipo_imovel,quantile_median_ord,Linear,boxcox,,,,,
22,tipo_imovel,power_median_ohe,KNN_opt,log,,,,,
22,tipo_imovel,power_median_ohe,SVR_opt,yeojohnson,,,,,
22,tipo_imovel,minmax_mean_ohe,Ridge_opt,boxcox,,,,,
22,tipo_imovel,quantile_median_ord,LightGBM_opt,none,,,,,
22,tipo_imovel,power_median_ohe,CatBoost_opt,sqrt,,,,,
22,tipo_imovel,power_median_ohe,RandomForest_opt,log,,,,,
22,tipo_imovel,raw_zero_ord,LightGBM_opt,boxcox,,,,,
22,tipo_imovel,quantile_median_ord,CatBoost_opt,boxcox,,,,,
22,tipo_imovel,raw_zero_ord,LightGBM_opt,none,,,,,
22,tipo_imovel,robust_median_ohe,HistGB_opt,none,,,,,
22,tipo_imovel,std_median_ohe,RandomForest_opt,none,,,,,
22,tipo_imovel,std_median_ohe,HistGB_opt,log,,,,,
22,tipo_imovel,std_median_ohe,RandomForest_opt,sqrt,,,,,
22,tipo_imovel,robust_median_ohe,MLP_opt,sqrt,,,,,
22,tipo_imovel,robust_median_ohe,GradientBoosting_opt,yeojohnson,,,,,
22,tipo_imovel,minmax_mean_ohe,LightGBM_opt,none,,,,,
22,tipo_imovel,minmax_mean_ohe,RandomForest_opt,sqrt,,,,,
22,tipo_imovel,minmax_mean_ohe,Ridge_opt,yeojohnson,,,,,
22,tipo_imovel,quantile_median_ord,Ridge_opt,none,,,,,
22,tipo_imovel,quantile_median_ord,GradientBoosting_opt,sqrt,,,,,
22,tipo_imovel,power_median_ohe,RandomForest_opt,yeojohnson,,,,,
22,tipo_imovel,raw_zero_ord,Linear,none,,,,,
22,tipo_imovel,power_median_ohe,RandomForest_opt,none,,,,,
22,tipo_imovel,raw_zero_ord,GradientBoosting_opt,sqrt,,,,,
22,tipo_imovel,power_median_ohe,Linear,log,,,,,
22,tipo_imovel,raw_zero_ord,KNN_opt,boxcox,,,,,
22,tipo_imovel,quantile_median_ord,GradientBoosting_opt,boxcox,,,,,
22,tipo_imovel,raw_zero_ord,KNN_opt,none,,,,,
22,tipo_imovel,power_median_ohe,Linear,boxcox,,,,,
22,tipo_imovel,robust_median_ohe,SVR_opt,none,,,,,
22,tipo_imovel,std_median_ohe,GradientBoosting_opt,boxcox,,,,,
22,tipo_imovel,std_median_ohe,Ridge_opt,yeojohnson,,,,,
22,tipo_imovel,robust_median_ohe,SVR_opt,log,,,,,
22,tipo_imovel,robust_median_ohe,Ridge_opt,boxcox,,,,,
22,tipo_imovel,robust_median_ohe,RandomForest_opt,yeojohnson,,,,,
22,tipo_imovel,minmax_mean_ohe,HistGB_opt,none,,,,,
22,tipo_imovel,minmax_mean_ohe,GradientBoosting_opt,sqrt,,,,,
22,tipo_imovel,minmax_mean_ohe,LightGBM_opt,sqrt,,,,,
22,tipo_imovel,minmax_mean_ohe,RandomForest_opt,yeojohnson,,,,,
22,tipo_imovel,quantile_median_ord,Linear,none,,,,,
22,tipo_imovel,raw_zero_ord,MLP_opt,log,,,,,
22,tipo_imovel,power_median_ohe,KNN_opt,sqrt,,,,,
22,tipo_imovel,power_median_ohe,CatBoost_opt,none,,,,,
22,tipo_imovel,raw_zero_ord,MLP_opt,boxcox,,,,,
22,tipo_imovel,raw_zero_ord,Ridge_opt,boxcox,,,,,
22,tipo_imovel,power_median_ohe,CatBoost_opt,boxcox,,,,,
22,tipo_imovel,quantile_median_ord,LightGBM_opt,log,,,,,
22,tipo_imovel,std_median_ohe,SVR_opt,yeojohnson,,,,,
22,tipo_imovel,std_median_ohe,KNN_opt,none,,,,,
22,tipo_imovel,std_median_ohe,Ridge_opt,log,,,,,
22,tipo_imovel,std_median_ohe,KNN_opt,sqrt,,,,,
22,tipo_imovel,std_median_ohe,KNN_opt,boxcox,,,,,
22,tipo_imovel,power_median_ohe,MLP_opt,log,,,,,
22,tipo_imovel,robust_median_ohe,MLP_opt,boxcox,,,,,
22,tipo_imovel,robust_median_ohe,Linear,log,,,,,
22,tipo_imovel,minmax_mean_ohe,KNN_opt,sqrt,,,,,
22,tipo_imovel,minmax_mean_ohe,GradientBoosting_opt,yeojohnson,,,,,
22,tipo_imovel,quantile_median_ord,CatBoost_opt,yeojohnson,,,,,
22,tipo_imovel,raw_zero_ord,LightGBM_opt,log,,,,,
22,tipo_imovel,power_median_ohe,Ridge_opt,sqrt,,,,,
22,tipo_imovel,raw_zero_ord,LightGBM_opt,yeojohnson,,,,,
22,tipo_imovel,raw_zero_ord,HistGB_opt,sqrt,,,,,
22,tipo_imovel,power_median_ohe,GradientBoosting_opt,boxcox,,,,,
22,tipo_imovel,quantile_median_ord,KNN_opt,log,,,,,
22,tipo_imovel,robust_median_ohe,GradientBoosting_opt,none,,,,,
22,tipo_imovel,std_median_ohe,MLP_opt,yeojohnson,,,,,
22,tipo_imovel,std_median_ohe,CatBoost_opt,sqrt,,,,,
22,tipo_imovel,robust_median_ohe,KNN_opt,log,,,,,
22,tipo_imovel,minmax_mean_ohe,Linear,none,,,,,
22,tipo_imovel,minmax_mean_ohe,MLP_opt,none,,,,,
22,tipo_imovel,minmax_mean_ohe,SVR_opt,sqrt,,,,,
22,tipo_imovel,minmax_mean_ohe,KNN_opt,yeojohnson,,,,,
22,tipo_imovel,quantile_median_ord,KNN_opt,none,,,,,
22,tipo_imovel,power_median_ohe,MLP_opt,none,,,,,
22,tipo_imovel,std_median_ohe,Linear,none,,,,,
22,tipo_imovel,robust_median_ohe,Linear,sqrt,,,,,
22,tipo_imovel,quantile_median_ord,GradientBoosting_opt,yeojohnson,,,,,
22,tipo_imovel,power_median_ohe,HistGB_opt,log,,,,,
22,tipo_imovel,quantile_median_ord,RandomForest_opt,none,,,,,
22,tipo_imovel,raw_zero_ord,RandomForest_opt,yeojohnson,,,,,
22,tipo_imovel,raw_zero_ord,HistGB_opt,yeojohnson,,,,,
22,tipo_imovel,raw_zero_ord,SVR_opt,sqrt,,,,,
22,tipo_imovel,robust_median_ohe,MLP_opt,yeojohnson,,,,,
22,tipo_imovel,quantile_median_ord,Ridge_opt,log,,,,,
22,tipo_imovel,std_median_ohe,LightGBM_opt,boxcox,,,,,
22,tipo_imovel,std_median_ohe,GradientBoosting_opt,yeojohnson,,,,,
22,tipo_imovel,robust_median_ohe,HistGB_opt,sqrt,,,,,
22,tipo_imovel,minmax_mean_ohe,CatBoost_opt,sqrt,,,,,
22,tipo_imovel,minmax_mean_ohe,MLP_opt,yeojohnson,,,,,
22,tipo_imovel,quantile_median_ord,HistGB_opt,boxcox,,,,,
22,tipo_imovel,quantile_median_ord,MLP_opt,boxcox,,,,,
22,tipo_imovel,quantile_median_ord,LightGBM_opt,sqrt,,,,,
22,tipo_imovel,power_median_ohe,SVR_opt,log,,,,,
22,tipo_imovel,power_median_ohe,Linear,sqrt,,,,,
22,tipo_imovel,power_median_ohe,CatBoost_opt,yeojohnson,,,,,
22,tipo_imovel,raw_zero_ord,Ridge_opt,log,,,,,
22,tipo_imovel,power_median_ohe,MLP_opt,boxcox,,,,,
22,tipo_imovel,power_median_ohe,LightGBM_opt,sqrt,,,,,
22,tipo_imovel,power_median_ohe,GradientBoosting_opt,log,,,,,
22,tipo_imovel,quantile_median_ord,Linear,log,,,,,
22,tipo_imovel,raw_zero_ord,MLP_opt,yeojohnson,,,,,
22,tipo_imovel,quantile_median_ord,MLP_opt,log,,,,,
22,tipo_imovel,quantile_median_ord,MLP_opt,sqrt,,,,,
22,tipo_imovel,quantile_median_ord,MLP_opt,yeojohnson,,,,,
22,tipo_imovel,power_median_ohe,MLP_opt,sqrt,,,,,
22,tipo_imovel,power_median_ohe,MLP_opt,yeojohnson,,,,,
22,tipo_imovel,std_median_ohe,Linear,yeojohnson,,,,,
22,tipo_imovel,minmax_mean_ohe,Linear,yeojohnson,,,,,
22,tipo_imovel,raw_zero_ord,Linear,yeojohnson,,,,,
22,tipo_imovel,robust_median_ohe,Linear,yeojohnson,,,,,
22,tipo_imovel,power_median_ohe,Linear,none,,,,,
22,tipo_imovel,quantile_median_ord,Linear,yeojohnson,,,,,
22,tipo_imovel,power_median_ohe,Linear,yeojohnson,,,,,
23,bairro,std_median_ohe,SVR_opt,none,,,,,
23,bairro,std_median_ohe,KNN_opt,log,,,,,
23,bairro,robust_median_ohe,KNN_opt,none,,,,,
23,bairro,robust_median_ohe,LightGBM_opt,log,,,,,
23,bairro,robust_median_ohe,GradientBoosting_opt,boxcox,,,,,
23,bairro,minmax_mean_ohe,KNN_opt,sqrt,,,,,
23,bairro,minmax_mean_ohe,Ridge_opt,yeojohnson,,,,,
23,bairro,power_median_ohe,LightGBM_opt,log,,,,,
23,bairro,power_median_ohe,Ridge_opt,yeojohnson,,,,,
23,bairro,raw_zero_ord,LightGBM_opt,boxcox,,,,,
23,bairro,raw_zero_ord,Ridge_opt,log,,,,,
23,bairro,quantile_median_ord,Ridge_opt,sqrt,,,,,
23,bairro,raw_zero_ord,HistGB_opt,log,,,,,
23,bairro,robust_median_ohe,HistGB_opt,log,,,,,
23,bairro,std_median_ohe,RandomForest_opt,sqrt,,,,,
23,bairro,robust_median_ohe,KNN_opt,boxcox,,,,,
23,bairro,minmax_mean_ohe,SVR_opt,sqrt,,,,,
23,bairro,quantile_median_ord,KNN_opt,none,,,,,
23,bairro,quantile_median_ord,SVR_opt,boxcox,,,,,
23,bairro,quantile_median_ord,LightGBM_opt,boxcox,,,,,
23,bairro,power_median_ohe,KNN_opt,log,,,,,
23,bairro,raw_zero_ord,HistGB_opt,none,,,,,
23,bairro,raw_zero_ord,Ridge_opt,boxcox,,,,,
23,bairro,raw_zero_ord,KNN_opt,boxcox,,,,,
23,bairro,quantile_median_ord,HistGB_opt,log,,,,,
23,bairro,raw_zero_ord,SVR_opt,log,,,,,
23,bairro,power_median_ohe,Ridge_opt,none,,,,,
23,bairro,power_median_ohe,SVR_opt,boxcox,,,,,
23,bairro,std_median_ohe,Ridge_opt,yeojohnson,,,,,
23,bairro,std_median_ohe,KNN_opt,none,,,,,
23,bairro,std_median_ohe,RandomForest_opt,log,,,,,
23,bairro,std_median_ohe,HistGB_opt,log,,,,,
23,bairro,robust_median_ohe,SVR_opt,boxcox,,,,,
23,bairro,minmax_mean_ohe,Ridge_opt,log,,,,,
23,bairro,minmax_mean_ohe,CatBoost_opt,sqrt,,,,,
23,bairro,quantile_median_ord,SVR_opt,none,,,,,
23,bairro,quantile_median_ord,KNN_opt,boxcox,,,,,
23,bairro,power_median_ohe,Ridge_opt,log,,,,,
23,bairro,raw_zero_ord,SVR_opt,none,,,,,
23,bairro,power_median_ohe,KNN_opt,yeojohnson,,,,,
23,bairro,quantile_median_ord,Ridge_opt,yeojohnson,,,,,
23,bairro,quantile_median_ord,HistGB_opt,yeojohnson,,,,,
23,bairro,raw_zero_ord,RandomForest_opt,none,,,,,
23,bairro,raw_zero_ord,LightGBM_opt,yeojohnson,,,,,
23,bairro,power_median_ohe,RandomForest_opt,boxcox,,,,,
23,bairro,quantile_median_ord,Ridge_opt,boxcox,,,,,
23,bairro,robust_median_ohe,CatBoost_opt,none,,,,,
23,bairro,std_median_ohe,GradientBoosting_opt,boxcox,,,,,
23,bairro,std_median_ohe,RandomForest_opt,yeojohnson,,,,,
23,bairro,robust_median_ohe,CatBoost_opt,boxcox,,,,,
23,bairro,minmax_mean_ohe,RandomForest_opt,log,,,,,
23,bairro,minmax_mean_ohe,LightGBM_opt,sqrt,,,,,
23,bairro,quantile_median_ord,CatBoost_opt,none,,,,,
23,bairro,quantile_median_ord,RandomForest_opt,log,,,,,
23,bairro,std_median_ohe,Linear,boxcox,,,,,
23,bairro,power_median_ohe,HistGB_opt,none,,,,,
23,bairro,std_median_ohe,MLP_opt,boxcox,,,,,
23,bairro,quantile_median_ord,SVR_opt,yeojohnson,,,,,
23,bairro,raw_zero_ord,KNN_opt,yeojohnson,,,,,
23,bairro,power_median_ohe,Linear,boxcox,,,,,
23,bairro,quantile_median_ord,HistGB_opt,sqrt,,,,,
23,bairro,raw_zero_ord,SVR_opt,sqrt,,,,,
23,bairro,power_median_ohe,SVR_opt,none,,,,,
23,bairro,std_median_ohe,HistGB_opt,none,,,,,
23,bairro,std_median_ohe,GradientBoosting_opt,sqrt,,,,,
23,bairro,std_median_ohe,Ridge_opt,boxcox,,,,,
23,bairro,std_median_ohe,GradientBoosting_opt,yeojohnson,,,,,
23,bairro,robust_median_ohe,Ridge_opt,sqrt,,,,,
23,bairro,robust_median_ohe,LightGBM_opt,boxcox,,,,,
23,bairro,minmax_mean_ohe,MLP_opt,boxcox,,,,,
23,bairro,minmax_mean_ohe,GradientBoosting_opt,log,,,,,
23,bairro,minmax_mean_ohe,HistGB_opt,sqrt,,,,,
23,bairro,minmax_mean_ohe,MLP_opt,none,,,,,
23,bairro,std_median_ohe,Linear,log,,,,,
23,bairro,raw_zero_ord,Ridge_opt,yeojohnson,,,,,
23,bairro,power_median_ohe,Ridge_opt,sqrt,,,,,
23,bairro,power_median_ohe,CatBoost_opt,sqrt,,,,,
23,bairro,quantile_median_ord,SVR_opt,sqrt,,,,,
23,bairro,raw_zero_ord,RandomForest_opt,sqrt,,,,,
23,bairro,power_median_ohe,RandomForest_opt,none,,,,,
23,bairro,std_median_ohe,KNN_opt,yeojohnson,,,,,
23,bairro,robust_median_ohe,RandomForest_opt,sqrt,,,,,
23,bairro,std_median_ohe,LightGBM_opt,log,,,,,
23,bairro,std_median_ohe,KNN_opt,sqrt,,,,,
23,bairro,std_median_ohe,KNN_opt,boxcox,,,,,
23,bairro,minmax_mean_ohe,MLP_opt,sqrt,,,,,
23,bairro,robust_median_ohe,HistGB_opt,boxcox,,,,,
23,bairro,robust_median_ohe,HistGB_opt,yeojohnson,,,,,
23,bairro,minmax_mean_ohe,KNN_opt,log,,,,,
23,bairro,minmax_mean_ohe,RandomForest_opt,yeojohnson,,,,,
23,bairro,power_median_ohe,RandomForest_opt,yeojohnson,,,,,
23,bairro,power_median_ohe,HistGB_opt,log,,,,,
23,bairro,raw_zero_ord,HistGB_opt,boxcox,,,,,
23,bairro,raw_zero_ord,RandomForest_opt,log,,,,,
23,bairro,std_median_ohe,MLP_opt,sqrt,,,,,
23,bairro,power_median_ohe,GradientBoosting_opt,sqrt,,,,,
23,bairro,quantile_median_ord,RandomForest_opt,sqrt,,,,,
23,bairro,raw_zero_ord,HistGB_opt,sqrt,,,,,
23,bairro,minmax_mean_ohe,LightGBM_opt,boxcox,,,,,
23,bairro,std_median_ohe,SVR_opt,yeojohnson,,,,,
23,bairro,robust_median_ohe,GradientBoosting_opt,sqrt,,,,,
23,bairro,std_median_ohe,LightGBM_opt,none,,,,,
23,bairro,std_median_ohe,Ridge_opt,log,,,,,
23,bairro,std_median_ohe,SVR_opt,sqrt,,,,,
23,bairro,std_median_ohe,HistGB_opt,sqrt,,,,,
23,bairro,robust_median_ohe,LightGBM_opt,none,,,,,
23,bairro,robust_median_ohe,LightGBM_opt,yeojohnson,,,,,
23,bairro,minmax_mean_ohe,SVR_opt,log,,,,,
23,bairro,quantile_median_ord,GradientBoosting_opt,none,,,,,
23,bairro,quantile_median_ord,HistGB_opt,boxcox,,,,,
23,bairro,power_median_ohe,SVR_opt,log,,,,,
23,bairro,std_median_ohe,MLP_opt,log,,,,,
23,bairro,raw_zero_ord,SVR_opt,boxcox,,,,,
23,bairro,raw_zero_ord,CatBoost_opt,log,,,,,
23,bairro,power_median_ohe,CatBoost_opt,boxcox,,,,,
23,bairro,robust_median_ohe,SVR_opt,none,,,,,
23,bairro,robust_median_ohe,KNN_opt,sqrt,,,,,
23,bairro,std_median_ohe,MLP_opt,none,,,,,
23,bairro,std_median_ohe,CatBoost_opt,none,,,,,
23,bairro,std_median_ohe,LightGBM_opt,sqrt,,,,,
23,bairro,std_median_ohe,RandomForest_opt,boxcox,,,,,
23,bairro,robust_median_ohe,HistGB_opt,none,,,,,
23,bairro,minmax_mean_ohe,CatBoost_opt,log,,,,,
23,bairro,minmax_mean_ohe,Linear,sqrt,,,,,
23,bairro,minmax_mean_ohe,Ridge_opt,boxcox,,,,,
23,bairro,minmax_mean_ohe,KNN_opt,yeojohnson,,,,,
23,bairro,robust_median_ohe,Linear,boxcox,,,,,
23,bairro,power_median_ohe,RandomForest_opt,log,,,,,
23,bairro,raw_zero_ord,CatBoost_opt,none,,,,,
23,bairro,raw_zero_ord,RandomForest_opt,boxcox,,,,,
23,bairro,robust_median_ohe,Linear,log,,,,,
23,bairro,raw_zero_ord,Linear,log,,,,,
23,bairro,quantile_median_ord,CatBoost_opt,log,,,,,
23,bairro,quantile_median_ord,RandomForest_opt,yeojohnson,,,,,
23,bairro,power_median_ohe,SVR_opt,yeojohnson,,,,,
23,bairro,raw_zero_ord,GradientBoosting_opt,log,,,,,
23,bairro,raw_zero_ord,GradientBoosting_opt,none,,,,,
23,bairro,raw_zero_ord,HistGB_opt,yeojohnson,,,,,
23,bairro,power_median_ohe,GradientBoosting_opt,boxcox,,,,,
23,bairro,quantile_median_ord,RandomForest_opt,boxcox,,,,,
23,bairro,std_median_ohe,SVR_opt,log,,,,,
23,bairro,robust_median_ohe,SVR_opt,sqrt,,,,,
23,bairro,std_median_ohe,CatBoost_opt,yeojohnson,,,,,
23,bairro,robust_median_ohe,Ridge_opt,yeojohnson,,,,,
23,bairro,minmax_mean_ohe,LightGBM_opt,log,,,,,
23,bairro,minmax_mean_ohe,RandomForest_opt,boxcox,,,,,
23,bairro,minmax_mean_ohe,SVR_opt,yeojohnson,,,,,
23,bairro,quantile_median_ord,Ridge_opt,log,,,,,
23,bairro,quantile_median_ord,GradientBoosting_opt,log,,,,,
23,bairro,robust_median_ohe,MLP_opt,boxcox,,,,,
23,bairro,quantile_median_ord,CatBoost_opt,yeojohnson,,,,,
23,bairro,robust_median_ohe,MLP_opt,log,,,,,
23,bairro,raw_zero_ord,SVR_opt,yeojohnson,,,,,
23,bairro,quantile_median_ord,Linear,boxcox,,,,,
23,bairro,minmax_mean_ohe,Linear,none,,,,,
23,bairro,raw_zero_ord,CatBoost_opt,sqrt,,,,,
23,bairro,power_median_ohe,CatBoost_opt,none,,,,,
23,bairro,std_median_ohe,LightGBM_opt,yeojohnson,,,,,
23,bairro,robust_median_ohe,CatBoost_opt,sqrt,,,,,
23,bairro,std_median_ohe,GradientBoosting_opt,none,,,,,
23,bairro,std_median_ohe,CatBoost_opt,sqrt,,,,,
23,bairro,std_median_ohe,CatBoost_opt,boxcox,,,,,
23,bairro,raw_zero_ord,Linear,none,,,,,
23,bairro,robust_median_ohe,RandomForest_opt,yeojohnson,,,,,
23,bairro,minmax_mean_ohe,RandomForest_opt,none,,,,,
23,bairro,minmax_mean_ohe,HistGB_opt,log,,,,,
23,bairro,minmax_mean_ohe,GradientBoosting_opt,boxcox,,,,,
23,bairro,minmax_mean_ohe,CatBoost_opt,yeojohnson,,,,,
23,bairro,robust_median_ohe,MLP_opt,none,,,,,
23,bairro,raw_zero_ord,RandomForest_opt,yeojohnson,,,,,
23,bairro,power_median_ohe,RandomForest_opt,sqrt,,,,,
23,bairro,quantile_median_ord,GradientBoosting_opt,yeojohnson,,,,,
23,bairro,power_median_ohe,LightGBM_opt,yeojohnson,,,,,
23,bairro,power_median_ohe,LightGBM_opt,sqrt,,,,,
23,bairro,quantile_median_ord,CatBoost_opt,sqrt,,,,,
23,bairro,raw_zero_ord,GradientBoosting_opt,sqrt,,,,,
23,bairro,power_median_ohe,GradientBoosting_opt,none,,,,,
23,bairro,std_median_ohe,HistGB_opt,yeojohnson,,,,,
23,bairro,robust_median_ohe,LightGBM_opt,sqrt,,,,,
23,bairro,std_median_ohe,GradientBoosting_opt,log,,,,,
23,bairro,std_median_ohe,Linear,sqrt,,,,,
23,bairro,robust_median_ohe,Ridge_opt,log,,,,,
23,bairro,robust_median_ohe,GradientBoosting_opt,yeojohnson,,,,,
23,bairro,minmax_mean_ohe,GradientBoosting_opt,none,,,,,
23,bairro,quantile_median_ord,Linear,log,,,,,
23,bairro,minmax_mean_ohe,KNN_opt,boxcox,,,,,
23,bairro,minmax_mean_ohe,GradientBoosting_opt,yeojohnson,,,,,
23,bairro,quantile_median_ord,LightGBM_opt,none,,,,,
23,bairro,raw_zero_ord,Linear,boxcox,,,,,
23,bairro,minmax_mean_ohe,Linear,log,,,,,
23,bairro,power_median_ohe,KNN_opt,sqrt,,,,,
23,bairro,quantile_median_ord,GradientBoosting_opt,sqrt,,,,,
23,bairro,raw_zero_ord,MLP_opt,log,,,,,
23,bairro,quantile_median_ord,Linear,sqrt,,,,,
23,bairro,std_median_ohe,HistGB_opt,boxcox,,,,,
23,bairro,quantile_median_ord,MLP_opt,log,,,,,
23,bairro,robust_median_ohe,RandomForest_opt,log,,,,,
23,bairro,robust_median_ohe,HistGB_opt,sqrt,,,,,
23,bairro,robust_median_ohe,KNN_opt,yeojohnson,,,,,
23,bairro,minmax_mean_ohe,KNN_opt,none,,,,,
23,bairro,robust_median_ohe,Linear,none,,,,,
23,bairro,minmax_mean_ohe,SVR_opt,boxcox,,,,,
23,bairro,minmax_mean_ohe,HistGB_opt,yeojohnson,,,,,
23,bairro,power_median_ohe,CatBoost_opt,log,,,,,
23,bairro,power_median_ohe,MLP_opt,boxcox,,,,,
23,bairro,raw_zero_ord,CatBoost_opt,boxcox,,,,,
23,bairro,quantile_median_ord,Linear,none,,,,,
23,bairro,raw_zero_ord,LightGBM_opt,log,,,,,
23,bairro,power_median_ohe,LightGBM_opt,boxcox,,,,,
23,bairro,robust_median_ohe,Ridge_opt,none,,,,,
23,bairro,robust_median_ohe,GradientBoosting_opt,log,,,,,
23,bairro,minmax_mean_ohe,MLP_opt,log,,,,,
23,bairro,robust_median_ohe,SVR_opt,yeojohnson,,,,,
23,bairro,minmax_mean_ohe,SVR_opt,none,,,,,
23,bairro,minmax_mean_ohe,Ridge_opt,sqrt,,,,,
23,bairro,minmax_mean_ohe,CatBoost_opt,boxcox,,,,,
23,bairro,raw_zero_ord,MLP_opt,none,,,,,
23,bairro,quantile_median_ord,SVR_opt,log,,,,,
23,bairro,robust_median_ohe,Linear,sqrt,,,,,
23,bairro,quantile_median_ord,CatBoost_opt,boxcox,,,,,
23,bairro,power_median_ohe,GradientBoosting_opt,log,,,,,
23,bairro,raw_zero_ord,LightGBM_opt,none,,,,,
23,bairro,raw_zero_ord,GradientBoosting_opt,boxcox,,,,,
23,bairro,quantile_median_ord,LightGBM_opt,log,,,,,
23,bairro,power_median_ohe,CatBoost_opt,yeojohnson,,,,,
23,bairro,raw_zero_ord,KNN_opt,log,,,,,
23,bairro,std_median_ohe,Linear,none,,,,,
23,bairro,raw_zero_ord,KNN_opt,none,,,,,
23,bairro,quantile_median_ord,MLP_opt,none,,,,,
23,bairro,power_median_ohe,KNN_opt,boxcox,,,,,
23,bairro,robust_median_ohe,RandomForest_opt,none,,,,,
23,bairro,std_median_ohe,RandomForest_opt,none,,,,,
23,bairro,std_median_ohe,CatBoost_opt,log,,,,,
23,bairro,std_median_ohe,LightGBM_opt,boxcox,,,,,
23,bairro,robust_median_ohe,KNN_opt,log,,,,,
23,bairro,robust_median_ohe,MLP_opt,sqrt,,,,,
23,bairro,robust_median_ohe,CatBoost_opt,yeojohnson,,,,,
23,bairro,quantile_median_ord,MLP_opt,sqrt,,,,,
23,bairro,minmax_mean_ohe,CatBoost_opt,none,,,,,
23,bairro,minmax_mean_ohe,RandomForest_opt,sqrt,,,,,
23,bairro,power_median_ohe,Linear,sqrt,,,,,
23,bairro,raw_zero_ord,MLP_opt,sqrt,,,,,
23,bairro,quantile_median_ord,KNN_opt,log,,,,,
23,bairro,quantile_median_ord,MLP_opt,boxcox,,,,,
23,bairro,power_median_ohe,MLP_opt,sqrt,,,,,
23,bairro,power_median_ohe,GradientBoosting_opt,yeojohnson,,,,,
23,bairro,quantile_median_ord,LightGBM_opt,yeojohnson,,,,,
23,bairro,raw_zero_ord,Ridge_opt,none,,,,,
23,bairro,raw_zero_ord,CatBoost_opt,yeojohnson,,,,,
23,bairro,power_median_ohe,Ridge_opt,boxcox,,,,,
23,bairro,raw_zero_ord,LightGBM_opt,sqrt,,,,,
23,bairro,robust_median_ohe,GradientBoosting_opt,none,,,,,
23,bairro,std_median_ohe,Ridge_opt,sqrt,,,,,
23,bairro,std_median_ohe,SVR_opt,boxcox,,,,,
23,bairro,robust_median_ohe,SVR_opt,log,,,,,
23,bairro,robust_median_ohe,Ridge_opt,boxcox,,,,,
23,bairro,minmax_mean_ohe,Ridge_opt,none,,,,,
23,bairro,minmax_mean_ohe,LightGBM_opt,none,,,,,
23,bairro,minmax_mean_ohe,GradientBoosting_opt,sqrt,,,,,
23,bairro,minmax_mean_ohe,HistGB_opt,boxcox,,,,,
23,bairro,quantile_median_ord,Ridge_opt,none,,,,,
23,bairro,minmax_mean_ohe,LightGBM_opt,yeojohnson,,,,,
23,bairro,quantile_median_ord,KNN_opt,yeojohnson,,,,,
23,bairro,power_median_ohe,HistGB_opt,yeojohnson,,,,,
23,bairro,raw_zero_ord,GradientBoosting_opt,yeojohnson,,,,,
23,bairro,power_median_ohe,HistGB_opt,sqrt,,,,,
23,bairro,quantile_median_ord,LightGBM_opt,sqrt,,,,,
23,bairro,raw_zero_ord,KNN_opt,sqrt,,,,,
23,bairro,power_median_ohe,KNN_opt,none,,,,,
23,bairro,raw_zero_ord,Linear,sqrt,,,,,
23,bairro,robust_median_ohe,CatBoost_opt,log,,,,,
23,bairro,std_median_ohe,Ridge_opt,none,,,,,
23,bairro,robust_median_ohe,RandomForest_opt,boxcox,,,,,
23,bairro,minmax_mean_ohe,HistGB_opt,none,,,,,
23,bairro,minmax_mean_ohe,Linear,boxcox,,,,,
23,bairro,quantile_median_ord,RandomForest_opt,none,,,,,
23,bairro,quantile_median_ord,HistGB_opt,none,,,,,
23,bairro,quantile_median_ord,GradientBoosting_opt,boxcox,,,,,
23,bairro,power_median_ohe,LightGBM_opt,none,,,,,
23,bairro,power_median_ohe,HistGB_opt,boxcox,,,,,
23,bairro,raw_zero_ord,MLP_opt,boxcox,,,,,
23,bairro,power_median_ohe,Linear,log,,,,,
23,bairro,power_median_ohe,SVR_opt,sqrt,,,,,
23,bairro,quantile_median_ord,KNN_opt,sqrt,,,,,
23,bairro,raw_zero_ord,Ridge_opt,sqrt,,,,,
23,bairro,raw_zero_ord,MLP_opt,yeojohnson,,,,,
23,bairro,std_median_ohe,MLP_opt,yeojohnson,,,,,
23,bairro,quantile_median_ord,Linear,yeojohnson,,,,,
23,bairro,robust_median_ohe,MLP_opt,yeojohnson,,,,,
23,bairro,power_median_ohe,MLP_opt,none,,,,,
23,bairro,quantile_median_ord,MLP_opt,yeojohnson,,,,,
23,bairro,power_median_ohe,MLP_opt,log,,,,,
23,bairro,minmax_mean_ohe,MLP_opt,yeojohnson,,,,,
23,bairro,power_median_ohe,MLP_opt,yeojohnson,,,,,
23,bairro,power_median_ohe,Linear,none,,,,,
23,bairro,robust_median_ohe,Linear,yeojohnson,,,,,
23,bairro,minmax_mean_ohe,Linear,yeojohnson,,,,,
23,bairro,std_median_ohe,Linear,yeojohnson,,,,,
23,bairro,raw_zero_ord,Linear,yeojohnson,,,,,
23,bairro,power_median_ohe,Linear,yeojohnson,,,,,
