n_features,ultima_feature,tratamento,modelo,transform,rmse,mae,mape,mdape,r2,status
1,metragem,std_median_ohe,DecisionTree,none,476259.28220196883,285768.9492417445,35.42428749757182,24.914730372181317,0.33843671309192136,
1,metragem,std_median_ohe,Linear,none,578571.9684911502,404539.5383356044,57.286934945175275,40.85153597286085,0.023664081099237455,
1,metragem,std_median_ohe,RandomForest,none,435019.7663697111,281658.57670286176,35.2116620224487,24.6049190271889,0.4480465252271314,
1,metragem,std_median_ohe,KNeighbors,none,448475.1419752407,295340.4161038961,36.70685688980735,27.12941176470588,0.41337408831238764,
1,metragem,std_median_ohe,GradientBoosting,none,452928.3989542118,279755.53029439185,35.142869768539335,26.40791563580335,0.40166612084363884,
1,metragem,std_median_ohe,MLP,none,1025875.5022595318,843133.0523183848,94.13961827098643,94.56002548283263,-2.0695436121785393,
2,tipo_imovel,std_median_ohe,DecisionTree,none,463946.73933468375,231687.66254813934,29.02389063152635,18.260837105869264,0.3722008205627114,
2,tipo_imovel,std_median_ohe,KNeighbors,none,404302.74049897306,251629.21142857143,30.52825860189388,20.747412587412587,0.5232421414521324,
2,tipo_imovel,std_median_ohe,Linear,none,563391.4401626065,391215.4008055578,54.74598045165473,40.62535905552127,0.07422600200813534,
2,tipo_imovel,std_median_ohe,RandomForest,none,387134.1451468384,226922.18597137116,28.288347061703117,17.919346063658526,0.5628731880933588,
2,tipo_imovel,std_median_ohe,GradientBoosting,none,414171.50789897883,229636.70180196097,28.74959344082618,17.9867326447568,0.4996833817199088,
2,tipo_imovel,std_median_ohe,MLP,none,985059.8608545441,793363.6363839286,86.53234397554795,87.52718707724567,-1.830151835881915,
3,tem_elevador,std_median_ohe,Linear,none,560444.6229566174,386384.7428123535,53.891548859957894,40.51481280650375,0.08388519072658762,
3,tem_elevador,std_median_ohe,KNeighbors,none,392997.98648466903,241816.15194805193,29.01082522178416,18.990168067226893,0.5495307601321202,
3,tem_elevador,std_median_ohe,DecisionTree,none,463672.2868608374,228347.21901055475,28.832019616372424,17.93799533799534,0.3729433630144384,
3,tem_elevador,std_median_ohe,RandomForest,none,387594.3345349361,224230.35115277822,28.05830515528972,17.711049779487393,0.5618333382970309,
3,tem_elevador,std_median_ohe,GradientBoosting,none,401311.2375712925,226437.09796383823,28.387886906968816,18.112185301717567,0.5302712607677749,
3,tem_elevador,std_median_ohe,MLP,none,962180.4220311893,764266.9425831981,82.0001518556734,83.3732657743335,-1.7002098787964508,
4,banheiros,std_median_ohe,DecisionTree,none,462302.47225098306,219530.49753201075,26.572778572574983,15.582240774491934,0.3766428834662243,
4,banheiros,std_median_ohe,Linear,none,487124.32745618053,325019.3987645281,42.65403849963514,33.44321201911599,0.3079075230102468,
4,banheiros,std_median_ohe,KNeighbors,none,384680.81780921057,232618.5280519481,27.992239094803278,20.03266070063733,0.5683959100900675,
4,banheiros,std_median_ohe,RandomForest,none,382289.7886562092,213522.64832428168,26.038419353458274,16.67462665908021,0.5737446081447666,
4,banheiros,std_median_ohe,GradientBoosting,none,374414.8457617591,213801.45909409638,26.08674401619847,17.415278502080064,0.5911249493081806,
4,banheiros,std_median_ohe,MLP,none,949226.1087223776,755947.2642146916,81.56393831680205,82.61001761032578,-1.62799079870272,
5,quartos,std_median_ohe,Linear,none,470964.9437474439,311963.0174685505,39.966689236803866,31.724851705019404,0.35306350181639523,
5,quartos,std_median_ohe,DecisionTree,none,459613.32257137535,207218.13471911143,24.902941448921187,12.074117583826657,0.3838737562646092,
5,quartos,std_median_ohe,KNeighbors,none,386373.76840610564,237513.92935064939,27.65698012120365,20.58368794326241,0.5645886381359235,
5,quartos,std_median_ohe,RandomForest,none,380454.6779125192,205772.04192038925,24.63567520881201,15.3095208227019,0.5778271047624883,
5,quartos,std_median_ohe,GradientBoosting,none,382097.9470406374,211048.66987306662,25.43106781032026,17.72426001285461,0.5741723098911847,
5,quartos,std_median_ohe,MLP,none,949498.4148850632,761565.0997159091,83.03689799817177,83.9377763441008,-1.6294988076559105,
6,vagas,std_median_ohe,Linear,none,470058.7589010029,311405.0615408205,39.85285478747551,31.789519210995547,0.35555065107114925,
6,vagas,std_median_ohe,DecisionTree,none,443966.85033615667,191852.47474695934,23.1207689309358,10.922786048788266,0.42510890986322136,
6,vagas,std_median_ohe,KNeighbors,none,383274.768239032,230820.36233766234,27.176480821715625,19.026682045367167,0.5715452622484125,
6,vagas,std_median_ohe,GradientBoosting,none,349587.5510631879,203527.61963535726,25.211585823830273,16.53484330386768,0.6435518148687925,
6,vagas,std_median_ohe,RandomForest,none,362306.6282319744,194378.52141340703,23.859629462061083,13.98967456288929,0.6171425973050051,
6,vagas,std_median_ohe,MLP,none,968880.2265152419,784125.6546519886,86.31066047953078,86.94985115956703,-1.7379447205531182,
7,metro_quadrado_bairro_mean,std_median_ohe,DecisionTree,none,449412.78625636693,202901.97913344952,25.065255073346943,11.90644932671864,0.4109185612101439,
7,metro_quadrado_bairro_mean,std_median_ohe,Linear,none,465733.3854448083,306205.29269464134,38.791436824481536,30.435852490293414,0.36735623562320163,
7,metro_quadrado_bairro_mean,std_median_ohe,KNeighbors,none,381140.7199987598,237642.6335064935,28.04744064804694,19.932705677198552,0.576303193916132,
7,metro_quadrado_bairro_mean,std_median_ohe,GradientBoosting,none,338819.988494826,198032.3655726054,24.169942426260807,16.11494605460996,0.665171407790961,
7,metro_quadrado_bairro_mean,std_median_ohe,RandomForest,none,343373.21081243054,189595.87092952293,23.28297072180544,13.672793331664296,0.6561117721495581,
7,metro_quadrado_bairro_mean,std_median_ohe,MLP,none,943234.7143759625,760733.349161044,83.79007041878734,85.05957983239149,-1.5949204104930597,
8,score_parque,std_median_ohe,DecisionTree,none,379167.10391555744,211401.09945887444,26.719008943701635,12.5,0.5806797915912616,
8,score_parque,std_median_ohe,Linear,none,465943.46504433005,305753.1737258777,38.71529655926238,29.844013075598546,0.3667853702833108,
8,score_parque,std_median_ohe,KNeighbors,none,362313.8573394858,228900.15480519482,27.201078611253042,19.452339592057278,0.6171273188379715,
8,score_parque,std_median_ohe,RandomForest,none,332865.8425234209,193408.7019236872,23.84451997325796,14.655948637634447,0.6768360159597637,
8,score_parque,std_median_ohe,GradientBoosting,none,329158.6035918954,197082.80910513704,24.000806349191585,16.342346110750967,0.6839943027488963,
8,score_parque,std_median_ohe,MLP,none,939399.3386825785,755987.3053612647,83.06562858402187,84.17011761763764,-1.573860413170327,
9,bairro,std_median_ohe,Linear,none,461072.7314389455,304458.50807876536,38.973463626364016,29.67475478642141,0.3799547763681337,
9,bairro,std_median_ohe,DecisionTree,none,408031.08332419634,224330.47435064934,26.976222769214964,14.164132676243401,0.5144085996981933,
9,bairro,std_median_ohe,RandomForest,none,331552.80697559897,193976.28772094497,23.73490198672494,14.500141244431486,0.6793805179103753,
9,bairro,std_median_ohe,GradientBoosting,none,325117.0786031633,196415.74833612272,23.741872771436583,16.42167797710356,0.6917067203562415,
9,bairro,std_median_ohe,KNeighbors,none,366182.1696069966,232688.81272727274,27.927635716279376,20.77456861183387,0.6089080496780677,
9,bairro,std_median_ohe,MLP,none,895396.6850309019,704528.9859171682,75.68581452008833,77.19768203125,-1.3383819739982732,
10,score_escola_publica,std_median_ohe,DecisionTree,none,414958.75355082046,223061.16764069264,27.03600858520913,12.54341163968956,0.49777959835818064,
10,score_escola_publica,std_median_ohe,Linear,none,461083.9701816332,304259.9155762181,38.91543135836052,29.601373567968647,0.37992454853995106,
10,score_escola_publica,std_median_ohe,RandomForest,none,317726.0307523836,192982.71338854416,23.47633346894059,14.743498663843402,0.7055645589013024,
10,score_escola_publica,std_median_ohe,KNeighbors,none,378612.18027407746,237854.37064935063,28.538102315646224,20.193694688187563,0.5819062715222261,
10,score_escola_publica,std_median_ohe,GradientBoosting,none,318117.4532035001,191197.4214066192,23.187947668160586,15.056140750261088,0.7048386527988935,
10,score_escola_publica,std_median_ohe,MLP,none,894317.7097308504,702146.7701812348,75.2185638465058,77.03956644395228,-1.3327497525230378,
11,score_farmacia,std_median_ohe,Linear,none,461800.00112779555,304653.16802248213,38.949791332363944,29.940792924510617,0.37799718612426336,
11,score_farmacia,std_median_ohe,DecisionTree,none,480580.749654959,231957.33106060608,29.369217595208724,14.093425605536334,0.32637649744483865,
11,score_farmacia,std_median_ohe,KNeighbors,none,375383.20942269097,237495.90831168837,28.473041349446817,20.053181867674745,0.5890072354268743,
11,score_farmacia,std_median_ohe,RandomForest,none,329417.9962843551,193689.41119455564,23.921465555503264,14.403009325382188,0.683496051354497,
11,score_farmacia,std_median_ohe,GradientBoosting,none,345335.44037056126,198260.89106321475,24.360352578706703,16.250123083904988,0.6521701967207796,
11,score_farmacia,std_median_ohe,MLP,none,930942.3594708241,744327.3570524934,81.15542725000353,82.63662087254147,-1.5277264558549093,
12,valor_bairro_mean,std_median_ohe,DecisionTree,none,487048.49180361326,236374.02240259742,28.863934217159333,14.124675605536332,0.3081229965401423,
12,valor_bairro_mean,std_median_ohe,Linear,none,461709.42038712744,304457.32732479525,38.900933572482046,29.94079292451059,0.37824117031582616,
12,valor_bairro_mean,std_median_ohe,KNeighbors,none,381078.34679285553,239287.3807792208,28.477202371334965,20.335664335664337,0.5764418574823194,
12,valor_bairro_mean,std_median_ohe,RandomForest,none,328195.75009780924,193814.41231361646,23.88170258620311,14.839759899602806,0.6858403560850168,
12,valor_bairro_mean,std_median_ohe,GradientBoosting,none,334442.5764605652,196875.48578862837,24.110323594564104,15.976467936017597,0.6737672094301989,
12,valor_bairro_mean,std_median_ohe,MLP,none,903936.7504238694,717640.2259806844,77.9595727799037,79.97550998067496,-1.383200475970353,
13,lng,std_median_ohe,Linear,none,461680.65781160345,304456.4180769976,38.9122235189905,30.104301558446522,0.37831863387830345,
13,lng,std_median_ohe,KNeighbors,none,383904.66023304616,243082.02597402598,29.08325188728013,20.660910007052664,0.5701358192144361,
13,lng,std_median_ohe,DecisionTree,none,501210.363480904,244048.07911255414,29.842792376772298,15.316067947646895,0.2673027278058461,
13,lng,std_median_ohe,RandomForest,none,329493.5114098835,194062.7142909376,24.27239326120888,14.269018451538301,0.6833509252522696,
13,lng,std_median_ohe,GradientBoosting,none,341259.16128826083,195526.35457208357,24.139237260827453,15.75558409854768,0.6603331777066137,
13,lng,std_median_ohe,MLP,none,932654.4092502,749086.29795017,82.18256323117309,83.49808557156739,-1.5370322368368932,
14,score_mercado,std_median_ohe,Linear,none,461614.34814456187,304427.5795181994,38.903561380198504,30.24486215359759,0.378497201133828,
14,score_mercado,std_median_ohe,KNeighbors,none,393270.41567195754,245921.69792207793,28.78966699811325,20.484727593127417,0.5489060062723494,
14,score_mercado,std_median_ohe,DecisionTree,none,499293.20745074865,238851.64274891777,29.309990028607046,14.221308205117044,0.272897218980262,
14,score_mercado,std_median_ohe,RandomForest,none,333136.69582078326,197464.1456781871,24.582286971153692,14.68899811076303,0.6763098842206661,
14,score_mercado,std_median_ohe,GradientBoosting,none,329522.9358476769,194381.7154083205,24.069421700793836,16.41178067502113,0.6832943679198613,
14,score_mercado,std_median_ohe,MLP,none,896079.9564147507,707669.135276735,76.41291823787037,78.12512883093818,-1.3419521438016249,
15,score_seguranca,std_median_ohe,Linear,none,461233.0590096081,304187.84567194374,38.8881475766015,30.116824314641242,0.3795234881072109,
15,score_seguranca,std_median_ohe,KNeighbors,none,399322.2290283885,249511.38207792206,29.118599015528773,20.820016481119424,0.5349159309295566,
15,score_seguranca,std_median_ohe,DecisionTree,none,513625.0248703936,243565.3314935065,29.637895723811873,14.270739742437854,0.2305563131115379,
15,score_seguranca,std_median_ohe,GradientBoosting,none,346205.418397981,201150.05961112914,24.996738161347526,16.769221371951847,0.6504154654362906,
15,score_seguranca,std_median_ohe,RandomForest,none,332387.829234239,197613.80899764012,24.53709088016082,14.886460811884913,0.677763511309649,
15,score_seguranca,std_median_ohe,MLP,none,925985.687637362,737405.0505865717,80.02962227709367,81.58154954299428,-1.5008810649352133,
16,lat,std_median_ohe,Linear,none,461240.8755028836,304210.12298083433,38.900146060239216,30.214587107072415,0.37950245756100875,
16,lat,std_median_ohe,DecisionTree,none,510334.95886613923,242270.65573593075,29.4212051004066,14.270739742437854,0.24038220735768256,
16,lat,std_median_ohe,RandomForest,none,333921.0581337434,198397.53905640598,24.630751826812794,14.708674389420201,0.6747838486898486,
16,lat,std_median_ohe,KNeighbors,none,395200.9774651418,247771.5418181818,28.884219466160193,20.75597499218625,0.5444663010242781,
16,lat,std_median_ohe,GradientBoosting,none,337601.63239440735,199389.302790029,24.636043439039483,16.885392094342095,0.6675750853733038,
16,lat,std_median_ohe,MLP,none,904577.029786228,717579.4992625051,77.8194544051269,79.42925238427725,-1.386577823999573,
17,score_hospitais,std_median_ohe,Linear,none,461081.33697057265,304072.06885661266,38.86053156127314,30.09937872018158,0.3799316309153117,
17,score_hospitais,std_median_ohe,KNeighbors,none,411646.683882947,253039.9755844156,29.45554764093721,21.0379458820256,0.5057647324088337,
17,score_hospitais,std_median_ohe,DecisionTree,none,498634.67970997357,236689.9353896104,29.050565847945393,14.03125,0.2748139347844909,
17,score_hospitais,std_median_ohe,RandomForest,none,335709.5268885691,199147.3612937863,24.65667937207781,14.521518036299202,0.6712908282337195,
17,score_hospitais,std_median_ohe,GradientBoosting,none,337393.8367287133,199239.2970209882,24.77382398558094,16.69932145175405,0.6679841781698552,
17,score_hospitais,std_median_ohe,MLP,none,909853.5984321929,722590.2958350243,78.3707820853901,80.34769683007738,-1.4145017482315998,
18,metro_quadrado_bairro_median,std_median_ohe,DecisionTree,none,504170.9999340617,239856.9237012987,28.904772708640962,13.671978574545257,0.2586211151982646,
18,metro_quadrado_bairro_median,std_median_ohe,Linear,none,461083.61006743525,304077.30546343524,38.8618379745047,30.099378720181612,0.3799255171179158,
18,metro_quadrado_bairro_median,std_median_ohe,RandomForest,none,333082.1693319045,198228.70827342288,24.626522602910626,14.73525460343337,0.6764158361695475,
18,metro_quadrado_bairro_median,std_median_ohe,GradientBoosting,none,338241.58213278104,199239.74118084088,24.75935673778788,16.358116544033628,0.6663136171535105,
18,metro_quadrado_bairro_median,std_median_ohe,KNeighbors,none,410450.5499971009,251546.0792207792,29.275576536740257,20.737738444486283,0.5086327873791269,
18,metro_quadrado_bairro_median,std_median_ohe,MLP,none,874215.3611851789,684423.0594815341,73.41803934322029,76.12865042299724,-1.2290579380245772,
19,novo_lancamento,std_median_ohe,DecisionTree,none,499346.8412821895,233842.76383116885,28.210038904874203,13.667496886674968,0.2727410005420726,
19,novo_lancamento,std_median_ohe,KNeighbors,none,414750.0869304059,254647.1787012987,29.834983270893012,20.559118962034876,0.4982845655817487,
19,novo_lancamento,std_median_ohe,Linear,none,461454.8086970797,301738.41465757374,38.59218369901375,29.30154532602467,0.3789267245188629,
19,novo_lancamento,std_median_ohe,RandomForest,none,332345.7528610378,197887.9782011228,24.598546701457856,14.778176378463398,0.6778450888127288,
19,novo_lancamento,std_median_ohe,GradientBoosting,none,331067.3434893011,195771.5858682096,24.322694230694257,16.424448340995006,0.6803187400982122,
19,novo_lancamento,std_median_ohe,MLP,none,897247.3559426729,708467.5309595678,76.5073584381452,78.44707553915971,-1.3480582389342812,
20,banheiros_por_quarto,std_median_ohe,DecisionTree,none,493408.3476838964,236653.6395887446,28.449234578725825,14.422826999815547,0.2899360309622039,
20,banheiros_por_quarto,std_median_ohe,KNeighbors,none,413223.5138558824,255420.87922077923,30.26217652685652,20.820016481119424,0.5019711024208409,
20,banheiros_por_quarto,std_median_ohe,Linear,none,461249.72873687244,301730.7167593416,38.57235734276156,29.381931400836415,0.37947863719752506,
20,banheiros_por_quarto,std_median_ohe,RandomForest,none,332330.56946351717,199294.92518872488,24.706860855179833,14.710997607050802,0.6778745237870252,
20,banheiros_por_quarto,std_median_ohe,GradientBoosting,none,344202.5064743275,201729.2316400209,24.977843056221683,16.307986533860156,0.654448687273127,
20,banheiros_por_quarto,std_median_ohe,MLP,none,891023.7842872351,698368.6147245333,74.7139891841729,76.57558373526632,-1.3155975635133843,
21,vagas_por_metro,std_median_ohe,KNeighbors,none,418209.37025885144,259927.44493506494,30.802030502600402,21.51821025641026,0.489880402188027,
21,vagas_por_metro,std_median_ohe,Linear,none,445633.4689485211,289730.1245770281,36.85846211705703,28.601360564195954,0.420784611534479,
21,vagas_por_metro,std_median_ohe,DecisionTree,none,498346.3549686179,243013.03071428573,29.924111468533653,15.202876219825374,0.27565233870049766,
21,vagas_por_metro,std_median_ohe,RandomForest,none,328747.3315915925,196630.66493446747,24.43561281922956,14.218366442280287,0.6847834852336294,
21,vagas_por_metro,std_median_ohe,GradientBoosting,none,354656.5444727145,202769.971594533,25.128510676578653,16.13848900164287,0.6331399282257018,
21,vagas_por_metro,std_median_ohe,MLP,none,906534.2018221805,716746.0055828936,77.29909848825633,78.96543338740894,-1.3969163498003705,
22,quartos_por_metro,std_median_ohe,DecisionTree,none,531992.3698168775,247012.50560606061,29.451008336900337,15.047169811320755,0.17454139932375812,
22,quartos_por_metro,std_median_ohe,Linear,none,446314.6723175829,280154.2135790593,35.55851481569175,24.09223362206876,0.4190124598897964,
22,quartos_por_metro,std_median_ohe,KNeighbors,none,395951.7422091451,246244.36883116883,30.03599935290366,20.158932320642098,0.5427338989885987,
22,quartos_por_metro,std_median_ohe,RandomForest,none,325959.31915482006,194284.03973348747,24.043186077142522,15.013809782276072,0.690107336935446,
22,quartos_por_metro,std_median_ohe,GradientBoosting,none,335541.27955632436,196420.5770456897,24.29978343192296,16.09098828235249,0.6716202236089446,
22,quartos_por_metro,std_median_ohe,MLP,none,867547.3318178728,680756.3444465934,73.38022704753857,75.83538841145834,-1.1951835874292889,
23,bairro_rank,std_median_ohe,Linear,none,446300.8643564144,280132.1035983633,35.55299888289229,24.09223362206873,0.41904840820068834,
23,bairro_rank,std_median_ohe,DecisionTree,none,517441.1961824881,238965.69554112555,28.18513226118372,14.059692769439264,0.219080091882364,
23,bairro_rank,std_median_ohe,KNeighbors,none,396430.9989385437,246470.62493506493,29.992258493928393,20.185691750408974,0.5416262868225673,
23,bairro_rank,std_median_ohe,RandomForest,none,324815.61747021397,193455.22499938018,23.939592281613255,14.86377417051323,0.6922781782058385,
23,bairro_rank,std_median_ohe,GradientBoosting,none,340513.60059897427,197358.84596825985,24.36142947672909,16.11863152789353,0.6618157201571878,
23,bairro_rank,std_median_ohe,MLP,none,852341.5887915397,664499.8978522759,71.33865221338598,74.56030524086925,-1.118906775024509,
24,score_educacao,std_median_ohe,DecisionTree,none,517441.1961824881,238965.69554112555,28.18513226118372,14.059692769439264,0.219080091882364,
24,score_educacao,std_median_ohe,KNeighbors,none,396430.9989385437,246470.62493506493,29.992258493928393,20.185691750408974,0.5416262868225673,
24,score_educacao,std_median_ohe,Linear,none,446300.8643564144,280132.1035983633,35.55299888289229,24.09223362206873,0.41904840820068834,
24,score_educacao,std_median_ohe,RandomForest,none,324815.61747021397,193455.22499938018,23.939592281613255,14.86377417051323,0.6922781782058385,
24,score_educacao,std_median_ohe,GradientBoosting,none,340513.60059897427,197358.84596825985,24.36142947672909,16.11863152789353,0.6618157201571878,
24,score_educacao,std_median_ohe,MLP,none,863984.6964220894,677810.789998379,73.18527038575722,76.1495197544643,-1.1771912992844533,
25,score_escola_privada,std_median_ohe,DecisionTree,none,517441.1961824881,238965.69554112555,28.18513226118372,14.059692769439264,0.219080091882364,
25,score_escola_privada,std_median_ohe,Linear,none,446300.8643564144,280132.1035983633,35.55299888289229,24.09223362206873,0.41904840820068834,
25,score_escola_privada,std_median_ohe,KNeighbors,none,396430.9989385437,246470.62493506493,29.992258493928393,20.185691750408974,0.5416262868225673,
25,score_escola_privada,std_median_ohe,GradientBoosting,none,340513.60059897427,197358.84596825985,24.36142947672909,16.11863152789353,0.6618157201571878,
25,score_escola_privada,std_median_ohe,RandomForest,none,324815.61747021397,193455.22499938018,23.939592281613255,14.86377417051323,0.6922781782058385,
25,score_escola_privada,std_median_ohe,MLP,none,881118.1545510144,697782.2122745464,76.03358461839547,78.93455716847383,-1.2643981384608192,
1,metragem,std_median_ohe,Linear,log,492670.5056051868,328250.391823722,42.22924230141943,32.680710908256934,0.292058100223875,
1,metragem,std_median_ohe,DecisionTree,log,470801.9106723865,282178.9059517012,35.26208766969748,24.45649964277466,0.3535113219462489,
1,metragem,std_median_ohe,RandomForest,log,436071.29402226483,281622.7307230546,35.32201287752068,24.31733178019105,0.445374941773907,
1,metragem,std_median_ohe,KNeighbors,log,464442.90456808533,300827.4005194805,37.05869819656584,27.465029738091427,0.3708573099321857,
1,metragem,std_median_ohe,GradientBoosting,log,449253.1341864441,276748.80622957274,35.02038944557312,26.15862616955726,0.4113370244529959,
1,metragem,std_median_ohe,MLP,log,1025272.6968084446,847888.262264103,95.52370402917832,95.80123664500123,-2.065937338342003,
2,tipo_imovel,std_median_ohe,DecisionTree,log,464142.1110790825,232031.8183922952,29.05854360310267,18.260837105869264,0.3716719665552901,
2,tipo_imovel,std_median_ohe,KNeighbors,log,401406.79347951524,248519.03948051948,30.10558479936006,20.5479195885928,0.530047540642836,
2,tipo_imovel,std_median_ohe,Linear,log,450551.19775826536,275716.5339761979,34.70291573945531,22.020416082385264,0.4079303664856435,
2,tipo_imovel,std_median_ohe,GradientBoosting,log,411689.8976592189,228730.52496675923,28.693097765269098,17.778026126845027,0.5056609594687764,
2,tipo_imovel,std_median_ohe,RandomForest,log,389342.6284508992,227161.97510527133,28.355902759285012,17.90353268937854,0.5578716097035779,
2,tipo_imovel,std_median_ohe,MLP,log,983358.2747328373,800008.8792905337,88.55829144932143,89.18083365824391,-1.8203827082744168,
3,banheiros,std_median_ohe,DecisionTree,log,435152.8795223672,214492.52382368533,26.562847586177746,15.745614035087721,0.4477086853686253,
3,banheiros,std_median_ohe,KNeighbors,log,406255.37369382376,236690.70805194802,28.325541720875325,19.42165517037131,0.5186258915029327,
3,banheiros,std_median_ohe,Linear,log,438922.2982847444,276325.2796217252,35.17495368182645,24.480019503225154,0.4380990332651852,
3,banheiros,std_median_ohe,RandomForest,log,387392.2071810249,215290.2129275853,26.228934845182238,16.53318562630312,0.5622902199741886,
3,banheiros,std_median_ohe,GradientBoosting,log,356464.79907847143,210336.89608800784,25.869212020051467,17.687083878884795,0.629389440195055,
3,banheiros,std_median_ohe,MLP,log,969678.8887856993,791779.5250664253,88.42659536364881,89.02784855447861,-1.7424604374575465,
4,tem_elevador,std_median_ohe,Linear,log,438053.7918623311,274832.99664259044,34.87830199220621,24.576696065548397,0.4403205279442589,
4,tem_elevador,std_median_ohe,DecisionTree,log,462845.0233466514,219468.77090863412,26.59122556519135,15.523877734023927,0.3751789002004645,
4,tem_elevador,std_median_ohe,KNeighbors,log,413336.5357916756,238082.27142857143,28.185279904865233,19.528272817430132,0.5016986305698016,
4,tem_elevador,std_median_ohe,RandomForest,log,385740.95036202186,212817.60264766455,25.89552317624882,16.414742726839957,0.566013737596358,
4,tem_elevador,std_median_ohe,GradientBoosting,log,374723.3333595629,213712.84615925164,26.056814640891734,17.37937542086641,0.5904509116984391,
4,tem_elevador,std_median_ohe,MLP,log,959381.8277948218,775351.8878663694,85.41709341607279,86.10809531363917,-1.6845250824664317,
5,quartos,std_median_ohe,Linear,log,437258.60480688507,274517.7237297832,34.84552804972275,24.633100573742894,0.44235062532596947,
5,quartos,std_median_ohe,DecisionTree,log,456106.0020195242,204464.37593741695,24.496447342731756,12.052697615839383,0.3932412266649392,
5,quartos,std_median_ohe,KNeighbors,log,410626.07344290474,240618.81324675324,27.942181904114104,19.470107336390164,0.5082124448683747,
5,quartos,std_median_ohe,RandomForest,log,381550.8655538448,204781.4600439421,24.485783160902162,15.015795502129963,0.5753908229543778,
5,quartos,std_median_ohe,GradientBoosting,log,381483.4574180279,211115.26820763288,25.442744242205436,17.758478420902925,0.5755408400941191,
5,quartos,std_median_ohe,MLP,log,937606.4912340587,754971.0782397778,83.1149921000941,83.92582912359022,-1.5640453420892837,
6,vagas,std_median_ohe,DecisionTree,log,443702.8029301524,190742.05888425064,22.944066286464622,10.0,0.4257925345987731,
6,vagas,std_median_ohe,Linear,log,435880.6190167387,274999.5431217204,34.98573984123283,24.530191967543708,0.44585986255116883,
6,vagas,std_median_ohe,KNeighbors,log,380508.6572773051,222563.05064935065,26.608111146041708,17.784160532916648,0.5777072994733092,
6,vagas,std_median_ohe,RandomForest,log,363933.28041227127,194258.34702804475,23.79089449478449,14.052434323097229,0.6136970414026159,
6,vagas,std_median_ohe,GradientBoosting,log,349217.9057120187,203803.92988775647,25.215457562693494,16.53484330386768,0.644305215580975,
6,vagas,std_median_ohe,MLP,log,938070.1701298711,758101.8591945895,83.90254153950526,84.80026047794118,-1.5665819876836085,
7,score_parque,std_median_ohe,Linear,log,436021.78988508903,274847.19401091384,34.93587763896478,24.55456079526887,0.4455008600670043,
7,score_parque,std_median_ohe,DecisionTree,log,408420.2129922674,214382.14231601733,25.737716875830618,13.061771561771558,0.5134819638091226,
7,score_parque,std_median_ohe,KNeighbors,log,382595.8243637182,233040.48415584417,28.081277656498717,19.074937562444443,0.5730618717032968,
7,score_parque,std_median_ohe,RandomForest,log,339419.864561306,198025.80792269303,24.42264001285804,14.858906664819777,0.6639847395202696,
7,score_parque,std_median_ohe,GradientBoosting,log,330941.0031685724,199731.23921109093,24.638320904040018,16.837625168648856,0.6805626839799848,
7,score_parque,std_median_ohe,MLP,log,937594.2146343931,756952.7420708198,83.65757637932846,84.73488361636129,-1.5639781976050986,
8,bairro,std_median_ohe,DecisionTree,log,383993.86734561186,211493.28214285715,25.57239876168139,13.159596300357034,0.5699360227460166,
8,bairro,std_median_ohe,KNeighbors,log,367902.37464716064,226259.08883116883,27.80038697610937,19.333333333333332,0.6052249727818817,
8,bairro,std_median_ohe,Linear,log,428893.55202932045,272371.66513965034,34.750304984172516,23.92667073359992,0.4634829544854763,
8,bairro,std_median_ohe,RandomForest,log,334243.9169210724,195240.4881185976,23.79095869672114,14.764347532519452,0.6741546601442545,
8,bairro,std_median_ohe,GradientBoosting,log,313455.34304511733,194781.33972043387,24.069357584509284,16.89054425453993,0.7134266211737931,
8,bairro,std_median_ohe,MLP,log,921054.0129314186,736504.2112710532,80.55848095709044,81.81641788289835,-1.474313292469147,
9,metro_quadrado_bairro_mean,std_median_ohe,Linear,log,429096.7119508595,272643.34949953086,34.81808399729638,23.92667073359982,0.4629745552529482,
9,metro_quadrado_bairro_mean,std_median_ohe,DecisionTree,log,440251.5933485673,234790.6286796537,28.127105532266423,14.866991370292887,0.4346903969644804,
9,metro_quadrado_bairro_mean,std_median_ohe,KNeighbors,log,368846.35992803075,227595.93584415584,27.726635746700808,19.347517730496456,0.6031965003428469,
9,metro_quadrado_bairro_mean,std_median_ohe,GradientBoosting,log,324553.5310477014,196204.73317407555,23.740835755733126,16.346449836300287,0.6927745655089557,
9,metro_quadrado_bairro_mean,std_median_ohe,RandomForest,log,334166.0796909117,194625.48860091885,23.744451379773007,14.296912099147367,0.674306405287439,
9,metro_quadrado_bairro_mean,std_median_ohe,MLP,log,919223.1449240919,738706.7995055955,81.5144886413581,82.86635761397183,-1.4644862063605606,
10,score_escola_publica,std_median_ohe,Linear,log,429119.5376936905,272624.35049260635,34.81045526486956,23.870431837984654,0.4629174197383401,
10,score_escola_publica,std_median_ohe,KNeighbors,log,364371.4660056999,226510.24961038958,27.346692331745675,19.41493370551291,0.6127662427944113,
10,score_escola_publica,std_median_ohe,DecisionTree,log,388958.6092837825,217917.99772727274,26.49513714904718,12.5,0.5587433459669475,
10,score_escola_publica,std_median_ohe,RandomForest,log,318786.29382862063,192804.84501370252,23.46287846410993,14.634739926547041,0.7035961970264202,
10,score_escola_publica,std_median_ohe,GradientBoosting,log,315157.54412174615,190445.97930857507,23.17111887796277,15.05614075026106,0.7103057299552369,
10,score_escola_publica,std_median_ohe,MLP,log,887778.9597210538,703500.543295407,76.67700635223443,78.3194179860776,-1.2987629363633557,
11,score_mercado,std_median_ohe,Linear,log,429855.7428772346,272460.4713830525,34.80692942348488,24.233910833396937,0.4610729818834137,
11,score_mercado,std_median_ohe,KNeighbors,log,372416.34318641416,229140.3875324675,27.053946718473426,19.41493370551291,0.5954781796637502,
11,score_mercado,std_median_ohe,DecisionTree,log,423415.18736883113,228650.79253246755,27.63584130907798,12.54341163968956,0.47710155149859435,
11,score_mercado,std_median_ohe,RandomForest,log,327727.1097003612,198502.53486786457,24.263755145007053,14.894791047743002,0.6867369111733177,
11,score_mercado,std_median_ohe,GradientBoosting,log,323637.1433704814,195208.57580332685,23.77950524398218,16.027172172139515,0.6945070386452173,
11,score_mercado,std_median_ohe,MLP,log,910444.2197705024,728993.1025340885,80.21333054318632,81.63855660076531,-1.417637459538612,
12,valor_bairro_mean,std_median_ohe,Linear,log,429790.0470906407,272378.8078496965,34.78655624594344,24.233910833396767,0.46123770006819564,
12,valor_bairro_mean,std_median_ohe,DecisionTree,log,433882.58860271925,235885.9221861472,28.15598026566096,13.636363636363635,0.450928457859501,
12,valor_bairro_mean,std_median_ohe,RandomForest,log,325163.2958441278,198198.60954280445,24.27346745508685,15.045507226553548,0.6916190628415739,
12,valor_bairro_mean,std_median_ohe,KNeighbors,log,373110.70207604393,231722.02493506492,27.411865169249133,19.445752379021997,0.5939683363052186,
12,valor_bairro_mean,std_median_ohe,GradientBoosting,log,317648.1421530394,195894.9110305231,23.712324292361963,16.286783640722764,0.7057088993136224,
12,valor_bairro_mean,std_median_ohe,MLP,log,886271.6459271169,706445.0850586531,77.74018985752792,80.1484927530548,-1.2909636625470218,
13,score_seguranca,std_median_ohe,Linear,log,429551.32395157183,272268.15622989705,34.78724778792986,23.93475267591522,0.46183603550789964,
13,score_seguranca,std_median_ohe,DecisionTree,log,405806.5568663328,229300.0260822511,27.086338083091583,15.202876219825374,0.5196889147764125,
13,score_seguranca,std_median_ohe,KNeighbors,log,370387.0976510306,229892.2857142857,27.472917080410163,19.246060209449126,0.5998745371153915,
13,score_seguranca,std_median_ohe,RandomForest,log,321828.7093260933,198050.07515430212,24.227733795509092,15.02567970875503,0.6979115942829492,
13,score_seguranca,std_median_ohe,GradientBoosting,log,324215.6938033687,196916.26651042522,24.057524025045335,16.62597793063024,0.6934138324655046,
13,score_seguranca,std_median_ohe,MLP,log,906741.9804851487,728260.4041426027,80.52305276506078,82.60090826423654,-1.3980152275872326,
14,score_hospitais,std_median_ohe,DecisionTree,log,420424.8227912586,226058.6581168831,27.030102444900095,13.675455384224696,0.4844613977693202,
14,score_hospitais,std_median_ohe,Linear,log,429285.5017478742,271976.35918313754,34.74623253364846,23.529633469480316,0.4625019008370198,
14,score_hospitais,std_median_ohe,KNeighbors,log,372771.29411705263,232191.78,27.675013699697033,19.43561921975036,0.5947067107149937,
14,score_hospitais,std_median_ohe,RandomForest,log,322966.2422031421,198186.10019049403,24.31960037793234,15.04647438285315,0.6957723022386222,
14,score_hospitais,std_median_ohe,GradientBoosting,log,325197.35030730773,199346.74819698473,24.23528959806826,16.359775401921446,0.6915544657770842,
14,score_hospitais,std_median_ohe,MLP,log,900223.7508495239,719109.5539503221,78.97679619842101,80.97168485050807,-1.36366227555685,
15,score_farmacia,std_median_ohe,DecisionTree,log,506548.035627223,241070.41764069264,29.264685671620754,14.64102564102564,0.2516138163728322,
15,score_farmacia,std_median_ohe,Linear,log,429998.5839692642,272120.1116129114,34.759365415394235,23.877757549779,0.4607147514051618,
15,score_farmacia,std_median_ohe,RandomForest,log,330772.20113903045,198850.26145627978,24.53099911286142,14.808662536752834,0.6808884696330917,
15,score_farmacia,std_median_ohe,KNeighbors,log,375626.83617037575,234396.7368831169,27.985031653497455,19.445752379021997,0.588473587036364,
15,score_farmacia,std_median_ohe,GradientBoosting,log,343567.99766229413,200911.9488327332,24.583277657447617,16.556023036652974,0.6557215034744792,
15,score_farmacia,std_median_ohe,MLP,log,922768.8323349775,742925.0004235998,82.04010571494051,83.98489654735842,-1.4835352277656617,
16,novo_lancamento,std_median_ohe,Linear,log,430170.4362856212,271683.08080021443,34.70537241409378,23.36943729985036,0.4602836060840667,
16,novo_lancamento,std_median_ohe,KNeighbors,log,378717.71819921304,237983.41376623375,28.639296173827944,20.257324077183313,0.5816731522683382,
16,novo_lancamento,std_median_ohe,DecisionTree,log,452949.7613905191,220655.70322510824,27.505427427390284,13.667496886674968,0.40160967849715357,
16,novo_lancamento,std_median_ohe,RandomForest,log,331266.4612635194,199548.0842899485,24.67480563640624,15.232785517600888,0.6799340850463558,
16,novo_lancamento,std_median_ohe,GradientBoosting,log,340356.87002955284,201168.91144578333,24.867413586252876,16.81135853576646,0.662126965384622,
16,novo_lancamento,std_median_ohe,MLP,log,910953.8666802184,725223.1331395732,79.01897317787015,80.63138301331163,-1.420344899041932,
17,metro_quadrado_bairro_median,std_median_ohe,Linear,log,430181.3056771329,271697.10612238187,34.70887141011868,23.369437299850105,0.4602563310209251,
17,metro_quadrado_bairro_median,std_median_ohe,KNeighbors,log,382771.3070643672,238802.06103896105,28.546516137722676,20.20211338515405,0.5726701401025786,
17,metro_quadrado_bairro_median,std_median_ohe,DecisionTree,log,510448.625704114,237998.74694805196,28.72161855680971,14.248897411313518,0.24004379053288727,
17,metro_quadrado_bairro_median,std_median_ohe,RandomForest,log,330284.05219075194,199898.51386529804,24.66255518621389,15.142487956583755,0.6818296552157455,
17,metro_quadrado_bairro_median,std_median_ohe,GradientBoosting,log,351794.67015076947,203566.83805654885,24.894249301181105,16.940593401267108,0.6390367394418595,
17,metro_quadrado_bairro_median,std_median_ohe,MLP,log,853006.7092110708,667059.2812373174,72.10284781160355,74.83665688149537,-1.1222150215367535,
18,quartos_por_metro,std_median_ohe,DecisionTree,log,530197.0028740555,241061.67984848487,28.615245984127323,13.534599728629578,0.18010351051518347,
18,quartos_por_metro,std_median_ohe,Linear,log,428500.75329998153,268853.59237562673,34.0834990030032,23.1982959522989,0.46446523416306384,
18,quartos_por_metro,std_median_ohe,KNeighbors,log,380390.3501274891,233915.2012987013,28.358583426952354,19.210487395957955,0.5779698558070576,
18,quartos_por_metro,std_median_ohe,RandomForest,log,331955.68323102774,196843.40797267723,24.344327582045743,15.370157333123286,0.6786008625908241,
18,quartos_por_metro,std_median_ohe,GradientBoosting,log,350849.9682702549,200434.45639930046,24.277518227648272,16.168499673212366,0.6409727824766303,
18,quartos_por_metro,std_median_ohe,MLP,log,868669.0801156517,686158.9471061806,74.84217714948697,77.48141395206596,-1.2008640508356159,
19,vagas_por_metro,std_median_ohe,DecisionTree,log,535377.7425049123,250620.55636363637,29.55259516188492,15.299076316025467,0.16400223892745158,
19,vagas_por_metro,std_median_ohe,KNeighbors,log,382001.0653331019,234118.49480519482,28.273013547262334,19.210487395957955,0.5743882214600361,
19,vagas_por_metro,std_median_ohe,Linear,log,428203.0775890624,268890.5695193816,34.09911976963695,23.14497304803109,0.4652090383154457,
19,vagas_por_metro,std_median_ohe,RandomForest,log,331704.43771535956,195281.58037578868,24.16127960592589,14.775886035172443,0.6790871897582562,
19,vagas_por_metro,std_median_ohe,GradientBoosting,log,360387.1001200869,204605.11101713686,25.135551092456883,16.60714695513132,0.6211886660071524,
19,vagas_por_metro,std_median_ohe,MLP,log,858487.0425526082,679152.9167586686,74.50891897850323,77.02631415558294,-1.1495719152655304,
20,banheiros_por_quarto,std_median_ohe,DecisionTree,log,554379.3018020457,259360.6277922078,30.635509455748196,15.03481894150418,0.10360690088488622,
20,banheiros_por_quarto,std_median_ohe,KNeighbors,log,383950.7960882769,239932.7477922078,29.15952102027171,19.445752379021997,0.570032494898087,
20,banheiros_por_quarto,std_median_ohe,Linear,log,426429.2548207349,267816.2287865075,33.9861113648913,23.098435634786448,0.46963058316094275,
20,banheiros_por_quarto,std_median_ohe,RandomForest,log,329459.3605181205,195669.03386135798,24.10022752680792,14.86069927011523,0.6834165610690286,
20,banheiros_por_quarto,std_median_ohe,GradientBoosting,log,349613.22771450307,201255.22702453466,24.763631708414973,16.98194197144041,0.6434994518378541,
20,banheiros_por_quarto,std_median_ohe,MLP,log,897229.669963462,720907.4038348903,79.97703732098942,82.1513489253232,-1.3479656729330758,
21,lat,std_median_ohe,DecisionTree,log,541578.1806375507,255273.4684848485,29.720645549056783,15.13093584400885,0.144526013268643,
21,lat,std_median_ohe,KNeighbors,log,383950.7960882769,239932.7477922078,29.15952102027171,19.445752379021997,0.570032494898087,
21,lat,std_median_ohe,Linear,log,426429.2548207349,267816.22878650745,33.9861113648913,23.098435634786448,0.46963058316094275,
21,lat,std_median_ohe,RandomForest,log,329522.6342726165,195835.10268834746,24.108232513878747,14.957369936256285,0.6832949476092609,
21,lat,std_median_ohe,GradientBoosting,log,351479.4000201541,202197.92908447285,24.822241358270826,17.023636271518967,0.6396834231530762,
21,lat,std_median_ohe,MLP,log,805086.6018293782,623724.7675631833,67.88091212049913,71.32996275845865,-0.8904695588050804,
22,lng,std_median_ohe,DecisionTree,log,545983.779324587,253686.02443722944,29.93106636543243,14.833333333333332,0.1305512830416633,
22,lng,std_median_ohe,Linear,log,426429.2548207349,267816.2287865075,33.9861113648913,23.09843563478645,0.46963058316094264,
22,lng,std_median_ohe,KNeighbors,log,383950.7960882769,239932.7477922078,29.15952102027171,19.445752379021997,0.570032494898087,
22,lng,std_median_ohe,RandomForest,log,330803.25904065906,196452.96512515435,24.173622744090235,14.925827900695104,0.680828540777046,
22,lng,std_median_ohe,GradientBoosting,log,350109.21018921,200636.25439680775,24.788754113447954,17.106740761301086,0.6424872278574207,
22,lng,std_median_ohe,MLP,log,872658.699219569,695313.2499356555,76.77614027163577,79.17464934210527,-1.221126710652657,
23,bairro_rank,std_median_ohe,Linear,log,426394.7039042732,267770.0409029959,33.97458854788384,23.098435634786423,0.4697165247647961,
23,bairro_rank,std_median_ohe,DecisionTree,log,545503.774950535,257800.52043290046,29.713983655604075,15.13093584400885,0.13207937142096127,
23,bairro_rank,std_median_ohe,KNeighbors,log,384472.9259203286,239650.8909090909,29.119019681995002,19.483189909622922,0.5688622850165266,
23,bairro_rank,std_median_ohe,RandomForest,log,328525.8039873349,195953.36173835528,24.102601949933568,15.002630374612313,0.6852081617271671,
23,bairro_rank,std_median_ohe,GradientBoosting,log,349412.74586986954,201795.62259064007,24.854014349181007,17.049691501775616,0.6439081972139555,
23,bairro_rank,std_median_ohe,MLP,log,876483.5375266351,699803.3841792912,77.5325309692364,79.72487000052215,-1.240639650120562,
24,score_educacao,std_median_ohe,Linear,log,426394.7039042732,267770.0409029959,33.97458854788384,23.098435634786423,0.4697165247647961,
24,score_educacao,std_median_ohe,KNeighbors,log,384472.9259203286,239650.8909090909,29.119019681995002,19.483189909622922,0.5688622850165266,
24,score_educacao,std_median_ohe,RandomForest,log,328525.8039873349,195953.36173835528,24.102601949933568,15.002630374612313,0.6852081617271671,
24,score_educacao,std_median_ohe,DecisionTree,log,545503.774950535,257800.52043290046,29.713983655604075,15.13093584400885,0.13207937142096127,
24,score_educacao,std_median_ohe,GradientBoosting,log,349412.74586986954,201795.62259064007,24.854014349181007,17.049691501775616,0.6439081972139555,
24,score_educacao,std_median_ohe,MLP,log,844810.558808415,666807.1699995957,73.45963666667454,76.28602304406475,-1.0816281706673019,
25,score_escola_privada,std_median_ohe,Linear,log,426394.7039042732,267770.0409029959,33.97458854788384,23.098435634786423,0.4697165247647961,
25,score_escola_privada,std_median_ohe,DecisionTree,log,545503.774950535,257800.52043290046,29.713983655604075,15.13093584400885,0.13207937142096127,
25,score_escola_privada,std_median_ohe,KNeighbors,log,384472.9259203286,239650.8909090909,29.119019681995002,19.483189909622922,0.5688622850165266,
25,score_escola_privada,std_median_ohe,RandomForest,log,328525.8039873349,195953.36173835528,24.102601949933575,15.002630374612313,0.6852081617271671,
25,score_escola_privada,std_median_ohe,GradientBoosting,log,349412.74586986954,201795.62259064007,24.854014349181007,17.049691501775616,0.6439081972139555,
25,score_escola_privada,std_median_ohe,MLP,log,803822.9942953284,621020.4723955031,67.4539036954091,70.84854352678572,-0.8845399186488137,
1,metragem,std_median_ohe,DecisionTree,sqrt,470801.9106723865,282178.9059517012,35.26208766969748,24.45649964277466,0.3535113219462489,
1,metragem,std_median_ohe,Linear,sqrt,535773.635266288,358312.58639787097,48.869908118311315,38.00098272585283,0.16276540069369128,
1,metragem,std_median_ohe,KNeighbors,sqrt,464350.2944623552,300749.2187012987,37.052637590505235,27.465029738091427,0.37110818753821195,
1,metragem,std_median_ohe,RandomForest,sqrt,436071.29402226483,281622.73072305456,35.32201287752068,24.317331780191036,0.445374941773907,
1,metragem,std_median_ohe,GradientBoosting,sqrt,449253.1341864441,276748.80622957274,35.02038944557312,26.15862616955726,0.4113370244529959,
1,metragem,std_median_ohe,MLP,sqrt,1032404.4237057713,853255.5546012581,95.94358034907864,96.24034133086623,-2.1087385853883096,
2,tipo_imovel,std_median_ohe,DecisionTree,sqrt,464142.1110790825,232031.8183922952,29.05854360310267,18.260837105869264,0.3716719665552901,
2,tipo_imovel,std_median_ohe,KNeighbors,sqrt,399486.6399116454,248570.78753246754,30.157151926954402,20.725790965790964,0.5345328787562945,
2,tipo_imovel,std_median_ohe,Linear,sqrt,511337.11877895775,333360.5734039489,44.53897770640802,32.75600428968579,0.23739591006186567,
2,tipo_imovel,std_median_ohe,GradientBoosting,sqrt,411689.8976592189,228730.52496675923,28.693097765269098,17.778026126845027,0.5056609594687764,
2,tipo_imovel,std_median_ohe,RandomForest,sqrt,389460.1662575562,227180.2828974791,28.358760857222826,17.90353268937854,0.5576046230366627,
2,tipo_imovel,std_median_ohe,MLP,sqrt,987623.1128892512,801203.1448863636,88.24146194468496,88.9092816871975,-1.8448998348007022,
3,banheiros,std_median_ohe,DecisionTree,sqrt,435152.8795223672,214492.52382368533,26.562847586177746,15.745614035087721,0.4477086853686253,
3,banheiros,std_median_ohe,Linear,sqrt,481311.04003052344,306924.74790950207,39.40612041309098,29.516259023081158,0.3243276657446672,
3,banheiros,std_median_ohe,RandomForest,sqrt,387025.5141453314,215241.2418236891,26.221401487932233,16.53318562630312,0.5631184718621408,
3,banheiros,std_median_ohe,KNeighbors,sqrt,392956.64565480023,237549.11142857146,28.417181734159218,20.16123595505618,0.5496255280105813,
3,banheiros,std_median_ohe,GradientBoosting,sqrt,356465.2033984373,210341.0205159349,25.869419277736245,17.687083878884795,0.6293885994650068,
3,banheiros,std_median_ohe,MLP,sqrt,975134.1789872977,792309.7209193638,87.70461082374781,88.25129738372092,-1.7734047053728381,
4,tem_elevador,std_median_ohe,DecisionTree,sqrt,462845.0233466514,219468.77090863412,26.59122556519135,15.523877734023927,0.3751789002004645,
4,tem_elevador,std_median_ohe,Linear,sqrt,479435.5356923631,303846.54057902773,38.936781676272055,29.155733332585992,0.32958313389386973,
4,tem_elevador,std_median_ohe,KNeighbors,sqrt,398794.9933828034,236416.48675324678,28.03341995651859,19.994144838212634,0.5361432456328884,
4,tem_elevador,std_median_ohe,RandomForest,sqrt,385270.5137500178,212788.9725610845,25.890120560183178,16.405632108057187,0.5670716420350231,
4,tem_elevador,std_median_ohe,GradientBoosting,sqrt,374723.3333595629,213712.84615925164,26.056814640891734,17.37937542086641,0.5904509116984391,
4,tem_elevador,std_median_ohe,MLP,sqrt,953473.2090669032,763221.6990817776,82.94715988710453,83.89360889993512,-1.6515601253098007,
5,quartos,std_median_ohe,DecisionTree,sqrt,456106.0020195242,204464.37593741695,24.496447342731756,12.052697615839383,0.3932412266649392,
5,quartos,std_median_ohe,Linear,sqrt,469476.52426728467,296424.67503175023,37.70116421215495,28.267670113306753,0.35714614670398137,
5,quartos,std_median_ohe,RandomForest,sqrt,381217.28420988383,204800.9799227299,24.480425610076896,15.015795502129942,0.5761329509149817,
5,quartos,std_median_ohe,KNeighbors,sqrt,396525.57268087094,238842.4981818182,27.948077261336095,19.868971404182673,0.5414075587794964,
5,quartos,std_median_ohe,GradientBoosting,sqrt,381483.4574180279,211115.26820763288,25.442744242205436,17.758478420902925,0.5755408400941191,
5,quartos,std_median_ohe,MLP,sqrt,933975.9410832468,747000.5778149097,81.44233767662996,82.27541311300641,-1.5442270652641703,
6,vagas,std_median_ohe,Linear,sqrt,468236.13927014935,296037.7788224013,37.55497244991493,28.398015813205447,0.36053857577232384,
6,vagas,std_median_ohe,DecisionTree,sqrt,443702.8029301524,190742.05888425064,22.944066286464622,10.0,0.4257925345987731,
6,vagas,std_median_ohe,KNeighbors,sqrt,378367.3580651336,224798.07454545455,26.86708397134183,18.46695104895105,0.5824468010739583,
6,vagas,std_median_ohe,RandomForest,sqrt,363238.8417577776,194230.2011038023,23.78435614886199,14.052434323097252,0.6151698814958854,
6,vagas,std_median_ohe,GradientBoosting,sqrt,349188.610526144,203793.0702265059,25.21221977308948,16.53484330386768,0.644364890114218,
6,vagas,std_median_ohe,MLP,sqrt,917263.09331669,728842.6743062602,78.9789006114702,79.64070187747562,-1.4539874060669575,
7,bairro,std_median_ohe,KNeighbors,sqrt,368918.53329646966,224489.3542857143,27.354628345981247,18.863179074446677,0.6030411974839943,
7,bairro,std_median_ohe,DecisionTree,sqrt,443665.03244100505,200690.82696894737,24.248574650110967,12.25578231292517,0.42589029000437506,
7,bairro,std_median_ohe,RandomForest,sqrt,346285.8801651905,194030.69649763757,23.598806721201775,14.789663513861282,0.650252952335177,
7,bairro,std_median_ohe,GradientBoosting,sqrt,328786.41408188245,198804.3762059511,24.430863869849915,16.496609013656045,0.6847085329679807,
7,bairro,std_median_ohe,Linear,sqrt,460621.53994309256,288945.0934228092,36.685048308031874,26.239666122283012,0.3811676967213412,
7,bairro,std_median_ohe,MLP,sqrt,918250.6236078382,727314.7173945439,78.42972725768561,79.2563736100229,-1.4592742020381921,
8,score_parque,std_median_ohe,Linear,sqrt,458395.0968211312,287490.65316580754,36.47223845087765,26.482365292447703,0.38713556829040063,
8,score_parque,std_median_ohe,KNeighbors,sqrt,372476.49755830085,230676.31948051948,28.89976315528042,19.0013977445755,0.5953474887222209,
8,score_parque,std_median_ohe,DecisionTree,sqrt,383975.50943072414,211432.15876623377,25.55664160096869,13.150240245596805,0.5699771426171332,
8,score_parque,std_median_ohe,RandomForest,sqrt,334290.4888702725,195280.63662106,23.80078781679239,14.93159598769595,0.6740638503549354,
8,score_parque,std_median_ohe,GradientBoosting,sqrt,313934.6181350188,195059.3147184194,24.09774477816087,16.89054425453993,0.7125496063931569,
8,score_parque,std_median_ohe,MLP,sqrt,926081.4251522186,735038.0578340605,79.3625111917898,80.15242449609363,-1.501398223069565,
9,score_escola_publica,std_median_ohe,DecisionTree,sqrt,411604.5540221953,222070.95703463207,26.33187228733746,12.8959451502761,0.5058658919629048,
9,score_escola_publica,std_median_ohe,Linear,sqrt,458957.7140313859,287489.7984290607,36.41973539510031,26.66013952752569,0.3856302307264774,
9,score_escola_publica,std_median_ohe,KNeighbors,sqrt,369314.23552411277,234473.58727272725,29.012800941819027,19.04151467055594,0.6021891843214562,
9,score_escola_publica,std_median_ohe,RandomForest,sqrt,324209.3971545259,194758.9465753707,23.658631860665448,15.016779390068377,0.6934257408754181,
9,score_escola_publica,std_median_ohe,GradientBoosting,sqrt,318845.3699738897,194640.1063622609,23.715832579062948,15.825456574627678,0.7034863302163448,
9,score_escola_publica,std_median_ohe,MLP,sqrt,904868.0224554117,711695.782156174,76.19784254904697,77.07263534813596,-1.3881135436368641,
10,metro_quadrado_bairro_mean,std_median_ohe,Linear,sqrt,459102.559197017,287753.35278633406,36.48548615914258,26.660139527525672,0.38524238439349767,
10,metro_quadrado_bairro_mean,std_median_ohe,KNeighbors,sqrt,384823.8929853643,241186.19116883117,29.58916700891866,19.450133729569096,0.5680747954824249,
10,metro_quadrado_bairro_mean,std_median_ohe,DecisionTree,sqrt,428597.18795657187,229773.69339826843,27.585531396647216,13.675455384224696,0.4642241614362348,
10,metro_quadrado_bairro_mean,std_median_ohe,GradientBoosting,sqrt,319942.93938865076,191144.76916157387,23.20293498179454,15.056140750261088,0.7014414237612903,
10,metro_quadrado_bairro_mean,std_median_ohe,RandomForest,sqrt,322186.74467548844,193887.60113596424,23.558976779288493,14.812216127918918,0.6972390719878526,
10,metro_quadrado_bairro_mean,std_median_ohe,MLP,sqrt,946649.1318489193,762350.0510102606,83.81145270870093,84.81062133919063,-1.6137411300414697,
11,score_seguranca,std_median_ohe,Linear,sqrt,458900.62091113755,287632.724119771,36.47564312698144,26.798902621785224,0.38578307315332117,
11,score_seguranca,std_median_ohe,KNeighbors,sqrt,384226.45975551533,239759.88883116885,29.404535239669794,19.43561921975036,0.5694148690489677,
11,score_seguranca,std_median_ohe,DecisionTree,sqrt,423671.33081176656,227347.9066017316,27.028125734687602,13.41531440162272,0.47646870919510975,
11,score_seguranca,std_median_ohe,GradientBoosting,sqrt,321037.99364092347,194544.52682183354,23.643897165516,16.121833891798836,0.6993942003609102,
11,score_seguranca,std_median_ohe,RandomForest,sqrt,317882.230184802,193434.44489178274,23.611606664083418,14.727088311000669,0.705274988962316,
11,score_seguranca,std_median_ohe,MLP,sqrt,934124.5141313712,748929.4195372743,82.01094802401002,83.12366680871213,-1.545036579983349,
12,score_mercado,std_median_ohe,Linear,sqrt,459406.58247693256,287891.3763535128,36.49169937052148,26.610527296305907,0.38442791491675576,
12,score_mercado,std_median_ohe,DecisionTree,sqrt,419361.5426811955,227960.09664502167,26.939544833980207,13.969949916527547,0.4870657576667008,
12,score_mercado,std_median_ohe,KNeighbors,sqrt,389007.8074131333,244258.58077922076,29.48469328674472,20.136575883169833,0.5586317126240936,
12,score_mercado,std_median_ohe,RandomForest,sqrt,324445.9149718249,197310.8656712014,24.204367492677346,14.767123973831975,0.6929782725160354,
12,score_mercado,std_median_ohe,GradientBoosting,sqrt,331732.329314315,201279.15984934237,24.450334675067285,16.987808442670268,0.6790332191344051,
12,score_mercado,std_median_ohe,MLP,sqrt,916163.1411680295,728956.5332307097,79.2888896284173,80.45444391163792,-1.448105450710861,
13,valor_bairro_mean,std_median_ohe,DecisionTree,sqrt,390051.72464572644,217871.3871212121,26.35839574779011,13.969949916527547,0.5562596770247185,
13,valor_bairro_mean,std_median_ohe,Linear,sqrt,459321.1619945726,287749.7678316125,36.45637129396766,26.61052729630582,0.384656808354243,
13,valor_bairro_mean,std_median_ohe,KNeighbors,sqrt,390137.5075575238,244439.11870129866,29.432933319775827,20.136575883169833,0.5560644745919165,
13,valor_bairro_mean,std_median_ohe,GradientBoosting,sqrt,322174.23243594146,196205.14502382465,23.985930774802547,16.52388875935973,0.6972625871929996,
13,valor_bairro_mean,std_median_ohe,RandomForest,sqrt,321523.1844671239,196889.28915385983,24.132687241251276,14.914783546852359,0.6984848912261211,
13,valor_bairro_mean,std_median_ohe,MLP,sqrt,910722.4665311233,725979.5479657062,79.26009403399522,80.93198572354628,-1.419115425065625,
14,score_farmacia,std_median_ohe,Linear,sqrt,459958.3121303588,288210.91430522705,36.520083363598474,27.019476713399094,0.3829484702285961,
14,score_farmacia,std_median_ohe,DecisionTree,sqrt,497571.4996879539,236132.28322510823,28.573756514536587,14.47189390383572,0.2779030956804427,
14,score_farmacia,std_median_ohe,GradientBoosting,sqrt,349901.88575932966,204223.1400948345,25.12439214002729,17.407422064923043,0.6429105196950544,
14,score_farmacia,std_median_ohe,RandomForest,sqrt,333409.5137970058,198788.41929280138,24.530018895283423,14.56092495307785,0.6757795034913044,
14,score_farmacia,std_median_ohe,KNeighbors,sqrt,385651.8802966205,242775.40207792207,29.193284805406588,20.278545530646603,0.5662141348934249,
14,score_farmacia,std_median_ohe,MLP,sqrt,897192.7470413136,708781.6233753551,76.61003542688377,77.88187597458234,-1.3477724292791167,
15,score_hospitais,std_median_ohe,DecisionTree,sqrt,501314.6399750613,239662.21655844155,28.806921837840854,14.03125,0.26699782169775776,
15,score_hospitais,std_median_ohe,KNeighbors,sqrt,382081.0534433169,242160.56,29.123340646436617,20.38001638001638,0.5742099630769836,
15,score_hospitais,std_median_ohe,Linear,sqrt,459322.9426257114,287366.39831260557,36.34098555729868,26.651791520671754,0.38465203739456333,
15,score_hospitais,std_median_ohe,GradientBoosting,sqrt,348062.3565675159,203302.66602504195,24.946749576263652,17.324637154448872,0.6466552827882603,
15,score_hospitais,std_median_ohe,RandomForest,sqrt,333126.38857629156,198966.79388740603,24.56280498226213,15.089353197294503,0.6763299138456901,
15,score_hospitais,std_median_ohe,MLP,sqrt,905785.3768290651,717622.9475015219,77.67738234776232,79.32849732680722,-1.3929581327658713,
16,novo_lancamento,std_median_ohe,KNeighbors,sqrt,386833.5825648146,245226.06233766233,29.694117522021337,20.825476719492954,0.5635516762250329,
16,novo_lancamento,std_median_ohe,Linear,sqrt,459788.727624541,285358.94190427376,36.08343348822293,26.14744702144526,0.38340339444846694,
16,novo_lancamento,std_median_ohe,DecisionTree,sqrt,500775.68470349465,238823.93677489177,28.762223771486116,14.503217720206266,0.2685730520929934,
16,novo_lancamento,std_median_ohe,GradientBoosting,sqrt,345938.62063280883,203268.5196362483,24.90530794972959,17.14237349914492,0.6509540614818923,
16,novo_lancamento,std_median_ohe,RandomForest,sqrt,329123.19784863945,198535.14331661866,24.51932648415357,15.084583875504464,0.6840622810105891,
16,novo_lancamento,std_median_ohe,MLP,sqrt,877899.7910125743,682737.6943613028,72.4424684404342,74.4146747842287,-1.2478865118269353,
17,metro_quadrado_bairro_median,std_median_ohe,DecisionTree,sqrt,487351.22745771956,232590.56426406928,28.282088496967383,14.236282748393474,0.3072626266317642,
17,metro_quadrado_bairro_median,std_median_ohe,Linear,sqrt,459800.6104418403,285381.73972493794,36.08912102130978,26.14744702144535,0.3833715232909134,
17,metro_quadrado_bairro_median,std_median_ohe,KNeighbors,sqrt,390013.63903406024,245949.76103896103,29.80732718279151,20.798774636450872,0.556346328591518,
17,metro_quadrado_bairro_median,std_median_ohe,RandomForest,sqrt,331815.49950483127,199580.92241668422,24.62741098202375,15.126148857290433,0.6788722567418165,
17,metro_quadrado_bairro_median,std_median_ohe,GradientBoosting,sqrt,335174.9817295548,200876.6770681097,24.744926414115938,16.970524787501986,0.6723367920347737,
17,metro_quadrado_bairro_median,std_median_ohe,MLP,sqrt,894729.3242477567,702548.079296875,75.30385635707543,76.71340885416666,-1.33489756782209,
18,quartos_por_metro,std_median_ohe,Linear,sqrt,439288.2539992806,276709.09860119055,35.411389172606235,23.767891920262866,0.43716166191746386,
18,quartos_por_metro,std_median_ohe,KNeighbors,sqrt,374761.7172678842,237613.20545454544,29.22487812493247,20.0,0.5903670049950959,
18,quartos_por_metro,std_median_ohe,DecisionTree,sqrt,500444.77141519886,230556.46404761905,28.12397155171607,13.02972101273988,0.26953938865463756,
18,quartos_por_metro,std_median_ohe,RandomForest,sqrt,328315.02993746626,195976.81841240826,24.17082575415112,15.148602092775377,0.685611957505567,
18,quartos_por_metro,std_median_ohe,GradientBoosting,sqrt,346004.4728365915,199969.5941268999,24.50482900759374,16.301503308480047,0.6508211614202397,
18,quartos_por_metro,std_median_ohe,MLP,sqrt,918720.4275982534,734299.2168292553,80.28794215374538,82.3121869946499,-1.4617913196230714,
19,vagas_por_metro,std_median_ohe,Linear,sqrt,433801.3012704329,273880.34304109786,35.14760565258676,23.642625561582232,0.45113417424979396,
19,vagas_por_metro,std_median_ohe,DecisionTree,sqrt,530649.165367577,250752.54196969696,30.06038107691636,14.976218225344127,0.1787044663088745,
19,vagas_por_metro,std_median_ohe,KNeighbors,sqrt,374117.90979018796,240199.6555844156,29.77704218036995,20.483484162895927,0.5917732225740451,
19,vagas_por_metro,std_median_ohe,RandomForest,sqrt,325139.14176599856,194298.6576026627,23.982234195174115,14.663353759693235,0.6916648760110853,
19,vagas_por_metro,std_median_ohe,GradientBoosting,sqrt,354926.50314087217,203614.92233230904,24.953672489997697,16.947150664721395,0.6325812200862283,
19,vagas_por_metro,std_median_ohe,MLP,sqrt,844542.969881919,653573.1448267355,69.64780247931691,73.45772579184198,-1.080309691807896,
20,banheiros_por_quarto,std_median_ohe,DecisionTree,sqrt,529896.7203814556,250583.31101731604,29.289338737714353,14.453589928642991,0.18103196103866737,
20,banheiros_por_quarto,std_median_ohe,KNeighbors,sqrt,377793.28055194486,243816.11376623376,30.00977081521303,20.909809709556693,0.5837129042335725,
20,banheiros_por_quarto,std_median_ohe,Linear,sqrt,434169.69057894836,274572.847662107,35.11498332799436,24.256556934100367,0.45020157144203243,
20,banheiros_por_quarto,std_median_ohe,RandomForest,sqrt,324908.7314980055,194713.6188065854,24.028750007552723,14.848036425360927,0.6921017253279833,
20,banheiros_por_quarto,std_median_ohe,GradientBoosting,sqrt,353831.79158248176,202356.71317816956,24.84777847552016,16.591546070166647,0.6348442085927709,
20,banheiros_por_quarto,std_median_ohe,MLP,sqrt,818683.1004987002,626875.5960680677,66.48290023622577,70.13576642628206,-0.9548621658115943,
21,lat,std_median_ohe,DecisionTree,sqrt,535797.8974320478,253060.2426190476,29.75159292215927,15.702696728954708,0.16268957171210452,
21,lat,std_median_ohe,Linear,sqrt,434169.69057894824,274572.8476621069,35.114983327994345,24.2565569341003,0.45020157144203266,
21,lat,std_median_ohe,KNeighbors,sqrt,377793.28055194486,243816.11376623376,30.00977081521303,20.909809709556693,0.5837129042335725,
21,lat,std_median_ohe,RandomForest,sqrt,325241.02945385344,194294.33943067264,23.99704816458153,14.869259225133336,0.6914716019870066,
21,lat,std_median_ohe,GradientBoosting,sqrt,351558.9875314042,202248.66233142756,24.936303824069007,16.47289195349295,0.6395202275499932,
21,lat,std_median_ohe,MLP,sqrt,841026.0026278911,653728.8589373502,70.27934684828745,73.63787029949458,-1.0630195186331703,
22,lng,std_median_ohe,Linear,sqrt,434169.69057894836,274572.847662107,35.11498332799435,24.256556934100303,0.45020157144203243,
22,lng,std_median_ohe,DecisionTree,sqrt,547103.1771171307,257463.1108008658,30.176581621040384,15.564584912812737,0.12698247122477702,
22,lng,std_median_ohe,KNeighbors,sqrt,377793.28055194486,243816.11376623376,30.00977081521303,20.909809709556693,0.5837129042335725,
22,lng,std_median_ohe,RandomForest,sqrt,327457.7649881337,195323.56625066098,24.0421672707224,14.72055646766901,0.6872516143005588,
22,lng,std_median_ohe,GradientBoosting,sqrt,351852.25119368965,202271.01122020482,24.876784278196254,16.715071635857548,0.6389185662928235,
22,lng,std_median_ohe,MLP,sqrt,917285.2226893347,734651.2191692402,80.61459150089472,82.72445210990766,-1.4541058145306542,
23,bairro_rank,std_median_ohe,DecisionTree,sqrt,522098.536539458,245808.445,29.432808486514872,15.047169811320755,0.20495915341203785,
23,bairro_rank,std_median_ohe,KNeighbors,sqrt,377565.1728188977,244683.30779220778,30.23073383000122,21.04886576837796,0.5842154522838963,
23,bairro_rank,std_median_ohe,Linear,sqrt,434146.9264876483,274541.8391902438,35.10724742585301,24.25655693410032,0.45025922324863954,
23,bairro_rank,std_median_ohe,RandomForest,sqrt,325893.027233886,195102.2210251557,24.058163781155603,14.844586709357277,0.6902333728528603,
23,bairro_rank,std_median_ohe,GradientBoosting,sqrt,352579.49501518003,202972.41794540858,24.976499715044078,16.660846945922863,0.6374243844651029,
23,bairro_rank,std_median_ohe,MLP,sqrt,859414.1162993485,674996.0245990703,73.32624179263767,77.1906354005418,-1.1542170353471937,
24,score_educacao,std_median_ohe,DecisionTree,sqrt,522098.536539458,245808.445,29.432808486514872,15.047169811320755,0.20495915341203785,
24,score_educacao,std_median_ohe,Linear,sqrt,434146.9264876483,274541.8391902438,35.10724742585301,24.25655693410032,0.45025922324863954,
24,score_educacao,std_median_ohe,KNeighbors,sqrt,377565.1728188977,244683.30779220778,30.23073383000122,21.04886576837796,0.5842154522838963,
24,score_educacao,std_median_ohe,RandomForest,sqrt,325893.027233886,195102.2210251557,24.058163781155603,14.844586709357287,0.6902333728528602,
24,score_educacao,std_median_ohe,GradientBoosting,sqrt,352579.49501518003,202972.41794540858,24.976499715044078,16.660846945922863,0.6374243844651029,
24,score_educacao,std_median_ohe,MLP,sqrt,873156.0150527053,690029.8905978117,75.31058745343411,78.69713356748456,-1.2236590093164241,
25,score_escola_privada,std_median_ohe,DecisionTree,sqrt,522098.536539458,245808.445,29.432808486514872,15.047169811320755,0.20495915341203785,
25,score_escola_privada,std_median_ohe,Linear,sqrt,434146.9264876483,274541.8391902438,35.10724742585301,24.25655693410032,0.45025922324863954,
25,score_escola_privada,std_median_ohe,RandomForest,sqrt,325893.027233886,195102.2210251557,24.0581637811556,14.844586709357266,0.6902333728528603,
25,score_escola_privada,std_median_ohe,KNeighbors,sqrt,377565.1728188977,244683.30779220778,30.23073383000122,21.04886576837796,0.5842154522838963,
25,score_escola_privada,std_median_ohe,GradientBoosting,sqrt,352579.49501518003,202972.41794540858,24.976499715044078,16.660846945922863,0.6374243844651029,
25,score_escola_privada,std_median_ohe,MLP,sqrt,862952.0238115075,675522.3245942945,72.80299128218464,75.79416209146702,-1.1719898595298228,
1,metragem,std_median_ohe,DecisionTree,boxcox,470777.1163041243,282154.6202374155,35.2571314014759,24.45649964277466,0.3535794136676874,
1,metragem,std_median_ohe,Linear,boxcox,494961.41587025556,339659.746022972,44.41600995495062,35.113572295478676,0.2854589549849672,
1,metragem,std_median_ohe,KNeighbors,boxcox,464442.90456808533,300827.4005194805,37.05869819656584,27.465029738091427,0.3708573099321857,
1,metragem,std_median_ohe,RandomForest,boxcox,436061.00591285666,281616.0110801974,35.320385683181094,24.317331780191036,0.4454011116963359,
1,metragem,std_median_ohe,GradientBoosting,boxcox,449238.7849761607,276736.1362971441,35.017803745077494,26.15862616955726,0.4113746278141419,
1,metragem,std_median_ohe,MLP,boxcox,1012858.4158487848,836326.451904931,94.21715848008829,94.7503940925248,-1.9921404281188044,
2,tipo_imovel,std_median_ohe,DecisionTree,boxcox,464142.1110790825,232031.8183922952,29.05854360310267,18.260837105869264,0.3716719665552901,
2,tipo_imovel,std_median_ohe,Linear,boxcox,451553.30691555253,290126.0190408599,38.456802461824694,25.560728299231272,0.4052936928762617,
2,tipo_imovel,std_median_ohe,KNeighbors,boxcox,399563.04118058796,247612.54597402597,29.996408581948746,20.452303258087575,0.5343548218413483,
2,tipo_imovel,std_median_ohe,RandomForest,boxcox,387747.32450690604,226878.13094942717,28.305697609816576,17.90353268937854,0.5614873665979778,
2,tipo_imovel,std_median_ohe,GradientBoosting,boxcox,411689.8976592189,228730.52496675923,28.693097765269098,17.778026126845027,0.5056609594687764,
2,tipo_imovel,std_median_ohe,MLP,boxcox,978397.4224035492,796438.6012176316,88.40528779632174,88.84409171968369,-1.7919979165353634,
3,banheiros,std_median_ohe,Linear,yeojohnson,440397.026524565,286991.74155214103,38.20267459641825,26.8167745809105,0.4343168453331365,
3,banheiros,std_median_ohe,DecisionTree,yeojohnson,435152.8795223672,214492.52382368533,26.562847586177746,15.745614035087721,0.4477086853686253,
3,banheiros,std_median_ohe,KNeighbors,yeojohnson,408818.7271533524,239398.21584415587,28.567035814835716,19.627314814814817,0.512532065093296,
3,banheiros,std_median_ohe,RandomForest,yeojohnson,395981.47880318295,216044.82364187093,26.328457330171883,16.53318562630312,0.5426652136132786,
3,banheiros,std_median_ohe,GradientBoosting,yeojohnson,356493.7085525965,210355.88595074744,25.873764245111254,17.687083878884795,0.6293293243526011,
3,banheiros,std_median_ohe,MLP,yeojohnson,972678.6023241899,796431.2458663742,89.30642115386708,89.6197192111142,-1.759454352320847,
4,tem_elevador,std_median_ohe,Linear,yeojohnson,439644.6036798934,285710.7574754071,37.9418263857203,26.39328794835657,0.4362481450635529,
4,tem_elevador,std_median_ohe,DecisionTree,yeojohnson,462845.0233466514,219468.77090863412,26.59122556519135,15.523877734023927,0.3751789002004645,
4,tem_elevador,std_median_ohe,KNeighbors,yeojohnson,407547.53054278565,237820.64155844157,28.443103662560613,20.03266070063733,0.5155588548974518,
4,tem_elevador,std_median_ohe,RandomForest,yeojohnson,394430.9720636355,213599.09777753468,25.996635945742497,16.414742726839965,0.5462396857925578,
4,tem_elevador,std_median_ohe,GradientBoosting,yeojohnson,374766.0979789698,213745.81745173002,26.0635434760914,17.37937542086641,0.5903574282736341,
4,tem_elevador,std_median_ohe,MLP,yeojohnson,937214.7685282038,751991.612282374,82.41412561866602,83.0782472826087,-1.561903324141177,
5,quartos,std_median_ohe,DecisionTree,yeojohnson,456106.0020195242,204464.37593741695,24.496447342731756,12.052697615839383,0.3932412266649392,
5,quartos,std_median_ohe,Linear,yeojohnson,439392.6591601176,285613.5453173959,37.928956342396496,26.495872491896073,0.43689409177519933,
5,quartos,std_median_ohe,KNeighbors,yeojohnson,402243.91219376225,240855.4251948052,28.08920715985172,20.085384615384616,0.5280853605222666,
5,quartos,std_median_ohe,RandomForest,yeojohnson,390413.37055391766,205547.6814855005,24.583197811551162,15.015795502129963,0.5554364463762212,
5,quartos,std_median_ohe,GradientBoosting,yeojohnson,381435.7477888515,211078.57153917823,25.435255126194285,17.758478420902925,0.575647002090973,
5,quartos,std_median_ohe,MLP,yeojohnson,955002.714946363,775338.5652850857,86.1369560234928,86.7100451830507,-1.6600739034048657,
6,vagas,std_median_ohe,Linear,yeojohnson,438580.1888077943,285705.56516435166,37.968897855374486,26.16869371436864,0.438974617535856,
6,vagas,std_median_ohe,DecisionTree,yeojohnson,443903.72293681494,190981.14979334155,22.954032560290834,10.0,0.425272385128422,
6,vagas,std_median_ohe,KNeighbors,yeojohnson,374527.8153509762,219651.6672727273,26.230691786568382,18.19538670284939,0.5908781780308026,
6,vagas,std_median_ohe,RandomForest,yeojohnson,373106.63721061556,194965.57483773943,23.877127191150045,14.052434323097252,0.5939771833046368,
6,vagas,std_median_ohe,GradientBoosting,yeojohnson,349210.41778280074,203791.47837579358,25.214627461895965,16.53484330386768,0.6443204690303019,
6,vagas,std_median_ohe,MLP,yeojohnson,917925.906848128,739955.9583593592,82.06981556042882,83.035634765625,-1.4575351858421643,
7,score_parque,std_median_ohe,DecisionTree,yeojohnson,408391.36467888916,214236.68777056277,25.708332119173132,12.786095336430908,0.5135506907165791,
7,score_parque,std_median_ohe,Linear,yeojohnson,438593.806736381,285697.54962927004,37.959708289748875,26.20089708501935,0.4389397772836061,
7,score_parque,std_median_ohe,KNeighbors,yeojohnson,369747.1904849198,232307.9228571429,28.284634937320373,19.382530303030304,0.6012559133753165,
7,score_parque,std_median_ohe,GradientBoosting,yeojohnson,330859.9300301332,199670.20199033374,24.62963844630055,16.837625168648856,0.6807191747944047,
7,score_parque,std_median_ohe,RandomForest,yeojohnson,342895.3303174743,198289.17186597508,24.458190154034206,14.858906664819777,0.6570683005869362,
7,score_parque,std_median_ohe,MLP,yeojohnson,953535.0779784855,776434.0504749249,86.65291164547507,87.45259283854166,-1.6519042450182373,
8,bairro,std_median_ohe,KNeighbors,yeojohnson,364188.6398715415,222997.45688311686,27.254694545123453,18.885178186299683,0.6131547402269601,
8,bairro,std_median_ohe,DecisionTree,yeojohnson,383993.86734561186,211493.28214285715,25.57239876168139,13.159596300357034,0.5699360227460166,
8,bairro,std_median_ohe,Linear,yeojohnson,431679.72698463587,283726.6065050768,37.60766128121678,25.866832162815868,0.45648967747826663,
8,bairro,std_median_ohe,RandomForest,yeojohnson,335348.5515574965,195394.617600838,23.81568130249106,14.745162455403987,0.6719973444304892,
8,bairro,std_median_ohe,GradientBoosting,yeojohnson,313407.0696651781,194709.1356627547,24.061017216330377,16.89054425453993,0.7135148812763441,
8,bairro,std_median_ohe,MLP,yeojohnson,882200.7949483049,694754.8249266786,75.13288915758385,76.69203236778328,-1.2699661431580163,
9,metro_quadrado_bairro_mean,std_median_ohe,Linear,yeojohnson,431830.4319396766,283916.6383670513,37.65506986989076,25.8668321628159,0.4561101183214923,
9,metro_quadrado_bairro_mean,std_median_ohe,RandomForest,yeojohnson,334997.03479859664,194756.67783878354,23.760387322315694,14.296912099147367,0.6726846174256826,
9,metro_quadrado_bairro_mean,std_median_ohe,DecisionTree,yeojohnson,440251.5933485673,234790.6286796537,28.127105532266423,14.866991370292887,0.4346903969644804,
9,metro_quadrado_bairro_mean,std_median_ohe,KNeighbors,yeojohnson,352161.9744690145,222643.64103896104,27.196160529625857,19.0013977445755,0.638282591696688,
9,metro_quadrado_bairro_mean,std_median_ohe,GradientBoosting,yeojohnson,324250.1018359638,196060.2924789387,23.713419884317965,16.346449836300287,0.6933487548840331,
9,metro_quadrado_bairro_mean,std_median_ohe,MLP,yeojohnson,945723.0900409382,765430.3880979067,84.82077331228537,85.91920048630372,-1.6086299444747496,
10,score_escola_publica,std_median_ohe,Linear,yeojohnson,432180.4942104553,283773.1940450943,37.60454369641336,26.00886986684171,0.45522795493190127,
10,score_escola_publica,std_median_ohe,DecisionTree,yeojohnson,389372.330070186,218241.37435064936,26.56444266209823,12.5,0.5578041502010223,
10,score_escola_publica,std_median_ohe,KNeighbors,yeojohnson,365556.2085252206,229413.46181818182,27.4256705717206,18.79176470588235,0.610243991839146,
10,score_escola_publica,std_median_ohe,RandomForest,yeojohnson,318467.28953839856,192712.11835494026,23.46115298180518,14.632371566304512,0.7041891132040871,
10,score_escola_publica,std_median_ohe,GradientBoosting,yeojohnson,315068.659778749,190344.60865038255,23.149716939527615,15.004331429518897,0.7104691127096017,
10,score_escola_publica,std_median_ohe,MLP,yeojohnson,908265.2907760885,729493.5893698556,80.68135148379073,82.04972902430563,-1.4060792408872969,
11,score_mercado,std_median_ohe,Linear,yeojohnson,432795.89183027,282697.0058098495,37.53075760392413,25.22525978361002,0.4536754086566629,
11,score_mercado,std_median_ohe,KNeighbors,yeojohnson,375545.46744191146,233237.71194805193,27.495129682630253,18.928902272240126,0.5886518583998921,
11,score_mercado,std_median_ohe,DecisionTree,yeojohnson,423503.74366064626,228754.68863636363,27.647397470394715,12.54341163968956,0.47688280266120364,
11,score_mercado,std_median_ohe,GradientBoosting,yeojohnson,323706.39448385034,195317.85392377691,23.787189788429725,16.079145872930052,0.6943762873296777,
11,score_mercado,std_median_ohe,RandomForest,yeojohnson,327587.0337281011,198466.32768967576,24.261608042457468,14.916278359473504,0.6870046415672287,
11,score_mercado,std_median_ohe,MLP,yeojohnson,872799.0755390702,689658.9156448959,75.23378750402651,76.9906351462254,-1.2218413512577495,
12,score_hospitais,std_median_ohe,DecisionTree,yeojohnson,442374.4099509894,239549.9206709957,28.76789702716968,14.899737380931183,0.42922560436936097,
12,score_hospitais,std_median_ohe,Linear,yeojohnson,432426.5180117707,282890.4627853212,37.56782367622834,25.23490738070649,0.45460754267655323,
12,score_hospitais,std_median_ohe,KNeighbors,yeojohnson,369859.9697327586,231083.32103896106,27.443872343769954,18.96771682811094,0.6010126286789215,
12,score_hospitais,std_median_ohe,RandomForest,yeojohnson,326341.11079757294,199160.37248657818,24.368282329111643,14.916037467358898,0.6893809658088732,
12,score_hospitais,std_median_ohe,GradientBoosting,yeojohnson,323545.7543067599,197886.05531085993,24.072380143978332,16.67215113153031,0.6946795452590131,
12,score_hospitais,std_median_ohe,MLP,yeojohnson,876403.8937920937,694997.7975193965,76.08394482200198,77.92721973584702,-1.2402324666559887,
13,lat,std_median_ohe,DecisionTree,yeojohnson,484915.17336282274,235081.2659090909,28.589037977657394,14.528508771929827,0.3141706960955569,
13,lat,std_median_ohe,KNeighbors,yeojohnson,364206.9353658484,230148.0036363636,27.57795184348273,19.03136206927431,0.6131158718919967,
13,lat,std_median_ohe,RandomForest,yeojohnson,336125.9555358646,200314.4688279862,24.790955328862477,14.608872027553488,0.6704748322422287,
13,lat,std_median_ohe,Linear,yeojohnson,432248.2544095427,282339.32567657466,37.4859704124563,25.250737395182544,0.45505711540291327,
13,lat,std_median_ohe,GradientBoosting,yeojohnson,341681.3937972448,200183.70496110382,24.378168409865843,16.70153694648671,0.6594921330397658,
13,lat,std_median_ohe,MLP,yeojohnson,878428.1252110283,697403.5727382115,76.46341584894736,78.29183268229166,-1.250592954406398,
14,valor_bairro_mean,std_median_ohe,KNeighbors,yeojohnson,361373.3068279499,228905.42025974026,27.482972930324863,18.928902272240126,0.6191125792563272,
14,valor_bairro_mean,std_median_ohe,Linear,yeojohnson,432216.7936518523,282299.4276685579,37.476016775043476,25.250737395182547,0.45513643876376697,
14,valor_bairro_mean,std_median_ohe,RandomForest,yeojohnson,333776.3444545723,199492.38691935115,24.663475876156507,14.516084713521888,0.6750656699561507,
14,valor_bairro_mean,std_median_ohe,DecisionTree,yeojohnson,511370.86265672377,240370.0366883117,28.85771044080737,13.636363636363635,0.2372952560419016,
14,valor_bairro_mean,std_median_ohe,GradientBoosting,yeojohnson,341571.637154945,199307.47797535817,24.485392143512417,15.881969871343966,0.6597108572562995,
14,valor_bairro_mean,std_median_ohe,MLP,yeojohnson,907725.0780649701,730935.2284561355,81.10637299520323,82.93457845052083,-1.4032179446097133,
15,score_farmacia,std_median_ohe,KNeighbors,yeojohnson,363650.4968248333,230163.95324675326,27.68472043448013,18.96771682811094,0.614297138736053,
15,score_farmacia,std_median_ohe,DecisionTree,yeojohnson,498846.6954209773,237157.1607142857,28.821704049721614,13.702106946665737,0.27419711637079514,
15,score_farmacia,std_median_ohe,Linear,yeojohnson,432236.0977797336,282258.43112363643,37.47180531149504,25.217216815753225,0.45508776712072063,
15,score_farmacia,std_median_ohe,RandomForest,yeojohnson,335475.43545085716,199969.62169553046,24.692970740081268,14.707937393903766,0.6717490885354984,
15,score_farmacia,std_median_ohe,GradientBoosting,yeojohnson,343775.11691462365,202507.0764604296,24.95215365471914,16.511553862607176,0.6553062832046745,
15,score_farmacia,std_median_ohe,MLP,yeojohnson,910162.6393947337,733689.587919478,81.4412081944221,83.05217238019573,-1.4161422465917592,
16,score_seguranca,std_median_ohe,DecisionTree,yeojohnson,465840.370756693,224428.2853896104,27.937671626771348,13.432835820895523,0.36706554843400163,
16,score_seguranca,std_median_ohe,KNeighbors,yeojohnson,365140.4885802347,232448.10415584414,28.081367097389855,19.43561921975036,0.6111299689366154,
16,score_seguranca,std_median_ohe,RandomForest,yeojohnson,333863.5810126611,199275.0306793021,24.648109649769907,15.075829083347342,0.6748957965823363,
16,score_seguranca,std_median_ohe,Linear,yeojohnson,431854.10722193966,281887.026571726,37.421593257897605,24.968987091106797,0.4560504787106504,
16,score_seguranca,std_median_ohe,GradientBoosting,yeojohnson,348238.57920922,202448.30168010492,24.943363235944148,16.69828377144243,0.646297398051907,
16,score_seguranca,std_median_ohe,MLP,yeojohnson,880746.9965314082,699983.6295625761,76.64512874667012,78.48166165701052,-1.2624908516551834,
17,lng,std_median_ohe,KNeighbors,yeojohnson,367503.34848190844,232354.83999999997,27.900610171284907,19.450133729569096,0.6060808527660528,
17,lng,std_median_ohe,Linear,yeojohnson,431818.30845316616,281850.4153101655,37.422193082042845,25.099997326017988,0.4561406569245924,
17,lng,std_median_ohe,DecisionTree,yeojohnson,481346.43467826844,235472.4275974026,28.824206289346854,14.383025412513955,0.3242282869163827,
17,lng,std_median_ohe,GradientBoosting,yeojohnson,337687.5866795894,198470.67706514458,24.561057559356943,16.796437064034315,0.6674057912668967,
17,lng,std_median_ohe,RandomForest,yeojohnson,335377.45738414716,198424.57180137193,24.679211480983163,14.785539931241765,0.6719407967192749,
17,lng,std_median_ohe,MLP,yeojohnson,923007.4386139805,743541.7487919795,82.15159280983492,83.38441195343954,-1.484819761211598,
18,metro_quadrado_bairro_median,std_median_ohe,KNeighbors,yeojohnson,369022.52198809944,231538.37402597402,27.668809806345116,19.445752379021997,0.6028173808927575,
18,metro_quadrado_bairro_median,std_median_ohe,DecisionTree,yeojohnson,502137.6002480927,234809.85616883117,28.45881730922331,13.150181305793557,0.26458924728758326,
18,metro_quadrado_bairro_median,std_median_ohe,RandomForest,yeojohnson,332067.7554639815,197218.26634243704,24.552827742283895,14.599424053654777,0.6783838095250219,
18,metro_quadrado_bairro_median,std_median_ohe,GradientBoosting,yeojohnson,343234.0606910519,199429.77879573044,24.576834581694442,16.504162255109645,0.6563904333336026,
18,metro_quadrado_bairro_median,std_median_ohe,Linear,yeojohnson,431811.0603749575,281841.47720582725,37.41996323012382,25.099997326017977,0.4561589141494169,
18,metro_quadrado_bairro_median,std_median_ohe,MLP,yeojohnson,904889.4831182477,726701.9243015042,80.28083177997537,82.23758107300685,-1.3882268222720988,
19,novo_lancamento,std_median_ohe,Linear,yeojohnson,431971.46841380064,280760.5504425107,37.259524655456374,25.22649150219295,0.4557547897847586,
19,novo_lancamento,std_median_ohe,DecisionTree,yeojohnson,501737.9504156066,235472.36902597404,28.57762299153826,13.863795150782465,0.2657594039307595,
19,novo_lancamento,std_median_ohe,KNeighbors,yeojohnson,372004.94686097326,234714.1303896104,28.203275710393044,19.765325077399382,0.5963714104510359,
19,novo_lancamento,std_median_ohe,RandomForest,yeojohnson,334630.1816252533,198616.19098951473,24.667482999010698,15.265297821874416,0.6734011069864723,
19,novo_lancamento,std_median_ohe,GradientBoosting,yeojohnson,343746.8243298217,199385.83107841155,24.47539868003058,16.387787770508243,0.6553630172405525,
19,novo_lancamento,std_median_ohe,MLP,yeojohnson,941119.1770269239,760768.7304668477,84.1840894520513,85.55092793817269,-1.5832934109331935,
20,banheiros_por_quarto,std_median_ohe,DecisionTree,yeojohnson,499005.5948478345,241691.10971861475,29.02408887811429,14.383025412513955,0.273734657537393,
20,banheiros_por_quarto,std_median_ohe,Linear,yeojohnson,430136.1599517182,277247.9585861247,36.23551587440588,23.755853156726964,0.4603696127490662,
20,banheiros_por_quarto,std_median_ohe,KNeighbors,yeojohnson,373279.66850922286,236238.01116883117,28.60656578418296,19.179780576607687,0.5936005030807096,
20,banheiros_por_quarto,std_median_ohe,RandomForest,yeojohnson,332339.87447228585,199343.26649133698,24.653025486738432,14.782515587901774,0.6778564849869964,
20,banheiros_por_quarto,std_median_ohe,GradientBoosting,yeojohnson,331762.1920843899,197680.66660524608,24.52751565295362,16.078179953055578,0.678975429237227,
20,banheiros_por_quarto,std_median_ohe,MLP,yeojohnson,879834.9133689365,699820.6518042627,76.96215543279,79.4726768696232,-1.2578073016252098,
21,vagas_por_metro,std_median_ohe,DecisionTree,yeojohnson,502428.3396430146,240975.52476190476,29.294454515466594,13.79039695839285,0.26373739004227015,
21,vagas_por_metro,std_median_ohe,Linear,yeojohnson,428248.09695996915,276740.7387355407,36.15853248542213,23.702826186312574,0.46509658130828613,
21,vagas_por_metro,std_median_ohe,KNeighbors,yeojohnson,378638.6393557819,239786.1202597403,28.948011920233096,18.96037585330029,0.5818478330290028,
21,vagas_por_metro,std_median_ohe,RandomForest,yeojohnson,330275.85054866876,196854.97035015142,24.457424051479393,14.212743636750425,0.6818454566864625,
21,vagas_por_metro,std_median_ohe,GradientBoosting,yeojohnson,342150.36731970793,198098.11586673773,24.866843481669086,15.888275500373632,0.6585567659575331,
21,vagas_por_metro,std_median_ohe,MLP,yeojohnson,803130.801224016,618591.9879051307,66.86413648858442,70.61262890023286,-0.8812956625654955,
22,quartos_por_metro,std_median_ohe,KNeighbors,yeojohnson,371775.26697553083,238796.3051948052,29.29483052923777,20.176752356469578,0.5968696659196335,
22,quartos_por_metro,std_median_ohe,DecisionTree,yeojohnson,537869.0171930549,248471.2137229437,29.48137741584187,14.361913611469882,0.15620383562202556,
22,quartos_por_metro,std_median_ohe,Linear,yeojohnson,428483.26763860293,277099.04982741777,36.24314911465902,23.977993603285224,0.4645089399836001,
22,quartos_por_metro,std_median_ohe,RandomForest,yeojohnson,328492.17770148144,195271.22633377512,24.17121959806194,14.877281889811556,0.685272599518543,
22,quartos_por_metro,std_median_ohe,GradientBoosting,yeojohnson,334082.8949187653,198150.5306700304,24.47504711805443,16.44676869152856,0.674468536496921,
22,quartos_por_metro,std_median_ohe,MLP,yeojohnson,855142.4838888939,680455.0659585928,75.42870377993526,77.95239302526595,-1.1328556118789854,
23,bairro_rank,std_median_ohe,Linear,yeojohnson,428532.7794437297,277164.97248693573,36.259595305402556,23.97799360328539,0.4643851794411161,
23,bairro_rank,std_median_ohe,KNeighbors,yeojohnson,371531.2396788076,238666.0581818182,29.229882816505953,20.176752356469578,0.5973987087504484,
23,bairro_rank,std_median_ohe,DecisionTree,yeojohnson,518906.7271347068,245401.29683982683,28.994346879830076,14.9140625,0.21465028221255067,
23,bairro_rank,std_median_ohe,RandomForest,yeojohnson,329068.0768499644,194819.17294006236,24.091992359395036,14.969761434569385,0.6841680975826372,
23,bairro_rank,std_median_ohe,GradientBoosting,yeojohnson,335357.526359206,198496.26975886468,24.532049707636595,16.44676869152856,0.6719797877828068,
23,bairro_rank,std_median_ohe,MLP,yeojohnson,872650.0570940534,697651.0252834172,77.45428744386123,80.20411304032397,-1.2210827182859059,
24,score_educacao,std_median_ohe,Linear,yeojohnson,428532.7794437297,277164.97248693573,36.259595305402556,23.97799360328539,0.4643851794411161,
24,score_educacao,std_median_ohe,DecisionTree,yeojohnson,518906.7271347068,245401.29683982683,28.994346879830076,14.9140625,0.21465028221255067,
24,score_educacao,std_median_ohe,KNeighbors,yeojohnson,371531.2396788076,238666.0581818182,29.229882816505953,20.176752356469578,0.5973987087504484,
24,score_educacao,std_median_ohe,RandomForest,yeojohnson,329068.0768499644,194819.17294006236,24.09199235939504,14.969761434569385,0.6841680975826372,
24,score_educacao,std_median_ohe,GradientBoosting,yeojohnson,335357.526359206,198496.26975886468,24.532049707636595,16.44676869152856,0.6719797877828068,
24,score_educacao,std_median_ohe,MLP,yeojohnson,871423.3760190445,697546.595407481,77.6446752614548,80.1017589480378,-1.2148427709847387,
25,score_escola_privada,std_median_ohe,Linear,yeojohnson,428532.7794437297,277164.97248693573,36.259595305402556,23.97799360328539,0.4643851794411161,
25,score_escola_privada,std_median_ohe,KNeighbors,yeojohnson,371531.2396788076,238666.0581818182,29.229882816505953,20.176752356469578,0.5973987087504484,
25,score_escola_privada,std_median_ohe,DecisionTree,yeojohnson,518906.7271347068,245401.29683982683,28.994346879830076,14.9140625,0.21465028221255067,
25,score_escola_privada,std_median_ohe,RandomForest,yeojohnson,329068.0768499644,194819.17294006236,24.091992359395036,14.969761434569385,0.6841680975826372,
25,score_escola_privada,std_median_ohe,GradientBoosting,yeojohnson,335357.526359206,198496.26975886468,24.532049707636595,16.44676869152856,0.6719797877828068,
25,score_escola_privada,std_median_ohe,MLP,yeojohnson,864135.2804979609,687651.5823744737,75.96355733523774,78.86024221204305,-1.1779502916872326,
1,metragem,std_median_ohe,DecisionTree,yeojohnson,470777.1163041243,282154.6202374155,35.2571314014759,24.45649964277466,0.3535794136676874,
1,metragem,std_median_ohe,Linear,yeojohnson,494825.68297358934,339651.15228558896,44.40962571331812,35.04469116560821,0.2858507973565907,
1,metragem,std_median_ohe,KNeighbors,yeojohnson,464442.90456808533,300827.4005194805,37.05869819656584,27.465029738091427,0.3708573099321857,
1,metragem,std_median_ohe,RandomForest,yeojohnson,436061.00591285666,281616.01108019747,35.3203856831811,24.317331780191036,0.4454011116963359,
1,metragem,std_median_ohe,GradientBoosting,yeojohnson,449238.7849761607,276736.1362971441,35.017803745077494,26.15862616955726,0.4113746278141419,
1,metragem,std_median_ohe,MLP,yeojohnson,1016876.5466475101,840267.9341830167,94.70724558185873,95.20364385658587,-2.0159278783439363,
2,tipo_imovel,std_median_ohe,DecisionTree,yeojohnson,464142.1110790825,232031.8183922952,29.05854360310267,18.260837105869264,0.3716719665552901,
2,tipo_imovel,std_median_ohe,Linear,yeojohnson,451341.15799746045,290157.05495861196,38.47598982761668,25.714425648415762,0.4058523718183116,
2,tipo_imovel,std_median_ohe,RandomForest,yeojohnson,387747.32450690604,226878.13094942717,28.305697609816583,17.903532689378533,0.5614873665979778,
2,tipo_imovel,std_median_ohe,KNeighbors,yeojohnson,399563.04118058796,247612.54597402597,29.996408581948746,20.452303258087575,0.5343548218413483,
2,tipo_imovel,std_median_ohe,GradientBoosting,yeojohnson,411689.8976592189,228730.52496675923,28.693097765269098,17.778026126845027,0.5056609594687764,
2,tipo_imovel,std_median_ohe,MLP,yeojohnson,968493.7943236756,786478.782876369,87.16195155742959,87.57145330774854,-1.7357611297329565,
3,banheiros,std_median_ohe,Linear,yeojohnson,440397.026524565,286991.74155214103,38.20267459641825,26.8167745809105,0.4343168453331365,
3,banheiros,std_median_ohe,DecisionTree,yeojohnson,435152.8795223672,214492.52382368533,26.562847586177746,15.745614035087721,0.4477086853686253,
3,banheiros,std_median_ohe,KNeighbors,yeojohnson,408818.7271533524,239398.21584415587,28.567035814835716,19.627314814814817,0.512532065093296,
3,banheiros,std_median_ohe,GradientBoosting,yeojohnson,356493.7085525965,210355.88595074744,25.873764245111254,17.687083878884795,0.6293293243526011,
3,banheiros,std_median_ohe,RandomForest,yeojohnson,395981.4788031829,216044.82364187093,26.328457330171883,16.533185626303126,0.5426652136132786,
3,banheiros,std_median_ohe,MLP,yeojohnson,982266.2082968461,806358.3130423013,90.59495440801379,90.82421973594472,-1.8141218466889972,
4,tem_elevador,std_median_ohe,Linear,yeojohnson,439644.6036798934,285710.7574754071,37.9418263857203,26.39328794835657,0.4362481450635529,
4,tem_elevador,std_median_ohe,DecisionTree,yeojohnson,462845.0233466514,219468.77090863412,26.59122556519135,15.523877734023927,0.3751789002004645,
4,tem_elevador,std_median_ohe,KNeighbors,yeojohnson,407547.53054278565,237820.64155844157,28.443103662560613,20.03266070063733,0.5155588548974518,
4,tem_elevador,std_median_ohe,RandomForest,yeojohnson,394430.97206363553,213599.09777753468,25.996635945742497,16.414742726839957,0.5462396857925578,
4,tem_elevador,std_median_ohe,GradientBoosting,yeojohnson,374766.0979789698,213745.81745173002,26.0635434760914,17.37937542086641,0.5903574282736341,
4,tem_elevador,std_median_ohe,MLP,yeojohnson,931935.2236788934,747170.0381338937,81.90297171910767,82.7518719951923,-1.5331210485729323,
5,quartos,std_median_ohe,DecisionTree,yeojohnson,456106.0020195242,204464.37593741695,24.496447342731756,12.052697615839383,0.3932412266649392,
5,quartos,std_median_ohe,Linear,yeojohnson,439392.6591601176,285613.5453173959,37.928956342396496,26.495872491896073,0.43689409177519933,
5,quartos,std_median_ohe,KNeighbors,yeojohnson,402243.91219376225,240855.4251948052,28.08920715985172,20.085384615384616,0.5280853605222666,
5,quartos,std_median_ohe,RandomForest,yeojohnson,390413.37055391766,205547.68148550048,24.583197811551162,15.01579550212995,0.5554364463762212,
5,quartos,std_median_ohe,GradientBoosting,yeojohnson,381435.7477888515,211078.57153917823,25.435255126194285,17.758478420902925,0.575647002090973,
5,quartos,std_median_ohe,MLP,yeojohnson,930433.0824040023,750168.0346932152,82.96761470924137,83.65585322233161,-1.5249615993925039,
6,vagas,std_median_ohe,DecisionTree,yeojohnson,443903.72293681494,190981.14979334155,22.954032560290834,10.0,0.425272385128422,
6,vagas,std_median_ohe,Linear,yeojohnson,438580.1888077943,285705.56516435166,37.968897855374486,26.16869371436864,0.438974617535856,
6,vagas,std_median_ohe,RandomForest,yeojohnson,373106.63721061556,194965.57483773943,23.877127191150045,14.052434323097252,0.5939771833046368,
6,vagas,std_median_ohe,GradientBoosting,yeojohnson,349210.41778280074,203791.47837579358,25.214627461895965,16.53484330386768,0.6443204690303019,
6,vagas,std_median_ohe,KNeighbors,yeojohnson,374527.8153509762,219651.6672727273,26.230691786568382,18.19538670284939,0.5908781780308026,
6,vagas,std_median_ohe,MLP,yeojohnson,947450.168623601,771562.7765273453,86.24272494412934,87.02942353219697,-1.6181663991728392,
7,score_parque,std_median_ohe,DecisionTree,yeojohnson,408391.36467888916,214236.68777056277,25.708332119173132,12.786095336430908,0.5135506907165791,
7,score_parque,std_median_ohe,Linear,yeojohnson,438593.806736381,285697.54962927004,37.959708289748875,26.20089708501935,0.4389397772836061,
7,score_parque,std_median_ohe,KNeighbors,yeojohnson,369747.1904849198,232307.9228571429,28.284634937320373,19.382530303030304,0.6012559133753165,
7,score_parque,std_median_ohe,RandomForest,yeojohnson,342895.3303174743,198289.17186597508,24.458190154034206,14.858906664819777,0.6570683005869362,
7,score_parque,std_median_ohe,GradientBoosting,yeojohnson,330859.9300301332,199670.20199033374,24.62963844630055,16.837625168648856,0.6807191747944047,
7,score_parque,std_median_ohe,MLP,yeojohnson,939333.0339362476,763117.0234590209,85.1716556736642,85.9636828044994,-1.5734970892206044,
8,bairro,std_median_ohe,DecisionTree,yeojohnson,383993.86734561186,211493.28214285715,25.57239876168139,13.159596300357034,0.5699360227460166,
8,bairro,std_median_ohe,KNeighbors,yeojohnson,364188.6398715415,222997.45688311686,27.254694545123453,18.885178186299683,0.6131547402269601,
8,bairro,std_median_ohe,Linear,yeojohnson,431679.72698463587,283726.6065050768,37.60766128121678,25.866832162815868,0.45648967747826663,
8,bairro,std_median_ohe,RandomForest,yeojohnson,335348.5515574965,195394.617600838,23.81568130249106,14.745162455403987,0.6719973444304892,
8,bairro,std_median_ohe,GradientBoosting,yeojohnson,313407.0696651781,194709.1356627547,24.061017216330377,16.89054425453993,0.7135148812763441,
8,bairro,std_median_ohe,MLP,yeojohnson,937873.2748439059,755636.0724106033,83.31065629896058,84.21130678447473,-1.5655046805145587,
9,metro_quadrado_bairro_mean,std_median_ohe,DecisionTree,yeojohnson,440251.5933485673,234790.6286796537,28.127105532266423,14.866991370292887,0.4346903969644804,
9,metro_quadrado_bairro_mean,std_median_ohe,Linear,yeojohnson,431830.4319396766,283916.6383670513,37.65506986989076,25.8668321628159,0.4561101183214923,
9,metro_quadrado_bairro_mean,std_median_ohe,KNeighbors,yeojohnson,352161.9744690145,222643.64103896104,27.196160529625857,19.0013977445755,0.638282591696688,
9,metro_quadrado_bairro_mean,std_median_ohe,RandomForest,yeojohnson,334997.03479859664,194756.67783878354,23.760387322315697,14.296912099147367,0.6726846174256826,
9,metro_quadrado_bairro_mean,std_median_ohe,GradientBoosting,yeojohnson,324250.1018359638,196060.2924789387,23.713419884317965,16.346449836300287,0.6933487548840331,
9,metro_quadrado_bairro_mean,std_median_ohe,MLP,yeojohnson,952512.8260065124,774357.3260345855,86.2566705189366,87.27447419797556,-1.6462212633056978,
10,score_escola_publica,std_median_ohe,DecisionTree,yeojohnson,389372.330070186,218241.37435064936,26.56444266209823,12.5,0.5578041502010223,
10,score_escola_publica,std_median_ohe,Linear,yeojohnson,432180.4942104553,283773.1940450943,37.60454369641336,26.00886986684171,0.45522795493190127,
10,score_escola_publica,std_median_ohe,RandomForest,yeojohnson,318467.28953839856,192712.11835494026,23.461152981805185,14.632371566304517,0.7041891132040871,
10,score_escola_publica,std_median_ohe,KNeighbors,yeojohnson,365556.2085252206,229413.46181818182,27.4256705717206,18.79176470588235,0.610243991839146,
10,score_escola_publica,std_median_ohe,GradientBoosting,yeojohnson,315068.659778749,190344.60865038255,23.149716939527615,15.004331429518897,0.7104691127096017,
10,score_escola_publica,std_median_ohe,MLP,yeojohnson,888988.2050842117,707449.1306748427,77.58600637690647,79.31733308189655,-1.3050294998028074,
11,score_mercado,std_median_ohe,KNeighbors,yeojohnson,375545.46744191146,233237.71194805193,27.495129682630253,18.928902272240126,0.5886518583998921,
11,score_mercado,std_median_ohe,DecisionTree,yeojohnson,423503.74366064626,228754.68863636363,27.647397470394715,12.54341163968956,0.47688280266120364,
11,score_mercado,std_median_ohe,Linear,yeojohnson,432795.89183027,282697.0058098495,37.53075760392413,25.22525978361002,0.4536754086566629,
11,score_mercado,std_median_ohe,GradientBoosting,yeojohnson,323706.39448385034,195317.85392377691,23.787189788429725,16.079145872930052,0.6943762873296777,
11,score_mercado,std_median_ohe,RandomForest,yeojohnson,327587.0337281011,198466.32768967576,24.261608042457468,14.916278359473495,0.6870046415672287,
11,score_mercado,std_median_ohe,MLP,yeojohnson,916390.9362194384,735994.4011881247,81.21558212974307,82.55916170900178,-1.4493229972614436,
12,score_hospitais,std_median_ohe,KNeighbors,yeojohnson,369859.9697327586,231083.32103896106,27.443872343769954,18.96771682811094,0.6010126286789215,
12,score_hospitais,std_median_ohe,Linear,yeojohnson,432426.5180117707,282890.4627853212,37.56782367622834,25.23490738070649,0.45460754267655323,
12,score_hospitais,std_median_ohe,DecisionTree,yeojohnson,442374.4099509894,239549.9206709957,28.76789702716968,14.899737380931183,0.42922560436936097,
12,score_hospitais,std_median_ohe,RandomForest,yeojohnson,326341.11079757294,199160.37248657818,24.368282329111643,14.916037467358898,0.6893809658088732,
12,score_hospitais,std_median_ohe,GradientBoosting,yeojohnson,323545.7543067599,197886.05531085993,24.072380143978332,16.67215113153031,0.6946795452590131,
12,score_hospitais,std_median_ohe,MLP,yeojohnson,910215.3172791073,730582.1005422815,80.67331985656863,82.09568114600472,-1.4164219349455274,
13,lat,std_median_ohe,DecisionTree,yeojohnson,484915.17336282274,235081.2659090909,28.589037977657394,14.528508771929827,0.3141706960955569,
13,lat,std_median_ohe,Linear,yeojohnson,432248.2544095427,282339.32567657466,37.4859704124563,25.250737395182544,0.45505711540291327,
13,lat,std_median_ohe,KNeighbors,yeojohnson,364206.9353658484,230148.0036363636,27.57795184348273,19.03136206927431,0.6131158718919967,
13,lat,std_median_ohe,RandomForest,yeojohnson,336125.9555358646,200314.4688279862,24.790955328862477,14.608872027553483,0.6704748322422287,
13,lat,std_median_ohe,GradientBoosting,yeojohnson,341681.3937972448,200183.70496110382,24.378168409865843,16.70153694648671,0.6594921330397658,
13,lat,std_median_ohe,MLP,yeojohnson,898477.0610434044,718792.6033395743,79.22793168515608,80.89636174234207,-1.3544988215060894,
14,valor_bairro_mean,std_median_ohe,KNeighbors,yeojohnson,361373.3068279499,228905.42025974026,27.482972930324863,18.928902272240126,0.6191125792563272,
14,valor_bairro_mean,std_median_ohe,Linear,yeojohnson,432216.7936518523,282299.4276685579,37.476016775043476,25.250737395182547,0.45513643876376697,
14,valor_bairro_mean,std_median_ohe,DecisionTree,yeojohnson,511370.86265672377,240370.0366883117,28.85771044080737,13.636363636363635,0.2372952560419016,
14,valor_bairro_mean,std_median_ohe,GradientBoosting,yeojohnson,341571.637154945,199307.47797535817,24.485392143512417,15.881969871343966,0.6597108572562995,
14,valor_bairro_mean,std_median_ohe,RandomForest,yeojohnson,333776.3444545723,199492.38691935115,24.663475876156507,14.516084713521888,0.6750656699561507,
14,valor_bairro_mean,std_median_ohe,MLP,yeojohnson,882148.8334847353,703811.5490311263,77.58661886852227,79.54977109500715,-1.2696987498614147,
15,score_farmacia,std_median_ohe,DecisionTree,yeojohnson,498846.6954209773,237157.1607142857,28.821704049721614,13.702106946665737,0.27419711637079514,
15,score_farmacia,std_median_ohe,Linear,yeojohnson,432236.0977797336,282258.43112363643,37.47180531149504,25.217216815753225,0.45508776712072063,
15,score_farmacia,std_median_ohe,RandomForest,yeojohnson,335475.43545085716,199969.62169553046,24.69297074008127,14.707937393903755,0.6717490885354984,
15,score_farmacia,std_median_ohe,KNeighbors,yeojohnson,363650.4968248333,230163.95324675326,27.68472043448013,18.96771682811094,0.614297138736053,
15,score_farmacia,std_median_ohe,GradientBoosting,yeojohnson,343775.11691462365,202507.0764604296,24.95215365471914,16.511553862607176,0.6553062832046745,
15,score_farmacia,std_median_ohe,MLP,yeojohnson,924853.5032638289,748101.2214296812,83.17356538135063,84.63969263065229,-1.494769248056286,
16,score_seguranca,std_median_ohe,Linear,yeojohnson,431854.10722193966,281887.026571726,37.421593257897605,24.968987091106797,0.4560504787106504,
16,score_seguranca,std_median_ohe,KNeighbors,yeojohnson,365140.4885802347,232448.10415584414,28.081367097389855,19.43561921975036,0.6111299689366154,
16,score_seguranca,std_median_ohe,DecisionTree,yeojohnson,465840.370756693,224428.2853896104,27.937671626771348,13.432835820895523,0.36706554843400163,
16,score_seguranca,std_median_ohe,RandomForest,yeojohnson,333863.5810126611,199275.0306793021,24.648109649769907,15.075829083347353,0.6748957965823363,
16,score_seguranca,std_median_ohe,GradientBoosting,yeojohnson,348238.57920922,202448.30168010492,24.943363235944148,16.69828377144243,0.646297398051907,
16,score_seguranca,std_median_ohe,MLP,yeojohnson,923700.1672600105,745774.1456993202,82.65902868907526,84.31176046068603,-1.4885509375544301,
17,lng,std_median_ohe,DecisionTree,yeojohnson,481346.43467826844,235472.4275974026,28.824206289346854,14.383025412513955,0.3242282869163827,
17,lng,std_median_ohe,Linear,yeojohnson,431818.30845316616,281850.4153101655,37.422193082042845,25.099997326017988,0.4561406569245924,
17,lng,std_median_ohe,KNeighbors,yeojohnson,367503.34848190844,232354.83999999997,27.900610171284907,19.450133729569096,0.6060808527660528,
17,lng,std_median_ohe,RandomForest,yeojohnson,335377.4573841471,198424.57180137193,24.679211480983163,14.785539931241765,0.671940796719275,
17,lng,std_median_ohe,GradientBoosting,yeojohnson,337687.5866795894,198470.67706514458,24.561057559356943,16.796437064034315,0.6674057912668967,
17,lng,std_median_ohe,MLP,yeojohnson,893588.9522964904,714216.0692579394,78.56815172554847,80.65669694567016,-1.328949501094308,
18,metro_quadrado_bairro_median,std_median_ohe,DecisionTree,yeojohnson,502137.6002480927,234809.85616883117,28.45881730922331,13.150181305793557,0.26458924728758326,
18,metro_quadrado_bairro_median,std_median_ohe,Linear,yeojohnson,431811.0603749575,281841.47720582725,37.41996323012382,25.099997326017977,0.4561589141494169,
18,metro_quadrado_bairro_median,std_median_ohe,KNeighbors,yeojohnson,369022.52198809944,231538.37402597402,27.668809806345116,19.445752379021997,0.6028173808927575,
18,metro_quadrado_bairro_median,std_median_ohe,RandomForest,yeojohnson,332067.7554639815,197218.26634243707,24.552827742283895,14.599424053654769,0.6783838095250219,
18,metro_quadrado_bairro_median,std_median_ohe,GradientBoosting,yeojohnson,343234.0606910519,199429.77879573044,24.576834581694442,16.504162255109645,0.6563904333336026,
18,metro_quadrado_bairro_median,std_median_ohe,MLP,yeojohnson,909003.580419448,729667.1431983056,80.47452994363958,82.09129670589826,-1.4099924265509536,
19,novo_lancamento,std_median_ohe,KNeighbors,yeojohnson,372004.94686097326,234714.1303896104,28.203275710393044,19.765325077399382,0.5963714104510359,
19,novo_lancamento,std_median_ohe,DecisionTree,yeojohnson,501737.9504156066,235472.36902597404,28.57762299153826,13.863795150782465,0.2657594039307595,
19,novo_lancamento,std_median_ohe,Linear,yeojohnson,431971.46841380064,280760.5504425107,37.259524655456374,25.22649150219295,0.4557547897847586,
19,novo_lancamento,std_median_ohe,RandomForest,yeojohnson,334630.1816252533,198616.1909895147,24.667482999010698,15.265297821874407,0.6734011069864723,
19,novo_lancamento,std_median_ohe,GradientBoosting,yeojohnson,343746.8243298217,199385.83107841155,24.47539868003058,16.387787770508243,0.6553630172405525,
19,novo_lancamento,std_median_ohe,MLP,yeojohnson,892011.7051376769,709414.2898025315,77.61627516911123,79.6951175993217,-1.3207352385240845,
20,banheiros_por_quarto,std_median_ohe,DecisionTree,yeojohnson,499005.5948478345,241691.10971861475,29.02408887811429,14.383025412513955,0.273734657537393,
20,banheiros_por_quarto,std_median_ohe,Linear,yeojohnson,430136.1599517182,277247.9585861247,36.23551587440588,23.755853156726964,0.4603696127490662,
20,banheiros_por_quarto,std_median_ohe,KNeighbors,yeojohnson,373279.66850922286,236238.01116883117,28.60656578418296,19.179780576607687,0.5936005030807096,
20,banheiros_por_quarto,std_median_ohe,RandomForest,yeojohnson,332339.87447228585,199343.26649133698,24.653025486738432,14.782515587901768,0.6778564849869964,
20,banheiros_por_quarto,std_median_ohe,GradientBoosting,yeojohnson,331762.1920843899,197680.66660524608,24.52751565295362,16.078179953055578,0.678975429237227,
20,banheiros_por_quarto,std_median_ohe,MLP,yeojohnson,834542.7985124218,651441.5443942776,70.80063349847026,74.20004660061699,-1.0313357779300407,
21,vagas_por_metro,std_median_ohe,KNeighbors,yeojohnson,378638.6393557819,239786.1202597403,28.948011920233096,18.96037585330029,0.5818478330290028,
21,vagas_por_metro,std_median_ohe,DecisionTree,yeojohnson,502428.3396430146,240975.52476190476,29.294454515466594,13.79039695839285,0.26373739004227015,
21,vagas_por_metro,std_median_ohe,Linear,yeojohnson,428248.09695996915,276740.7387355407,36.15853248542213,23.702826186312574,0.46509658130828613,
21,vagas_por_metro,std_median_ohe,RandomForest,yeojohnson,330275.85054866876,196854.97035015142,24.457424051479393,14.212743636750425,0.6818454566864625,
21,vagas_por_metro,std_median_ohe,GradientBoosting,yeojohnson,342150.36731970793,198098.11586673773,24.866843481669086,15.888275500373632,0.6585567659575331,
21,vagas_por_metro,std_median_ohe,MLP,yeojohnson,858933.4220941594,678165.9397036069,74.21533933027551,76.7920202245671,-1.1518078823474567,
22,quartos_por_metro,std_median_ohe,DecisionTree,yeojohnson,537869.0171930549,248471.2137229437,29.48137741584187,14.361913611469882,0.15620383562202556,
22,quartos_por_metro,std_median_ohe,Linear,yeojohnson,428483.26763860293,277099.04982741777,36.24314911465902,23.977993603285224,0.4645089399836001,
22,quartos_por_metro,std_median_ohe,KNeighbors,yeojohnson,371775.26697553083,238796.3051948052,29.29483052923777,20.176752356469578,0.5968696659196335,
22,quartos_por_metro,std_median_ohe,RandomForest,yeojohnson,328492.1777014815,195271.22633377506,24.171219598061935,14.87728188981155,0.6852725995185429,
22,quartos_por_metro,std_median_ohe,GradientBoosting,yeojohnson,334082.8949187653,198150.5306700304,24.47504711805443,16.44676869152856,0.674468536496921,
22,quartos_por_metro,std_median_ohe,MLP,yeojohnson,857067.4427294427,680411.3620791547,75.09629659458813,77.68442946255651,-1.1424687005563094,
23,bairro_rank,std_median_ohe,Linear,yeojohnson,428532.7794437297,277164.97248693573,36.259595305402556,23.97799360328539,0.4643851794411161,
23,bairro_rank,std_median_ohe,DecisionTree,yeojohnson,518906.7271347068,245401.29683982683,28.994346879830076,14.9140625,0.21465028221255067,
23,bairro_rank,std_median_ohe,KNeighbors,yeojohnson,371531.2396788076,238666.0581818182,29.229882816505953,20.176752356469578,0.5973987087504484,
23,bairro_rank,std_median_ohe,RandomForest,yeojohnson,329068.0768499644,194819.17294006236,24.09199235939504,14.969761434569385,0.6841680975826372,
23,bairro_rank,std_median_ohe,GradientBoosting,yeojohnson,335357.526359206,198496.26975886468,24.532049707636595,16.44676869152856,0.6719797877828068,
23,bairro_rank,std_median_ohe,MLP,yeojohnson,818695.0586530794,639221.2493872308,69.9044336488974,73.43433724211104,-0.9549192739020882,
24,score_educacao,std_median_ohe,Linear,yeojohnson,428532.7794437297,277164.97248693573,36.259595305402556,23.97799360328539,0.4643851794411161,
24,score_educacao,std_median_ohe,DecisionTree,yeojohnson,518906.7271347068,245401.29683982683,28.994346879830076,14.9140625,0.21465028221255067,
24,score_educacao,std_median_ohe,KNeighbors,yeojohnson,371531.2396788076,238666.0581818182,29.229882816505953,20.176752356469578,0.5973987087504484,
24,score_educacao,std_median_ohe,RandomForest,yeojohnson,329068.0768499644,194819.17294006236,24.09199235939504,14.969761434569385,0.6841680975826372,
24,score_educacao,std_median_ohe,GradientBoosting,yeojohnson,335357.526359206,198496.26975886468,24.532049707636595,16.44676869152856,0.6719797877828068,
24,score_educacao,std_median_ohe,MLP,yeojohnson,840525.4995861156,663387.2160500663,73.10073243475388,76.09588545764952,-1.060564801891065,
25,score_escola_privada,std_median_ohe,KNeighbors,yeojohnson,371531.2396788076,238666.0581818182,29.229882816505953,20.176752356469578,0.5973987087504484,
25,score_escola_privada,std_median_ohe,DecisionTree,yeojohnson,518906.7271347068,245401.29683982683,28.994346879830076,14.9140625,0.21465028221255067,
25,score_escola_privada,std_median_ohe,Linear,yeojohnson,428532.7794437297,277164.97248693573,36.259595305402556,23.97799360328539,0.4643851794411161,
25,score_escola_privada,std_median_ohe,RandomForest,yeojohnson,329068.0768499644,194819.17294006236,24.091992359395036,14.969761434569385,0.6841680975826372,
25,score_escola_privada,std_median_ohe,GradientBoosting,yeojohnson,335357.526359206,198496.26975886468,24.532049707636595,16.44676869152856,0.6719797877828068,
25,score_escola_privada,std_median_ohe,MLP,yeojohnson,899309.2897373008,725931.0203598915,81.00961145234527,83.25243065356183,-1.3588626256909104,
1,metragem,robust_median_ohe,Linear,none,578571.9684911502,404539.5383356045,57.2869349451753,40.85153597286085,0.023664081099237455,
1,metragem,robust_median_ohe,DecisionTree,none,479343.3474300868,285611.3734841687,35.39531467040734,24.81723596555449,0.3298409313212227,
1,metragem,robust_median_ohe,RandomForest,none,438636.9320122993,283045.3059881328,35.262580296002746,24.474815260667352,0.438829437985219,
1,metragem,robust_median_ohe,KNeighbors,none,458058.163519532,298462.0628571429,36.774586170392986,27.266931417710733,0.388036182403544,
1,metragem,robust_median_ohe,GradientBoosting,none,452699.7638668785,279550.22726408875,35.13191852139029,26.333015210184186,0.4022700378917181,
1,metragem,robust_median_ohe,MLP,none,1029422.689796042,852152.4472199675,96.13316513502492,96.47803240772781,-2.090807539545854,
2,tipo_imovel,robust_median_ohe,DecisionTree,none,463824.0403288764,232173.03379633557,29.08015856690579,18.285936787283692,0.3725328420755676,
2,tipo_imovel,robust_median_ohe,Linear,none,563391.4401626065,391215.4008055578,54.74598045165473,40.62535905552127,0.07422600200813534,
2,tipo_imovel,robust_median_ohe,KNeighbors,none,399849.5257558028,247928.99298701299,29.859915289993378,20.623188405797098,0.5336868522299734,
2,tipo_imovel,robust_median_ohe,RandomForest,none,387493.715999626,226778.43607154407,28.27205737371552,17.898844506462925,0.5620608027425447,
2,tipo_imovel,robust_median_ohe,GradientBoosting,none,414081.1586504598,229378.7934092466,28.723673602874626,17.778026126845027,0.49990164057742303,
2,tipo_imovel,robust_median_ohe,MLP,none,982181.833708146,797498.4251471185,87.94515641868124,88.88595434513404,-1.8136384132296195,
3,banheiros,robust_median_ohe,Linear,none,490907.28241718496,330970.82893022796,43.61074421911746,34.39176730102768,0.2971163525657534,
3,banheiros,robust_median_ohe,DecisionTree,none,439272.63313231483,216786.34425658575,26.84975763451684,15.805296068453961,0.43720168969604645,
3,banheiros,robust_median_ohe,KNeighbors,none,380047.14416020917,234564.62909090906,28.50026541248587,19.528272817430132,0.5787310629282505,
3,banheiros,robust_median_ohe,RandomForest,none,385167.6746519766,216295.2444841842,26.36266260441207,16.757890811228915,0.5673027317146339,
3,banheiros,robust_median_ohe,GradientBoosting,none,356978.8617130139,210401.06134159843,25.866615747203188,17.695440877773038,0.6283197445906843,
3,banheiros,robust_median_ohe,MLP,none,990447.1154260638,814036.3105665331,91.26213949421779,91.87810262443364,-1.8611924679580985,
4,tem_elevador,robust_median_ohe,DecisionTree,none,466589.05282356363,222146.45164456483,26.885281459602055,15.63018597997139,0.3650294541236303,
4,tem_elevador,robust_median_ohe,Linear,none,487124.32745618053,325019.3987645281,42.65403849963513,33.44321201911598,0.3079075230102468,
4,tem_elevador,robust_median_ohe,KNeighbors,none,382560.89535049576,234158.2348051948,28.27310935620976,20.03266070063733,0.5731398226157777,
4,tem_elevador,robust_median_ohe,RandomForest,none,382464.33201091347,213614.67833099078,26.026649316548035,16.473981099704442,0.5733552855271872,
4,tem_elevador,robust_median_ohe,GradientBoosting,none,373949.5754245011,213240.4282804555,26.03835627158832,17.37937542086641,0.5921405032300594,
4,tem_elevador,robust_median_ohe,MLP,none,941447.4026740075,757681.7706879058,83.04159548023421,83.9117497151557,-1.5850956290366578,
5,quartos,robust_median_ohe,Linear,none,470964.943747444,311963.0174685503,39.96668923680382,31.72485170501928,0.3530635018163949,
5,quartos,robust_median_ohe,DecisionTree,none,460259.9040043673,207423.96647545035,24.933438267550343,11.798876404494383,0.3821390110498434,
5,quartos,robust_median_ohe,RandomForest,none,379796.0161754042,205666.96835560954,24.619229638151747,15.340726708618957,0.5792876121250288,
5,quartos,robust_median_ohe,KNeighbors,none,386273.44441748905,235797.30155844157,27.59808602273767,19.239824797557812,0.5648147224973639,
5,quartos,robust_median_ohe,GradientBoosting,none,383219.0380802417,211395.8951175751,25.438715947551277,17.68028779868158,0.5716698523157253,
5,quartos,robust_median_ohe,MLP,none,936230.2772969166,754358.5457437094,82.93523962987945,83.88235517763766,-1.5565238812571662,
6,vagas,robust_median_ohe,DecisionTree,none,449815.94776896236,193273.25721449184,23.42026708432095,10.72923551443049,0.40986117478160045,
6,vagas,robust_median_ohe,KNeighbors,none,376635.0300770036,224407.07506493508,26.723289626039126,18.91258445945946,0.5862615234563304,
6,vagas,robust_median_ohe,Linear,none,470058.75890100293,311405.06154082064,39.852854787475536,31.78951921099562,0.35555065107114914,
6,vagas,robust_median_ohe,GradientBoosting,none,349348.6161999148,203294.14502119314,25.194896492945013,16.53484330386768,0.644038896247934,
6,vagas,robust_median_ohe,RandomForest,none,361991.5811463043,194277.58019005076,23.85206592076128,13.981800805729266,0.6178081422178182,
6,vagas,robust_median_ohe,MLP,none,944946.8131605777,767042.0931983056,85.04253504595252,86.79217204484225,-1.6043492241677542,
7,bairro,robust_median_ohe,DecisionTree,none,448969.8347636959,203630.9932027136,24.678033835347538,12.296053430479656,0.41207921315015916,
7,bairro,robust_median_ohe,KNeighbors,none,365465.4930863249,219111.51870129874,26.27769199016366,18.087564483177623,0.6104374094284708,
7,bairro,robust_median_ohe,Linear,none,462903.17954123823,305522.5078067871,39.133822642656774,29.11623207961234,0.3750218735565406,
7,bairro,robust_median_ohe,RandomForest,none,346792.8283120969,194225.0183759715,23.64610740880697,14.998171013305111,0.6492281724614992,
7,bairro,robust_median_ohe,GradientBoosting,none,329590.4473099692,199535.6539464503,24.63246006830902,16.55241216926666,0.6831645836270598,
7,bairro,robust_median_ohe,MLP,none,905441.63250058,721348.8581270293,78.47729836091847,80.08171318020084,-1.3911422286319,
8,score_parque,robust_median_ohe,Linear,none,460974.9746810242,304249.7208077859,38.921375993546135,29.67475478642142,0.38021767278788543,
8,score_parque,robust_median_ohe,DecisionTree,none,379896.38059689535,208430.6146103896,25.428851995571616,13.159596300357034,0.579065228883874,
8,score_parque,robust_median_ohe,KNeighbors,none,352235.77889065375,216155.38987012985,25.97903850366152,17.76129702100471,0.6381309618019331,
8,score_parque,robust_median_ohe,RandomForest,none,334563.63566954696,195308.7202250154,23.823641082439913,14.73686342935916,0.6735309917106893,
8,score_parque,robust_median_ohe,GradientBoosting,none,314286.63377667364,195479.02682040248,24.117416577708656,16.984125833131213,0.7119046073421855,
8,score_parque,robust_median_ohe,MLP,none,851482.2047570089,659656.9724228897,70.07073144774138,72.48422363774407,-1.1146361007386787,
9,metro_quadrado_bairro_mean,robust_median_ohe,KNeighbors,none,352079.6002103915,213245.8696103896,25.64411910979773,17.548972451264973,0.6384517906487771,
9,metro_quadrado_bairro_mean,robust_median_ohe,Linear,none,461073.07469137834,304459.1600834587,38.97362628657265,29.674754786421474,0.3799538531640654,
9,metro_quadrado_bairro_mean,robust_median_ohe,DecisionTree,none,436047.1902922614,231488.716991342,28.030112200087032,14.338382555371098,0.4454362535977704,
9,metro_quadrado_bairro_mean,robust_median_ohe,RandomForest,none,333975.0942330182,194085.94620056372,23.7364979259629,14.21714159690033,0.67467858528282,
9,metro_quadrado_bairro_mean,robust_median_ohe,GradientBoosting,none,326022.38067136134,196832.7329412445,23.755699987097216,16.266263805166975,0.6899874189547721,
9,metro_quadrado_bairro_mean,robust_median_ohe,MLP,none,881202.7479213394,696134.9060264686,75.35675304123367,77.44002405477076,-1.2648329547553265,
10,score_escola_publica,robust_median_ohe,Linear,none,461084.3202924126,304260.58795171947,38.9155991006183,29.60137356796863,0.37992360686686744,
10,score_escola_publica,robust_median_ohe,DecisionTree,none,392540.87121066777,217946.15487012986,26.51816233144712,12.234673428489632,0.55057807651217,
10,score_escola_publica,robust_median_ohe,KNeighbors,none,358365.105085487,217234.4046753247,26.298823543671734,17.858585858585858,0.6254274741996075,
10,score_escola_publica,robust_median_ohe,RandomForest,none,319109.5163221474,192922.6370232511,23.499326381533496,14.660923248177982,0.7029948352556414,
10,score_escola_publica,robust_median_ohe,GradientBoosting,none,315564.0033561273,190924.53833763453,23.178310463659127,15.05614075026106,0.7095580096871186,
10,score_escola_publica,robust_median_ohe,MLP,none,887654.1311202401,702233.4963792677,76.05130542894136,78.64757936664908,-1.2981165340488738,
11,score_farmacia,robust_median_ohe,Linear,none,461800.345321379,304653.8337515362,38.94995740848879,29.940792915141728,0.37799625892869526,
11,score_farmacia,robust_median_ohe,DecisionTree,none,494189.0555802128,233785.10227272726,28.873051532463094,13.675455384224696,0.28768721973181277,
11,score_farmacia,robust_median_ohe,KNeighbors,none,366672.7590637003,229434.41610389607,27.65783669284404,19.27871147980121,0.6078594234558646,
11,score_farmacia,robust_median_ohe,RandomForest,none,331595.34263038635,194871.11973750388,24.093206998263593,14.395458166876928,0.6792982466454018,
11,score_farmacia,robust_median_ohe,GradientBoosting,none,342573.7631903645,199687.17469169566,24.559139573072414,16.509711672318193,0.6577112014574766,
11,score_farmacia,robust_median_ohe,MLP,none,1044828.207786368,857712.7384909369,96.46396013819744,99.93496627099083,-2.1840088636290584,
12,score_seguranca,robust_median_ohe,Linear,none,461499.3385400776,304414.0527727817,38.930600932224166,29.791662728056416,0.37880685306308437,
12,score_seguranca,robust_median_ohe,DecisionTree,none,495180.1620421954,235281.05941558443,28.66079892318635,14.390537931027115,0.2848272384428697,
12,score_seguranca,robust_median_ohe,KNeighbors,none,368140.5938533628,232542.3625974026,27.827210608499847,19.450133729569096,0.6047135684158139,
12,score_seguranca,robust_median_ohe,RandomForest,none,331157.8276442099,196020.1256731861,24.18165136355809,14.632359885799417,0.680143971779246,
12,score_seguranca,robust_median_ohe,GradientBoosting,none,341350.9518574237,198961.51105723524,24.370531142386888,16.112545692939285,0.6601504285963855,
12,score_seguranca,robust_median_ohe,MLP,none,1044497.6651932022,855252.7035509413,96.12392449936286,99.97012343289154,-2.181994591691138,
13,score_mercado,robust_median_ohe,Linear,none,461412.9539471796,304469.34829839156,38.92672266798296,29.615829766511098,0.37903938425167016,
13,score_mercado,robust_median_ohe,DecisionTree,none,485217.49996799766,235562.13733766234,29.001000588351168,13.946694102574059,0.31331525129880244,
13,score_mercado,robust_median_ohe,KNeighbors,none,384467.351042671,236811.7012987013,28.25854687010897,19.62924277255312,0.5688747879649886,
13,score_mercado,robust_median_ohe,RandomForest,none,331353.4712269263,198254.03249625603,24.53618811997377,14.670452533402795,0.6797659268765223,
13,score_mercado,robust_median_ohe,GradientBoosting,none,346067.78667398804,199612.3061425733,24.58895657667043,16.82997562997346,0.6506933603271716,
13,score_mercado,robust_median_ohe,MLP,none,1044499.2094883869,853171.5003484441,95.89375804243986,99.98394024947875,-2.1820040008889214,
14,score_hospitais,robust_median_ohe,Linear,none,461199.76039713476,304284.79207828286,38.87552782564208,29.569124209553642,0.37961307518561516,
14,score_hospitais,robust_median_ohe,DecisionTree,none,501192.90005317767,237213.80357142858,29.12119954179279,14.64102564102564,0.26735378494224427,
14,score_hospitais,robust_median_ohe,KNeighbors,none,393052.3456266888,239711.11974025972,28.516005002729855,19.445752379021997,0.5494061344813718,
14,score_hospitais,robust_median_ohe,RandomForest,none,332222.41961559525,198845.50074784257,24.636042260904954,14.835438919278616,0.6780841473116379,
14,score_hospitais,robust_median_ohe,GradientBoosting,none,354514.9770373206,206275.71894540585,25.25082743025094,16.922687627075085,0.6334327471506245,
14,score_hospitais,robust_median_ohe,MLP,none,1044845.9545241138,852874.3369267588,95.96290130092507,99.97949081326752,-2.184117027343909,
15,lng,robust_median_ohe,Linear,none,461164.5754771197,304238.7221519269,38.89561170834993,30.09122128967816,0.37970773018574033,
15,lng,robust_median_ohe,DecisionTree,none,517546.24540202436,242938.1159090909,29.737441560980987,14.682333539476398,0.21876298008409667,
15,lng,robust_median_ohe,KNeighbors,none,399042.0684281399,242365.85272727272,28.504025707235296,19.921805555555554,0.5355682989396536,
15,lng,robust_median_ohe,RandomForest,none,335629.27950248105,199612.9134819645,24.777383668560145,14.610565131942307,0.671447957519751,
15,lng,robust_median_ohe,GradientBoosting,none,340261.529415667,201440.9516541843,24.94976985668382,16.792501639227684,0.6623162285587968,
15,lng,robust_median_ohe,MLP,none,1044873.4090418254,859435.7670601511,96.71772430989472,99.82040280777369,-2.1842843621466206,
16,valor_bairro_mean,robust_median_ohe,Linear,none,461075.2408123271,304052.3916208655,38.84912651139873,30.091221412088586,0.3799480271977427,
16,valor_bairro_mean,robust_median_ohe,KNeighbors,none,398928.16195583896,241964.67532467534,28.490936147778427,19.966250000000002,0.5358334049546685,
16,valor_bairro_mean,robust_median_ohe,DecisionTree,none,507946.4961015611,242796.38235930738,30.21172719359472,14.52885874584729,0.24747587439506258,
16,valor_bairro_mean,robust_median_ohe,RandomForest,none,335028.9862869894,198047.87365023684,24.59319730564023,14.57836485504343,0.6726221767990226,
16,valor_bairro_mean,robust_median_ohe,GradientBoosting,none,339010.37627114455,198418.01897551765,24.646929548946225,16.860910165491667,0.6647950121618158,
16,valor_bairro_mean,robust_median_ohe,MLP,none,1044632.2005510234,855607.7501199503,96.1696198644771,99.98573699776563,-2.1828143510168365,
17,lat,robust_median_ohe,Linear,none,461082.7116582107,304075.23991878325,38.861322666209254,30.099378726810777,0.37992793351303544,
17,lat,robust_median_ohe,DecisionTree,none,506257.1247465846,240255.59339826842,29.358205006493428,14.682333539476398,0.25247316692547594,
17,lat,robust_median_ohe,KNeighbors,none,398623.4323711216,242215.6685714286,28.5135891206258,20.03984853434141,0.536542260755111,
17,lat,robust_median_ohe,RandomForest,none,334059.77000405703,198919.30924121593,24.666551245474544,14.851985783473953,0.674513600921985,
17,lat,robust_median_ohe,GradientBoosting,none,339100.96347371,199929.4519917937,24.66671007582933,16.75666851271893,0.6646158475035977,
17,lat,robust_median_ohe,MLP,none,1045158.7039032922,858624.3373388966,96.59184420396872,99.94499641316732,-2.186023489551344,
18,metro_quadrado_bairro_median,robust_median_ohe,Linear,none,461085.3830417382,304081.36579580425,38.86285094006487,30.099378713021256,0.3799207484459711,
18,metro_quadrado_bairro_median,robust_median_ohe,DecisionTree,none,484947.0611078682,228232.1628787879,28.667695302882056,13.502081375050356,0.3140804936426186,
18,metro_quadrado_bairro_median,robust_median_ohe,KNeighbors,none,396601.83750373044,242001.2646753247,28.541322048951695,20.197357440890126,0.5412311371962696,
18,metro_quadrado_bairro_median,robust_median_ohe,GradientBoosting,none,332254.8128124633,195412.0454432998,24.210104087841056,16.822238245201902,0.6780213677317035,
18,metro_quadrado_bairro_median,robust_median_ohe,RandomForest,none,333462.3388851105,198709.18984483418,24.648439357425573,14.635111542010925,0.6756767569746299,
18,metro_quadrado_bairro_median,robust_median_ohe,MLP,none,1044294.6700695376,856576.3511754872,96.30677631898426,99.89458613086494,-2.180757888843631,
19,novo_lancamento,robust_median_ohe,KNeighbors,none,393626.0231447213,240902.21896103895,28.569751438989144,20.61862244897959,0.5480898507027554,
19,novo_lancamento,robust_median_ohe,Linear,none,461456.3612425848,301742.5704339979,38.593220469335314,29.301545325902712,0.3789225453614413,
19,novo_lancamento,robust_median_ohe,DecisionTree,none,489908.246907588,232992.29629870132,28.969753868543208,13.863795150782465,0.29997429020764654,
19,novo_lancamento,robust_median_ohe,RandomForest,none,333307.408563276,198954.42528399747,24.652736656289886,14.895088044672573,0.6759780553570068,
19,novo_lancamento,robust_median_ohe,GradientBoosting,none,338185.16645690025,197804.884845374,24.64575225969848,16.487544331835757,0.6664249196892245,
19,novo_lancamento,robust_median_ohe,MLP,none,1045122.410112389,858984.5913445429,96.64499285359159,99.90639406424795,-2.185802220069113,
20,banheiros_por_quarto,robust_median_ohe,Linear,none,461251.2854886917,301734.87768781395,38.57339540287895,29.381931642113514,0.37947444857981794,
20,banheiros_por_quarto,robust_median_ohe,KNeighbors,none,413448.9158534452,254142.79948051952,29.827569007234366,20.648407862355054,0.5014276322597393,
20,banheiros_por_quarto,robust_median_ohe,RandomForest,none,331811.0043708061,199026.0516899282,24.61746431468283,14.747805916605689,0.6788809573749672,
20,banheiros_por_quarto,robust_median_ohe,DecisionTree,none,499714.05119730666,235806.20495670996,28.562172641547363,14.19946587399271,0.2716709831212367,
20,banheiros_por_quarto,robust_median_ohe,GradientBoosting,none,342725.47715683776,204152.1329457496,25.121293552312547,16.843710762754668,0.6574079587933969,
20,banheiros_por_quarto,robust_median_ohe,MLP,none,1044864.9391034152,859685.1952029836,96.75844201368356,99.78852824448094,-2.1842327375519477,
21,vagas_por_metro,robust_median_ohe,DecisionTree,none,516192.45679383766,247486.18753246753,29.710680319042172,15.02611233418534,0.22284472745375394,
21,vagas_por_metro,robust_median_ohe,Linear,none,445635.64138179837,289734.79289338336,36.85962675339069,28.601360585270996,0.42077896424836003,
21,vagas_por_metro,robust_median_ohe,KNeighbors,none,414560.8098981026,258563.57012987012,30.99629626164028,22.369768687606527,0.4987423908726005,
21,vagas_por_metro,robust_median_ohe,RandomForest,none,331935.40738194337,197273.1244404004,24.48262442886521,14.256565695431334,0.678640123502548,
21,vagas_por_metro,robust_median_ohe,GradientBoosting,none,346717.60429266095,200532.1519141548,25.041780369018348,16.6425149951379,0.6493803301927381,
21,vagas_por_metro,robust_median_ohe,MLP,none,1045015.2336292488,857633.7507669362,96.44962724095049,99.97642725263955,-2.1851488505360064,
22,quartos_por_metro,robust_median_ohe,KNeighbors,none,410748.44425104064,255688.86415584417,30.923160909176772,21.67791586120356,0.5079192856578834,
22,quartos_por_metro,robust_median_ohe,DecisionTree,none,545716.1389781006,250628.04705627708,29.51548637654066,15.102348079572028,0.13140347876688352,
22,quartos_por_metro,robust_median_ohe,Linear,none,446317.01858213573,280157.9264582991,35.55944109437398,24.09223361910982,0.41900635140115106,
22,quartos_por_metro,robust_median_ohe,RandomForest,none,327551.92688837054,195111.61143521426,24.1036863541288,14.91486065624219,0.687071724131298,
22,quartos_por_metro,robust_median_ohe,GradientBoosting,none,340178.90236401116,200331.0410038673,24.662488268413973,16.55652689503615,0.6624802108151523,
22,quartos_por_metro,robust_median_ohe,MLP,none,1045169.063653316,858804.9280250252,96.61918978278626,99.93587316626244,-2.1860866504289795,
23,bairro_rank,robust_median_ohe,Linear,none,446306.3300557381,280140.9094078746,35.55519573101677,24.09223362210311,0.4190341786689108,
23,bairro_rank,robust_median_ohe,DecisionTree,none,547171.1059936475,256132.4038744589,29.95872029718466,15.202876219825374,0.1267656683109729,
23,bairro_rank,robust_median_ohe,KNeighbors,none,412870.3441073714,256958.9566233766,31.098505522394966,21.901851851851852,0.502822039365121,
23,bairro_rank,robust_median_ohe,RandomForest,none,325543.7671430343,194235.264636399,24.03301516474979,14.494820337019798,0.6908969718750875,
23,bairro_rank,robust_median_ohe,GradientBoosting,none,341606.52349087584,200908.15075220427,24.6841603430794,16.883585620888404,0.6596413430092172,
23,bairro_rank,robust_median_ohe,MLP,none,1042613.6604213285,857079.7896229224,96.41340975800705,99.51923453355883,-2.1705259468622535,
24,score_educacao,robust_median_ohe,DecisionTree,none,547171.1059936475,256132.4038744589,29.95872029718466,15.202876219825374,0.1267656683109729,
24,score_educacao,robust_median_ohe,Linear,none,446306.3300557381,280140.9094078746,35.55519573101677,24.09223362210311,0.4190341786689108,
24,score_educacao,robust_median_ohe,KNeighbors,none,412870.3441073714,256958.9566233766,31.098505522394966,21.901851851851852,0.502822039365121,
24,score_educacao,robust_median_ohe,RandomForest,none,325543.76714303426,194235.26463639902,24.033015164749795,14.494820337019798,0.6908969718750876,
24,score_educacao,robust_median_ohe,GradientBoosting,none,341606.52349087584,200908.15075220427,24.6841603430794,16.883585620888404,0.6596413430092172,
24,score_educacao,robust_median_ohe,MLP,none,1044477.9148327005,853593.3753076887,95.93332873988564,99.98656613726398,-2.1818742564367417,
25,score_escola_privada,robust_median_ohe,Linear,none,446306.3300557381,280140.9094078746,35.55519573101677,24.09223362210311,0.4190341786689108,
25,score_escola_privada,robust_median_ohe,DecisionTree,none,547171.1059936475,256132.4038744589,29.95872029718466,15.202876219825374,0.1267656683109729,
25,score_escola_privada,robust_median_ohe,KNeighbors,none,412870.3441073714,256958.9566233766,31.098505522394966,21.901851851851852,0.502822039365121,
25,score_escola_privada,robust_median_ohe,RandomForest,none,325543.76714303426,194235.26463639902,24.03301516474979,14.494820337019798,0.6908969718750876,
25,score_escola_privada,robust_median_ohe,GradientBoosting,none,341606.52349087584,200908.15075220427,24.6841603430794,16.883585620888404,0.6596413430092172,
25,score_escola_privada,robust_median_ohe,MLP,none,1044172.7827015587,857451.3716347669,96.43860944610687,99.82606065752353,-2.180015432536942,
1,metragem,robust_median_ohe,Linear,log,492670.5056051868,328250.391823722,42.22924230141944,32.680710908256934,0.292058100223875,
1,metragem,robust_median_ohe,DecisionTree,log,470801.9106723865,282178.9059517012,35.26208766969748,24.45649964277466,0.3535113219462489,
1,metragem,robust_median_ohe,KNeighbors,log,464442.90456808533,300827.4005194805,37.05869819656584,27.465029738091427,0.3708573099321857,
1,metragem,robust_median_ohe,RandomForest,log,436071.2940222649,281622.7307230546,35.32201287752068,24.317331780191036,0.4453749417739069,
1,metragem,robust_median_ohe,GradientBoosting,log,449253.1341864441,276748.80622957274,35.02038944557312,26.15862616955726,0.4113370244529959,
1,metragem,robust_median_ohe,MLP,log,1010322.9181063084,834488.0691602038,94.04689812740253,94.57741441113474,-1.977178673498556,
2,tipo_imovel,robust_median_ohe,Linear,log,450551.19775826536,275716.5339761979,34.70291573945531,22.020416082385225,0.4079303664856435,
2,tipo_imovel,robust_median_ohe,DecisionTree,log,464142.1110790825,232031.8183922952,29.05854360310267,18.260837105869264,0.3716719665552901,
2,tipo_imovel,robust_median_ohe,KNeighbors,log,401406.79347951524,248519.03948051948,30.10558479936006,20.5479195885928,0.530047540642836,
2,tipo_imovel,robust_median_ohe,GradientBoosting,log,411689.8976592189,228730.52496675923,28.693097765269098,17.778026126845027,0.5056609594687764,
2,tipo_imovel,robust_median_ohe,RandomForest,log,389342.6284508992,227161.97510527133,28.355902759285012,17.903532689378533,0.5578716097035779,
2,tipo_imovel,robust_median_ohe,MLP,log,980614.1249093267,798026.4584903866,88.4205141666366,89.0923101615525,-1.8046636078197529,
3,banheiros,robust_median_ohe,DecisionTree,log,435152.8795223672,214492.52382368533,26.562847586177746,15.745614035087721,0.4477086853686253,
3,banheiros,robust_median_ohe,Linear,log,438922.2982847444,276325.2796217252,35.174953681826445,24.480019503225126,0.4380990332651852,
3,banheiros,robust_median_ohe,RandomForest,log,387392.2071810249,215290.21292758526,26.228934845182238,16.53318562630312,0.5622902199741886,
3,banheiros,robust_median_ohe,KNeighbors,log,410639.431552571,239125.94571428568,28.6679188246539,20.336689655172414,0.508180447587282,
3,banheiros,robust_median_ohe,GradientBoosting,log,356464.79907847143,210336.89608800784,25.869212020051467,17.687083878884795,0.629389440195055,
3,banheiros,robust_median_ohe,MLP,log,979174.4981667154,802200.349422108,89.88577955204043,90.38412880897843,-1.7964346728960425,
4,tem_elevador,robust_median_ohe,Linear,log,438053.7918623311,274832.99664259044,34.87830199220621,24.57669606554839,0.4403205279442589,
4,tem_elevador,robust_median_ohe,KNeighbors,log,410851.15555739857,236452.76389610392,28.134587785387566,19.740018885741268,0.5076731565587652,
4,tem_elevador,robust_median_ohe,DecisionTree,log,462845.0233466514,219468.77090863412,26.59122556519135,15.523877734023927,0.3751789002004645,
4,tem_elevador,robust_median_ohe,RandomForest,log,385740.9503620219,212817.60264766455,25.89552317624882,16.414742726839957,0.5660137375963579,
4,tem_elevador,robust_median_ohe,GradientBoosting,log,374723.3333595629,213712.84615925164,26.056814640891734,17.37937542086641,0.5904509116984391,
4,tem_elevador,robust_median_ohe,MLP,log,946731.5787137087,762557.1039414443,83.8259028325194,84.57763631408996,-1.6141964289233366,
5,quartos,robust_median_ohe,Linear,log,437258.60480688507,274517.7237297833,34.84552804972276,24.633100573742915,0.44235062532596947,
5,quartos,robust_median_ohe,DecisionTree,log,456106.0020195242,204464.37593741695,24.496447342731756,12.052697615839383,0.3932412266649392,
5,quartos,robust_median_ohe,RandomForest,log,381550.8655538448,204781.4600439421,24.485783160902162,15.015795502129956,0.5753908229543778,
5,quartos,robust_median_ohe,KNeighbors,log,401261.8577296995,238653.8472727273,27.868337579807616,19.523465125122442,0.530386850372683,
5,quartos,robust_median_ohe,GradientBoosting,log,381483.4574180279,211115.26820763288,25.442744242205436,17.758478420902925,0.5755408400941191,
5,quartos,robust_median_ohe,MLP,log,904401.5818927635,713189.0775846011,76.72888219003762,77.68488166159489,-1.3856521329164533,
6,vagas,robust_median_ohe,Linear,log,435880.6190167386,274999.5431217204,34.98573984123283,24.53019196754373,0.44585986255116894,
6,vagas,robust_median_ohe,DecisionTree,log,443702.8029301524,190742.05888425064,22.944066286464622,10.0,0.4257925345987731,
6,vagas,robust_median_ohe,KNeighbors,log,380250.731522115,223496.54389610392,26.700166004192656,18.114383588710076,0.5782796031312547,
6,vagas,robust_median_ohe,RandomForest,log,363933.1715955079,194251.93469038242,23.79009426963173,14.052434323097243,0.6136972724132634,
6,vagas,robust_median_ohe,GradientBoosting,log,349217.9057120187,203803.92988775647,25.215457562693494,16.53484330386768,0.644305215580975,
6,vagas,robust_median_ohe,MLP,log,944505.4991582455,761052.1685003107,83.73576230343458,85.09075409377309,-1.601917198620535,
7,bairro,robust_median_ohe,DecisionTree,log,443675.0433907244,200807.71008583048,24.267941248424933,12.296053430479656,0.4258643810511672,
7,bairro,robust_median_ohe,Linear,log,430330.91150411544,272797.89063857484,34.81206528983522,23.975692005231203,0.45988084822772957,
7,bairro,robust_median_ohe,RandomForest,log,346169.17294735555,194058.39348086267,23.60093736583664,14.78966351386129,0.6504886600487142,
7,bairro,robust_median_ohe,KNeighbors,log,370757.5190350968,223615.58597402595,27.37245591889257,18.279099391034265,0.5990738119115373,
7,bairro,robust_median_ohe,GradientBoosting,log,328730.3836834129,198763.6906146517,24.427769453165087,16.496609013656045,0.684815985104082,
7,bairro,robust_median_ohe,MLP,log,967934.9174203615,783974.979846667,86.48939410651396,87.56128990509802,-1.7326046561034607,
8,score_parque,robust_median_ohe,Linear,log,428893.55202932045,272371.66513965034,34.750304984172494,23.926670733599753,0.46348295448547616,
8,score_parque,robust_median_ohe,KNeighbors,log,369261.77611057466,225688.51558441558,27.448617963612953,18.848956667134424,0.6023021907420839,
8,score_parque,robust_median_ohe,DecisionTree,log,383993.86734561186,211493.28214285715,25.57239876168139,13.159596300357034,0.5699360227460166,
8,score_parque,robust_median_ohe,RandomForest,log,334243.41101066896,195241.26733937682,23.790988100789388,14.764347532519452,0.6741556465402021,
8,score_parque,robust_median_ohe,GradientBoosting,log,313455.34304511733,194781.33972043387,24.069357584509284,16.89054425453993,0.7134266211737931,
8,score_parque,robust_median_ohe,MLP,log,892195.9296319439,700827.7072546228,75.25595886930024,77.24379949052205,-1.3216939264472871,
9,score_escola_publica,robust_median_ohe,DecisionTree,log,411638.84459207277,222234.67781385285,26.365594816015538,12.8959451502761,0.505783556401751,
9,score_escola_publica,robust_median_ohe,KNeighbors,log,371128.3305815287,221999.22987012987,26.91081940591664,18.497693672383203,0.5982714416450665,
9,score_escola_publica,robust_median_ohe,Linear,log,428916.0344639543,272351.75839541224,34.74244979211687,23.87043183798458,0.46342670497789173,
9,score_escola_publica,robust_median_ohe,RandomForest,log,324066.70118012186,194673.0602490545,23.647687022896598,15.016779390068386,0.6936955497442436,
9,score_escola_publica,robust_median_ohe,GradientBoosting,log,318852.1310955707,194658.70563878556,23.716983170892824,15.825456574627678,0.7034737549278456,
9,score_escola_publica,robust_median_ohe,MLP,log,876396.936843848,678919.1319351791,71.80037614225235,74.71299968983392,-1.2401969005897464,
10,metro_quadrado_bairro_mean,robust_median_ohe,Linear,log,429120.39505476534,272625.38570003543,34.81071352536697,23.870431837984658,0.46291527360367213,
10,metro_quadrado_bairro_mean,robust_median_ohe,DecisionTree,log,428317.11175900936,229317.84924242427,27.49234879909005,13.574938574938574,0.4649241615037437,
10,metro_quadrado_bairro_mean,robust_median_ohe,KNeighbors,log,365949.45593933185,225264.93506493507,27.11433310089281,19.211889563648356,0.6094049800580419,
10,metro_quadrado_bairro_mean,robust_median_ohe,RandomForest,log,321976.7740698186,193792.86059883796,23.536034840243712,14.812216127918918,0.6976335648200591,
10,metro_quadrado_bairro_mean,robust_median_ohe,GradientBoosting,log,320054.3394871773,191223.86608936553,23.21367396513157,15.056140750261088,0.701233478900035,
10,metro_quadrado_bairro_mean,robust_median_ohe,MLP,log,905368.9785649563,712618.1131157416,76.50758947816394,78.76933302005013,-1.3907585066617512,
11,score_mercado,robust_median_ohe,DecisionTree,log,434212.94826783653,231494.15227272728,28.021247216315963,13.636363636363635,0.4500920096984201,
11,score_mercado,robust_median_ohe,Linear,log,429856.6578622192,272461.57494888746,34.80720473783583,24.233910833396838,0.46107068757578906,
11,score_mercado,robust_median_ohe,KNeighbors,log,376387.67784591316,233763.25038961042,27.440173749941692,19.450133729569096,0.5868047842890278,
11,score_mercado,robust_median_ohe,RandomForest,log,323553.34407129063,197128.8523602753,24.17058583918416,14.514914933804368,0.6946652206232737,
11,score_mercado,robust_median_ohe,GradientBoosting,log,324103.59711693216,196073.29555776366,23.856831788572446,16.079145872930052,0.6936257984680513,
11,score_mercado,robust_median_ohe,MLP,log,928054.8089662121,736832.6327822598,79.89348829712458,82.26183294357354,-1.5120700234482003,
12,score_seguranca,robust_median_ohe,Linear,log,429617.7909385141,272349.1311887303,34.80744918192941,23.934752675915234,0.46166947611130504,
12,score_seguranca,robust_median_ohe,KNeighbors,log,370292.94959178846,230337.77818181817,27.213928133979522,19.372307692307693,0.6000779256689072,
12,score_seguranca,robust_median_ohe,DecisionTree,log,399214.6244069412,218199.4267316017,26.518740672218645,13.440656313625293,0.5351665478437324,
12,score_seguranca,robust_median_ohe,RandomForest,log,323349.4436047662,197405.6881342411,24.184024349432374,14.464325536005934,0.6950499379374986,
12,score_seguranca,robust_median_ohe,GradientBoosting,log,331127.3038660618,201159.3855031289,24.442477379366004,17.02612633804204,0.6802029331787836,
12,score_seguranca,robust_median_ohe,MLP,log,849949.7353661698,642786.2787903624,66.86978648687861,71.11856582562957,-1.1070312467479586,
13,valor_bairro_mean,robust_median_ohe,DecisionTree,log,448014.1525715502,235366.11699134202,27.448192636975,14.52885874584729,0.4145794587632168,
13,valor_bairro_mean,robust_median_ohe,KNeighbors,log,370063.2582867709,230385.2877922078,27.247773393573166,19.145285773884023,0.6005739120682312,
13,valor_bairro_mean,robust_median_ohe,Linear,log,429552.3533278259,272269.44764768955,34.78756996703337,23.934752675915227,0.4618334561939098,
13,valor_bairro_mean,robust_median_ohe,RandomForest,log,324207.3415933661,197750.33196941545,24.2317981137815,14.809060075774122,0.6934296283638586,
13,valor_bairro_mean,robust_median_ohe,GradientBoosting,log,323662.7811353124,196464.97389310366,23.962505914400662,16.523888759359757,0.6944586358763534,
13,valor_bairro_mean,robust_median_ohe,MLP,log,834864.4653718711,630928.1829287838,65.96310988043885,70.15461570239083,-1.0329019991650372,
14,score_farmacia,robust_median_ohe,Linear,log,430323.571765177,272617.70196543465,34.83690363657283,23.626553505573295,0.45989927265254205,
14,score_farmacia,robust_median_ohe,DecisionTree,log,512212.8253609075,241127.9143939394,29.098782862930094,13.636363636363635,0.23478162980575168,
14,score_farmacia,robust_median_ohe,KNeighbors,log,390071.1548736504,240077.08207792207,28.513358724904673,19.862083333333334,0.5562154665273955,
14,score_farmacia,robust_median_ohe,RandomForest,log,332645.7351094392,198666.1591583452,24.519332288207387,15.013663907136237,0.6772632587833367,
14,score_farmacia,robust_median_ohe,GradientBoosting,log,351503.49186820706,204439.92809593337,25.154819144195784,17.582481261205952,0.6396340262909836,
14,score_farmacia,robust_median_ohe,MLP,log,1043647.9206900636,855090.2816704793,96.05884944852092,99.93770780773882,-2.1768193143494794,
15,score_hospitais,robust_median_ohe,DecisionTree,log,515846.30378532223,241165.14361471863,28.93228924584683,14.093425605536334,0.22388668160477565,
15,score_hospitais,robust_median_ohe,Linear,log,429999.5366036052,272121.3007516009,34.75966206991406,23.877757639509298,0.46071236189861164,
15,score_hospitais,robust_median_ohe,KNeighbors,log,387891.63035179675,238879.2498701299,28.50315399204798,19.66650697604988,0.5611609080651367,
15,score_hospitais,robust_median_ohe,RandomForest,log,333173.2976026666,199219.55545525913,24.5543667744078,15.04869118208724,0.6762387525440002,
15,score_hospitais,robust_median_ohe,GradientBoosting,log,347556.0594598585,202701.40783052437,24.95414879377549,17.1380597550151,0.6476824969723396,
15,score_hospitais,robust_median_ohe,MLP,log,1043211.6868236534,853553.7333559619,95.85279672325657,99.94082438362808,-2.1741641151919153,
16,novo_lancamento,robust_median_ohe,Linear,log,430171.3610140646,271684.2799276998,34.70567156872852,23.36943730624375,0.4602812856473506,
16,novo_lancamento,robust_median_ohe,KNeighbors,log,385684.92161843204,238967.50467532466,28.803304404131286,19.895833333333336,0.5661398011582947,
16,novo_lancamento,robust_median_ohe,RandomForest,log,330732.7945208688,198591.0243227624,24.55692592826717,15.178385183493223,0.6809644999471014,
16,novo_lancamento,robust_median_ohe,DecisionTree,log,466735.1342209372,227886.6934848485,28.307961002063852,14.236282748393474,0.3646317941079016,
16,novo_lancamento,robust_median_ohe,GradientBoosting,log,346290.53631913644,203163.20969356413,24.903087023982167,17.115861585308284,0.6502435468864561,
16,novo_lancamento,robust_median_ohe,MLP,log,1044119.7947947363,856956.7106684858,96.32609421201285,99.89700408605987,-2.1796926926824103,
17,metro_quadrado_bairro_median,robust_median_ohe,Linear,log,430184.0038391412,271700.5644782542,34.7097341910311,23.36943729785334,0.460249560292352,
17,metro_quadrado_bairro_median,robust_median_ohe,DecisionTree,log,459094.86222310655,220480.4255194805,27.282973602916716,14.153118374975593,0.3852629973636025,
17,metro_quadrado_bairro_median,robust_median_ohe,RandomForest,log,333051.26859358785,199591.66645548816,24.64978201670537,15.152932703731581,0.6764758725610256,
17,metro_quadrado_bairro_median,robust_median_ohe,KNeighbors,log,387882.57184131205,240113.4755844156,28.98731045780639,19.760997512437804,0.5611814044192067,
17,metro_quadrado_bairro_median,robust_median_ohe,GradientBoosting,log,335224.4642218178,200533.85236819828,24.737697186821833,16.755677838151993,0.6722400378624284,
17,metro_quadrado_bairro_median,robust_median_ohe,MLP,log,1042497.7600755452,853006.5130759871,95.77770391326503,99.81952512771568,-2.169821093965737,
18,quartos_por_metro,robust_median_ohe,DecisionTree,log,524219.78554913856,237394.91816017317,28.631057538765013,13.222749088887653,0.198485641179304,
18,quartos_por_metro,robust_median_ohe,Linear,log,428503.7272262844,268857.5142798702,34.08447742797208,23.198295949155977,0.46445780058708686,
18,quartos_por_metro,robust_median_ohe,KNeighbors,log,389814.6404500359,243231.4103896104,29.507226058255892,20.116771611264486,0.5567989482958438,
18,quartos_por_metro,robust_median_ohe,RandomForest,log,331928.6546617685,196066.04447132794,24.250498435048215,15.11271235335755,0.6786531985237716,
18,quartos_por_metro,robust_median_ohe,GradientBoosting,log,346400.60281351965,200494.30592506946,24.536318744090842,16.301503308480044,0.6500211753193101,
18,quartos_por_metro,robust_median_ohe,MLP,log,1043015.4857587366,852579.8758576795,95.73338548142722,99.94829484642877,-2.1729702715576247,
19,vagas_por_metro,robust_median_ohe,DecisionTree,log,503762.2346002089,237706.9064718615,29.042415744465234,14.659100024063527,0.25982279929312546,
19,vagas_por_metro,robust_median_ohe,Linear,log,428206.05283995706,268894.4692474986,34.10009266279806,23.14497305914582,0.4652016065948519,
19,vagas_por_metro,robust_median_ohe,KNeighbors,log,394671.76213801675,243356.48779220777,29.34233411396133,19.695716198125837,0.5456854984286102,
19,vagas_por_metro,robust_median_ohe,RandomForest,log,328071.331302616,194891.6258765528,24.066116944945502,14.69694187017068,0.686078506368105,
19,vagas_por_metro,robust_median_ohe,GradientBoosting,log,353506.9755534254,202730.13348526822,24.910469342525918,16.896906052979844,0.6355143236923886,
19,vagas_por_metro,robust_median_ohe,MLP,log,1043313.8854602335,854455.3442612437,95.97355096632865,99.91112935801449,-2.1747860620866915,
20,banheiros_por_quarto,robust_median_ohe,Linear,log,426432.09762799356,267819.9543635665,33.987040806123424,23.098435650611307,0.4696235116805665,
20,banheiros_por_quarto,robust_median_ohe,KNeighbors,log,395518.6264334966,249717.32753246752,30.147236324435895,20.58724694697156,0.5437337220573595,
20,banheiros_por_quarto,robust_median_ohe,DecisionTree,log,555418.4853743496,258787.33201298703,29.993128889604236,14.127882599580714,0.10024317484450862,
20,banheiros_por_quarto,robust_median_ohe,RandomForest,log,329883.5510441783,195762.73464884612,24.126160686720368,14.758645071698655,0.6826008116064364,
20,banheiros_por_quarto,robust_median_ohe,GradientBoosting,log,354115.16865816386,202354.4704569958,24.90544468067819,16.47289195349302,0.6342590818795615,
20,banheiros_por_quarto,robust_median_ohe,MLP,log,1042431.732268069,852033.7722938835,95.66248641172345,99.8629426716187,-2.169419578073948,
21,lat,robust_median_ohe,KNeighbors,log,395518.6264334966,249717.32753246752,30.147236324435895,20.58724694697156,0.5437337220573595,
21,lat,robust_median_ohe,DecisionTree,log,530968.9078741419,249251.88287878787,29.14766349246544,14.390537931027115,0.17771442533481163,
21,lat,robust_median_ohe,Linear,log,426432.09762877866,267819.95436446165,33.9870408063303,23.098435650384694,0.4696235116786136,
21,lat,robust_median_ohe,RandomForest,log,328172.4776072374,195851.75886650942,24.1569212240128,14.52059796613964,0.6858849088747839,
21,lat,robust_median_ohe,GradientBoosting,log,351986.2376649433,202354.262399889,24.917325125836328,16.65357510441807,0.6386435119846098,
21,lat,robust_median_ohe,MLP,log,1042837.710023187,852085.5401362407,95.67681333858876,99.93614796692067,-2.1718887362212413,
22,lng,robust_median_ohe,Linear,log,426432.09763064736,267819.9543653427,33.98704080638847,23.098435650876883,0.4696235116739651,
22,lng,robust_median_ohe,KNeighbors,log,395518.6264334966,249717.32753246752,30.147236324435895,20.58724694697156,0.5437337220573595,
22,lng,robust_median_ohe,DecisionTree,log,519399.3854498212,243084.26274891774,29.261837908074366,14.422826999815547,0.21315832723368322,
22,lng,robust_median_ohe,RandomForest,log,328085.33508938586,195592.5620142253,24.100767738289957,14.86266474127762,0.6860517061995819,
22,lng,robust_median_ohe,GradientBoosting,log,352074.7285928748,202543.833025732,24.920887462398973,16.64725374266126,0.6384617958430758,
22,lng,robust_median_ohe,MLP,log,1043196.5392692045,852381.4759109865,95.71642953147588,99.98993233178896,-2.1740719374003854,
23,bairro_rank,robust_median_ohe,Linear,log,426398.8849609693,267775.72247669334,33.976005963183276,23.098435654657134,0.4697061252165613,
23,bairro_rank,robust_median_ohe,DecisionTree,log,533598.0416460284,252937.54922077924,29.938417960654945,15.364265364265364,0.16955104270670074,
23,bairro_rank,robust_median_ohe,KNeighbors,log,390606.9065269742,248870.5264935065,30.233940290108528,20.399841437632134,0.5549955784547219,
23,bairro_rank,robust_median_ohe,RandomForest,log,327306.31555600563,195464.9934395836,24.066796833113965,14.857280417266228,0.6875408400705585,
23,bairro_rank,robust_median_ohe,GradientBoosting,log,352365.2151999088,202621.5619737012,24.90461435364365,16.6608469459229,0.6378649604385108,
23,bairro_rank,robust_median_ohe,MLP,log,1042755.6218286022,853147.7781043103,95.80406923956495,99.88130936210176,-2.171389397983986,
24,score_educacao,robust_median_ohe,DecisionTree,log,533598.0416460284,252937.54922077924,29.938417960654945,15.364265364265364,0.16955104270670074,
24,score_educacao,robust_median_ohe,KNeighbors,log,390606.9065269742,248870.5264935065,30.233940290108528,20.399841437632134,0.5549955784547219,
24,score_educacao,robust_median_ohe,Linear,log,426398.8849609693,267775.72247669334,33.976005963183276,23.098435654657134,0.4697061252165613,
24,score_educacao,robust_median_ohe,RandomForest,log,327306.3155560057,195464.9934395836,24.06679683311396,14.857280417266239,0.6875408400705584,
24,score_educacao,robust_median_ohe,GradientBoosting,log,352365.2151999088,202621.5619737012,24.90461435364365,16.6608469459229,0.6378649604385108,
24,score_educacao,robust_median_ohe,MLP,log,1043300.6957711877,853421.9094328186,95.83808164855932,99.96720376065572,-2.174705790603988,
25,score_escola_privada,robust_median_ohe,Linear,log,426398.8849609693,267775.72247669334,33.976005963183276,23.098435654657134,0.4697061252165613,
25,score_escola_privada,robust_median_ohe,KNeighbors,log,390606.9065269742,248870.5264935065,30.233940290108528,20.399841437632134,0.5549955784547219,
25,score_escola_privada,robust_median_ohe,DecisionTree,log,533598.0416460284,252937.54922077924,29.938417960654945,15.364265364265364,0.16955104270670074,
25,score_escola_privada,robust_median_ohe,RandomForest,log,327306.31555600563,195464.9934395836,24.066796833113965,14.857280417266233,0.6875408400705585,
25,score_escola_privada,robust_median_ohe,GradientBoosting,log,352365.2151999088,202621.5619737012,24.90461435364365,16.6608469459229,0.6378649604385108,
25,score_escola_privada,robust_median_ohe,MLP,log,1043707.0960018231,854783.6607838892,96.01664040000266,99.97409907262227,-2.1771795787626824,
1,metragem,robust_median_ohe,Linear,sqrt,535773.635266288,358312.586397871,48.869908118311336,38.00098272585282,0.16276540069369128,
1,metragem,robust_median_ohe,DecisionTree,sqrt,470801.9106723865,282178.9059517012,35.26208766969748,24.45649964277466,0.3535113219462489,
1,metragem,robust_median_ohe,KNeighbors,sqrt,464350.2944623552,300749.2187012987,37.052637590505235,27.465029738091427,0.37110818753821195,
1,metragem,robust_median_ohe,RandomForest,sqrt,436071.29402226483,281622.7307230546,35.32201287752068,24.317331780191036,0.445374941773907,
1,metragem,robust_median_ohe,GradientBoosting,sqrt,449253.1341864441,276748.80622957274,35.02038944557312,26.15862616955726,0.4113370244529959,
1,metragem,robust_median_ohe,MLP,sqrt,1013948.7339237833,837629.3042185598,94.3581988382569,94.92468994369518,-1.9985858318999896,
2,tipo_imovel,robust_median_ohe,DecisionTree,sqrt,464142.1110790825,232031.8183922952,29.05854360310267,18.260837105869264,0.3716719665552901,
2,tipo_imovel,robust_median_ohe,Linear,sqrt,511337.1187789578,333360.5734039489,44.53897770640803,32.75600428968579,0.23739591006186544,
2,tipo_imovel,robust_median_ohe,KNeighbors,sqrt,398416.52302707813,247430.5672727273,30.07951759536739,20.694825174825173,0.5370232603238692,
2,tipo_imovel,robust_median_ohe,RandomForest,sqrt,389460.1662575562,227180.2828974791,28.358760857222826,17.90353268937854,0.5576046230366627,
2,tipo_imovel,robust_median_ohe,GradientBoosting,sqrt,411689.8976592189,228730.52496675923,28.693097765269098,17.778026126845027,0.5056609594687764,
2,tipo_imovel,robust_median_ohe,MLP,sqrt,993473.640753249,811966.1680828937,90.31857797314427,90.93275602368746,-1.8787051685938332,
3,banheiros,robust_median_ohe,Linear,sqrt,481311.04003052344,306924.7479095022,39.406120413090996,29.516259023081204,0.3243276657446671,
3,banheiros,robust_median_ohe,DecisionTree,sqrt,435152.8795223672,214492.52382368533,26.562847586177746,15.745614035087721,0.4477086853686253,
3,banheiros,robust_median_ohe,KNeighbors,sqrt,396304.4551102245,236615.58337662337,28.378498447564038,19.69837037037037,0.541918872956859,
3,banheiros,robust_median_ohe,RandomForest,sqrt,387025.51414533134,215241.24182368917,26.22140148793224,16.53318562630312,0.5631184718621409,
3,banheiros,robust_median_ohe,GradientBoosting,sqrt,356465.2033984373,210341.0205159349,25.869419277736245,17.687083878884795,0.6293885994650068,
3,banheiros,robust_median_ohe,MLP,sqrt,959175.0142789066,782397.6676953799,87.43814534199365,88.37233046734319,-1.6833678034496766,
4,tem_elevador,robust_median_ohe,Linear,sqrt,479435.5356923631,303846.5405790278,38.93678167627206,29.15573333258604,0.3295831338938695,
4,tem_elevador,robust_median_ohe,DecisionTree,sqrt,462845.0233466514,219468.77090863412,26.59122556519135,15.523877734023927,0.3751789002004645,
4,tem_elevador,robust_median_ohe,KNeighbors,sqrt,395927.10062170937,236392.22207792208,28.132902854980447,20.0,0.5427908120453699,
4,tem_elevador,robust_median_ohe,RandomForest,sqrt,385270.5137500178,212788.9725610845,25.890120560183178,16.40563210805718,0.5670716420350231,
4,tem_elevador,robust_median_ohe,GradientBoosting,sqrt,374723.3333595629,213712.84615925164,26.056814640891734,17.37937542086641,0.5904509116984391,
4,tem_elevador,robust_median_ohe,MLP,sqrt,959169.2734377467,776279.2783845183,85.67514847427836,86.31481179643528,-1.6833356826333419,
5,quartos,robust_median_ohe,Linear,sqrt,469476.5242672848,296424.6750317503,37.70116421215498,28.26767011330681,0.35714614670398115,
5,quartos,robust_median_ohe,DecisionTree,sqrt,456106.0020195242,204464.37593741695,24.496447342731756,12.052697615839383,0.3932412266649392,
5,quartos,robust_median_ohe,KNeighbors,sqrt,400948.2698942396,239197.72155844155,27.73388378354501,19.528272817430132,0.5311205728741428,
5,quartos,robust_median_ohe,RandomForest,sqrt,381217.28420988383,204800.9799227299,24.480425610076896,15.01579550212995,0.5761329509149817,
5,quartos,robust_median_ohe,GradientBoosting,sqrt,381483.4574180279,211115.26820763288,25.442744242205436,17.758478420902925,0.5755408400941191,
5,quartos,robust_median_ohe,MLP,sqrt,950807.934502008,765969.4175770945,84.11330440175718,84.89799798691064,-1.6367568603720004,
6,vagas,robust_median_ohe,Linear,sqrt,468236.13927014935,296037.77882240136,37.55497244991493,28.3980158132055,0.36053857577232384,
6,vagas,robust_median_ohe,DecisionTree,sqrt,443702.8029301524,190742.05888425064,22.944066286464622,10.0,0.4257925345987731,
6,vagas,robust_median_ohe,KNeighbors,sqrt,380238.73309048143,223162.0085714286,26.575144369614,18.03105025537674,0.5783062166422857,
6,vagas,robust_median_ohe,RandomForest,sqrt,363334.91287373437,194249.09720769842,23.784916504296028,14.052434323097243,0.6149662912195855,
6,vagas,robust_median_ohe,GradientBoosting,sqrt,349231.7938134982,203810.15564373793,25.215706592932747,16.53484330386768,0.6442769236554506,
6,vagas,robust_median_ohe,MLP,sqrt,908892.2671911303,722956.7395003678,78.72227394439567,80.42783313774713,-1.4094022251090976,
7,bairro,robust_median_ohe,DecisionTree,sqrt,443665.03244100505,200690.82696894737,24.248574650110967,12.25578231292517,0.42589029000437506,
7,bairro,robust_median_ohe,Linear,sqrt,460621.5399430927,288945.09342280927,36.68504830803189,26.239666122282934,0.381167696721341,
7,bairro,robust_median_ohe,KNeighbors,sqrt,376356.8418946169,225682.00701298701,27.606313052090016,18.535384615384615,0.5868724844098161,
7,bairro,robust_median_ohe,RandomForest,sqrt,346380.0318906255,194049.69649763757,23.599280195939386,14.789663513861282,0.6500627409147024,
7,bairro,robust_median_ohe,GradientBoosting,sqrt,328786.41408188245,198804.3762059511,24.430863869849915,16.496609013656045,0.6847085329679807,
7,bairro,robust_median_ohe,MLP,sqrt,864282.0867298642,667822.7527318385,70.52363509081444,72.65686751143163,-1.1786903698729692,
8,score_parque,robust_median_ohe,Linear,sqrt,458395.09682113107,287490.6531658075,36.47223845087761,26.48236529244763,0.38713556829040086,
8,score_parque,robust_median_ohe,DecisionTree,sqrt,383975.50943072414,211432.15876623377,25.55664160096869,13.150240245596805,0.5699771426171332,
8,score_parque,robust_median_ohe,KNeighbors,sqrt,369760.07372034277,225412.027012987,27.38844763902079,19.0013977445755,0.6012281257216392,
8,score_parque,robust_median_ohe,RandomForest,sqrt,334326.6310113372,195287.9483093717,23.800980229642697,14.93159598769595,0.6739933687379256,
8,score_parque,robust_median_ohe,GradientBoosting,sqrt,313934.6181350188,195059.3147184194,24.09774477816087,16.89054425453993,0.7125496063931569,
8,score_parque,robust_median_ohe,MLP,sqrt,875524.9904041446,681390.2388786018,72.49735486614807,74.48006404663705,-1.235741476515447,
9,score_escola_publica,robust_median_ohe,Linear,sqrt,458957.71403138596,287489.79842906084,36.419735395100325,26.660139527525693,0.3856302307264773,
9,score_escola_publica,robust_median_ohe,DecisionTree,sqrt,411604.5540221953,222070.95703463207,26.33187228733746,12.8959451502761,0.5058658919629048,
9,score_escola_publica,robust_median_ohe,KNeighbors,sqrt,366352.9934660806,221450.86935064936,26.9397026075418,18.25582149859177,0.6085430760410445,
9,score_escola_publica,robust_median_ohe,RandomForest,sqrt,324221.52883035754,194767.8361857603,23.659572291383192,15.016779390068377,0.6934027968821308,
9,score_escola_publica,robust_median_ohe,GradientBoosting,sqrt,318845.3699738897,194640.1063622609,23.715832579062948,15.825456574627678,0.7034863302163448,
9,score_escola_publica,robust_median_ohe,MLP,sqrt,863201.6824245751,666510.5986059412,70.47019834497019,72.81078586915535,-1.1732467878418507,
10,metro_quadrado_bairro_mean,robust_median_ohe,KNeighbors,sqrt,364743.9956534619,222956.35714285713,27.279270257298453,19.03136206927431,0.6119740303870524,
10,metro_quadrado_bairro_mean,robust_median_ohe,DecisionTree,sqrt,428597.18795657187,229773.69339826843,27.585531396647216,13.675455384224696,0.4642241614362348,
10,metro_quadrado_bairro_mean,robust_median_ohe,Linear,sqrt,459103.1490439386,287754.2989141431,36.48572219631901,26.660139527525683,0.38524080473286293,
10,metro_quadrado_bairro_mean,robust_median_ohe,RandomForest,sqrt,322186.74467548844,193887.6011359642,23.558976779288493,14.812216127918918,0.6972390719878526,
10,metro_quadrado_bairro_mean,robust_median_ohe,GradientBoosting,sqrt,319942.93938865076,191144.76916157387,23.20293498179454,15.056140750261088,0.7014414237612903,
10,metro_quadrado_bairro_mean,robust_median_ohe,MLP,sqrt,887403.3431335203,694888.1043314748,74.40930248626456,76.11758659334936,-1.2968181486029002,
11,score_mercado,robust_median_ohe,Linear,sqrt,459634.56058907055,288057.72763158317,36.494481353563756,26.698522388259395,0.38381681447571847,
11,score_mercado,robust_median_ohe,DecisionTree,sqrt,434334.3646174025,231885.06136363637,28.09143156800794,13.636363636363635,0.4497844317876848,
11,score_mercado,robust_median_ohe,KNeighbors,sqrt,366124.1000612602,225236.52337662337,27.10573392720666,19.0526583655706,0.6090320793717632,
11,score_mercado,robust_median_ohe,RandomForest,sqrt,323603.3609849173,197164.0714858868,24.175518727908454,14.52037729902885,0.6945708121803962,
11,score_mercado,robust_median_ohe,GradientBoosting,sqrt,324254.0796978948,196110.1368243281,23.855831859458032,16.079145872930052,0.6933412309154088,
11,score_mercado,robust_median_ohe,MLP,sqrt,900025.6382837401,708382.6335041987,76.34558057201565,78.48045973258706,-1.3626220460110083,
12,score_seguranca,robust_median_ohe,Linear,sqrt,459407.24929253175,287892.41338114126,36.49195808511687,26.610527296305854,0.3844261279446822,
12,score_seguranca,robust_median_ohe,KNeighbors,sqrt,365715.19538205094,225972.48493506492,27.27550445832656,18.343764172335604,0.6099048945605599,
12,score_seguranca,robust_median_ohe,DecisionTree,sqrt,399182.06871862244,218225.07608225106,26.524529887830695,13.574938574938574,0.5352423584730102,
12,score_seguranca,robust_median_ohe,GradientBoosting,sqrt,331110.88019911456,201146.61894243138,24.439834607627432,17.02612633804204,0.6802346557833604,
12,score_seguranca,robust_median_ohe,RandomForest,sqrt,323550.4134810583,197430.47251583784,24.186189697466776,14.547090396413608,0.6946707517487344,
12,score_seguranca,robust_median_ohe,MLP,sqrt,853270.9616657771,654777.6619872651,69.13715989584995,71.7387495655412,-1.1235301047309059,
13,valor_bairro_mean,robust_median_ohe,Linear,sqrt,459322.2948436374,287751.77547915524,36.456872155957676,26.610527296305797,0.3846537730409306,
13,valor_bairro_mean,robust_median_ohe,DecisionTree,sqrt,447978.495971019,235366.11699134202,27.451341003759726,14.52885874584729,0.41467264008615723,
13,valor_bairro_mean,robust_median_ohe,KNeighbors,sqrt,372907.8713097521,227041.38987012985,27.383889843788623,18.221343873517785,0.5944096708897553,
13,valor_bairro_mean,robust_median_ohe,RandomForest,sqrt,324478.90353009093,197816.43329696084,24.22433459146089,14.81516433959823,0.6929158354898355,
13,valor_bairro_mean,robust_median_ohe,GradientBoosting,sqrt,323687.8803771239,196496.61327735434,23.966743294405426,16.523888759359757,0.6944112460967501,
13,valor_bairro_mean,robust_median_ohe,MLP,sqrt,841587.337039688,646806.2453222498,68.7327126390538,71.61366503630389,-1.0657743212357111,
14,score_farmacia,robust_median_ohe,Linear,sqrt,459959.39929970907,288212.8667479963,36.520570453264305,27.01947671340075,0.3829455532672724,
14,score_farmacia,robust_median_ohe,KNeighbors,sqrt,374709.9961430506,237308.88883116885,28.507506021249675,19.62924277255312,0.5904800646610131,
14,score_farmacia,robust_median_ohe,RandomForest,sqrt,330618.3044908442,198109.88718593493,24.448796614837356,14.725743634307092,0.6811853432526431,
14,score_farmacia,robust_median_ohe,DecisionTree,sqrt,494368.5893615651,234770.83127705628,28.72028118901587,13.636363636363635,0.28716957396443377,
14,score_farmacia,robust_median_ohe,GradientBoosting,sqrt,352728.14790179784,205755.5590377288,25.214415032606407,17.000999287479345,0.6371185852072387,
14,score_farmacia,robust_median_ohe,MLP,sqrt,1025732.9177596351,834087.4395906028,93.77603874671156,99.06910805376839,-2.068690411328199,
15,score_hospitais,robust_median_ohe,Linear,sqrt,459324.05371642945,287368.34040418867,36.34147006458175,26.651791520681734,0.3846490603682793,
15,score_hospitais,robust_median_ohe,DecisionTree,sqrt,474919.2999677467,227253.94556277053,28.058164625062453,13.976744186046513,0.3421541670059135,
15,score_hospitais,robust_median_ohe,KNeighbors,sqrt,376230.54507459723,239906.3922077922,28.76700746729217,20.0517767257101,0.587149710334882,
15,score_hospitais,robust_median_ohe,RandomForest,sqrt,332517.3506435372,199092.59530366867,24.558192913806526,15.262878488839121,0.6775123308981128,
15,score_hospitais,robust_median_ohe,GradientBoosting,sqrt,347626.556900448,202272.87194615812,24.809536272016196,17.387960960371316,0.6475395559960568,
15,score_hospitais,robust_median_ohe,MLP,sqrt,1029694.5726863486,837745.8535011316,94.20478450116192,99.68042723108175,-2.0924403938965486,
16,novo_lancamento,robust_median_ohe,DecisionTree,sqrt,455044.7708815633,221347.86231601733,27.43483886651298,13.976744186046513,0.3960614579263768,
16,novo_lancamento,robust_median_ohe,Linear,sqrt,459789.74502572435,285360.91583094053,36.083925937628244,26.147447021446336,0.3834006656873098,
16,novo_lancamento,robust_median_ohe,KNeighbors,sqrt,372317.23781191366,239035.17610389614,28.907964965432626,20.565923795830336,0.5956934492292723,
16,novo_lancamento,robust_median_ohe,RandomForest,sqrt,332838.1203463092,199012.42994711464,24.569330825424743,15.085082942487901,0.6768898420662457,
16,novo_lancamento,robust_median_ohe,GradientBoosting,sqrt,346466.65004267934,203470.82417978533,24.93421592363802,17.115861585308277,0.6498877036388597,
16,novo_lancamento,robust_median_ohe,MLP,sqrt,1024087.538758862,832832.6674743553,93.69653483589467,98.76655780828928,-2.0588533299681298,
17,metro_quadrado_bairro_median,robust_median_ohe,DecisionTree,sqrt,501930.55706524977,237773.23114718616,28.371775338091776,13.969949916527547,0.26519557667737637,
17,metro_quadrado_bairro_median,robust_median_ohe,Linear,sqrt,459802.3551894864,285385.04102806264,36.08994462068066,26.14744702149361,0.38336684359671536,
17,metro_quadrado_bairro_median,robust_median_ohe,KNeighbors,sqrt,372970.75738116656,239447.4722077922,29.002151650610514,20.565923795830336,0.5942728642681183,
17,metro_quadrado_bairro_median,robust_median_ohe,RandomForest,sqrt,331183.54132281756,199167.9986750105,24.58554323456581,15.19155521627753,0.6800942976134086,
17,metro_quadrado_bairro_median,robust_median_ohe,GradientBoosting,sqrt,335384.1438791668,200291.11404680897,24.607235022030487,16.503531310631313,0.6719277154101565,
17,metro_quadrado_bairro_median,robust_median_ohe,MLP,sqrt,1022730.3755552464,831336.9435487029,93.46669738007594,98.63594320546025,-2.050751263985493,
18,quartos_por_metro,robust_median_ohe,KNeighbors,sqrt,372854.4229660815,238851.23844155844,29.17617358989546,20.193333333333335,0.5945259279034574,
18,quartos_por_metro,robust_median_ohe,Linear,sqrt,439290.8216761298,276712.51624795643,35.41224179704518,23.767891920266162,0.43715508222323785,
18,quartos_por_metro,robust_median_ohe,DecisionTree,sqrt,499102.3557151868,228368.18655844152,27.83998478527571,13.150181305793557,0.2734529738107171,
18,quartos_por_metro,robust_median_ohe,RandomForest,sqrt,328552.02657207916,195855.07460431897,24.16363510801878,15.121137860077582,0.6851579070135665,
18,quartos_por_metro,robust_median_ohe,GradientBoosting,sqrt,346462.9882280344,200508.89519094987,24.54694984090192,16.418304100323322,0.6498951042908938,
18,quartos_por_metro,robust_median_ohe,MLP,sqrt,1022900.8417478988,831560.9701416412,93.50051088904628,98.70911822130451,-2.0517683322284204,
19,vagas_por_metro,robust_median_ohe,DecisionTree,sqrt,518836.14508109755,243076.99543290044,29.805660070555103,14.390537931027115,0.21486391531099536,
19,vagas_por_metro,robust_median_ohe,Linear,sqrt,433803.995824751,273883.88521804975,35.14848934444944,23.642625561586883,0.45112735567470097,
19,vagas_por_metro,robust_median_ohe,KNeighbors,sqrt,374937.9757261289,239542.46207792204,29.11096736548436,19.799330542529006,0.589981596050041,
19,vagas_por_metro,robust_median_ohe,RandomForest,sqrt,327875.5587788338,195065.68699616066,24.08126968299711,14.807116658374309,0.6864530521470341,
19,vagas_por_metro,robust_median_ohe,GradientBoosting,sqrt,355873.8199015603,203608.08535842272,24.957073271095357,17.0319139375499,0.6306172841005802,
19,vagas_por_metro,robust_median_ohe,MLP,sqrt,1021493.6306650022,830352.1828448952,93.38049342962071,98.49590349786932,-2.0433774343595843,
20,banheiros_por_quarto,robust_median_ohe,DecisionTree,sqrt,531175.8931380478,255126.73287878788,30.025442507599102,15.102348079572028,0.17707320447044506,
20,banheiros_por_quarto,robust_median_ohe,KNeighbors,sqrt,381449.0366081325,246810.75064935064,29.758745314488444,21.684511920196414,0.575617433553864,
20,banheiros_por_quarto,robust_median_ohe,Linear,sqrt,434172.57840997266,274576.7269892988,35.115951131104886,24.256556934101038,0.4501942575724839,
20,banheiros_por_quarto,robust_median_ohe,RandomForest,sqrt,328502.14855834644,195614.00322596316,24.113494652665075,14.919495840341387,0.6852534931306242,
20,banheiros_por_quarto,robust_median_ohe,GradientBoosting,sqrt,353810.19713503914,203095.69203285885,24.95276637510944,16.66084694592286,0.6348887783409471,
20,banheiros_por_quarto,robust_median_ohe,MLP,sqrt,1022549.0050371876,831434.899187618,93.53101741977493,98.65595721577083,-2.049669322375048,
21,lat,robust_median_ohe,Linear,sqrt,434172.57840997074,274576.7269892967,35.115951131104595,24.256556934099393,0.45019425757248865,
21,lat,robust_median_ohe,KNeighbors,sqrt,381449.0366081325,246810.75064935064,29.758745314488444,21.684511920196414,0.575617433553864,
21,lat,robust_median_ohe,DecisionTree,sqrt,529239.6759266419,252113.324978355,29.710711595453105,15.102348079572028,0.18306165769812432,
21,lat,robust_median_ohe,RandomForest,sqrt,326585.4214178894,195696.38407215948,24.103268384284775,14.890626198259685,0.6889157106971397,
21,lat,robust_median_ohe,GradientBoosting,sqrt,351478.20189579984,202129.39764228743,24.889975304181426,16.424092030424198,0.6396858796460039,
21,lat,robust_median_ohe,MLP,sqrt,1022903.148442565,831766.2705015554,93.56738117583457,98.70990724678444,-2.0517820960369617,
22,lng,robust_median_ohe,Linear,sqrt,434172.5784099702,274576.72698929656,35.11595113110464,24.256556934099628,0.4501942575724901,
22,lng,robust_median_ohe,KNeighbors,sqrt,381449.59886002867,246816.30233766235,29.759532406184626,21.684511920196414,0.5756161824820004,
22,lng,robust_median_ohe,DecisionTree,sqrt,543319.2186803174,255247.0965151515,29.929595010930814,14.560634920634921,0.13901690358479357,
22,lng,robust_median_ohe,RandomForest,sqrt,325640.97870246245,194799.08807760433,23.99360907377438,14.821270194946672,0.6907123400262312,
22,lng,robust_median_ohe,GradientBoosting,sqrt,352556.66379672656,202455.78966819597,24.905240332108583,16.699969668949144,0.6374713399754468,
22,lng,robust_median_ohe,MLP,sqrt,1023414.5106404608,832448.3019270563,93.68652638891349,98.80685261809519,-2.0548341075120025,
23,bairro_rank,robust_median_ohe,Linear,sqrt,434151.75551023835,274548.48215657985,35.10890469350985,24.256556934100132,0.4502469936312826,
23,bairro_rank,robust_median_ohe,DecisionTree,sqrt,558635.7069917959,262387.9212987013,30.94378488756923,15.299076316025467,0.08978943264802952,
23,bairro_rank,robust_median_ohe,KNeighbors,sqrt,380356.90230767854,245537.38883116885,29.549110321872647,21.199213985378723,0.5780440709789285,
23,bairro_rank,robust_median_ohe,RandomForest,sqrt,328554.4606825603,195883.43538073587,24.078874036556773,14.887365256576008,0.6851532419181462,
23,bairro_rank,robust_median_ohe,GradientBoosting,sqrt,353233.5165121842,202691.54437724754,24.93704242471995,16.73118730165159,0.6360780090471585,
23,bairro_rank,robust_median_ohe,MLP,sqrt,1022193.9300691757,831379.4085818303,93.57432173939928,98.65698264403949,-2.047551725618877,
24,score_educacao,robust_median_ohe,DecisionTree,sqrt,558635.7069917959,262387.9212987013,30.94378488756923,15.299076316025467,0.08978943264802952,
24,score_educacao,robust_median_ohe,Linear,sqrt,434151.75551023835,274548.48215657985,35.10890469350985,24.256556934100132,0.4502469936312826,
24,score_educacao,robust_median_ohe,KNeighbors,sqrt,380356.90230767854,245537.38883116885,29.549110321872647,21.199213985378723,0.5780440709789285,
24,score_educacao,robust_median_ohe,RandomForest,sqrt,328554.4606825603,195883.43538073587,24.078874036556773,14.887365256575997,0.6851532419181462,
24,score_educacao,robust_median_ohe,GradientBoosting,sqrt,353233.5165121842,202691.54437724754,24.93704242471995,16.73118730165159,0.6360780090471585,
24,score_educacao,robust_median_ohe,MLP,sqrt,1021278.3491298102,829950.0835399331,93.2894856895177,98.52631882033288,-2.0420947755037604,
25,score_escola_privada,robust_median_ohe,Linear,sqrt,434151.75551023835,274548.48215657985,35.10890469350985,24.256556934100132,0.4502469936312826,
25,score_escola_privada,robust_median_ohe,DecisionTree,sqrt,558635.7069917959,262387.9212987013,30.94378488756923,15.299076316025467,0.08978943264802952,
25,score_escola_privada,robust_median_ohe,KNeighbors,sqrt,380356.90230767854,245537.38883116885,29.549110321872647,21.199213985378723,0.5780440709789285,
25,score_escola_privada,robust_median_ohe,RandomForest,sqrt,328554.4606825603,195883.43538073587,24.078874036556773,14.887365256575997,0.6851532419181462,
25,score_escola_privada,robust_median_ohe,GradientBoosting,sqrt,353233.5165121842,202691.54437724754,24.93704242471995,16.73118730165159,0.6360780090471585,
25,score_escola_privada,robust_median_ohe,MLP,sqrt,1022837.6338981022,831690.5003453788,93.55734073851784,98.70735676283144,-2.051391189602845,
1,metragem,robust_median_ohe,Linear,boxcox,494961.41587025556,339659.746022972,44.41600995495062,35.113572295478676,0.2854589549849672,
1,metragem,robust_median_ohe,KNeighbors,boxcox,464442.90456808533,300827.4005194805,37.05869819656584,27.465029738091427,0.3708573099321857,
1,metragem,robust_median_ohe,DecisionTree,boxcox,470777.1163041243,282154.6202374155,35.2571314014759,24.45649964277466,0.3535794136676874,
1,metragem,robust_median_ohe,RandomForest,boxcox,436061.00591285666,281616.0110801974,35.3203856831811,24.317331780191036,0.4454011116963359,
1,metragem,robust_median_ohe,GradientBoosting,boxcox,449238.7849761607,276736.1362971441,35.017803745077494,26.15862616955726,0.4113746278141419,
1,metragem,robust_median_ohe,MLP,boxcox,1020316.3016737433,843938.8514314528,95.22299619767276,95.56921214906417,-2.0363661490416427,
2,tipo_imovel,robust_median_ohe,Linear,boxcox,451553.30691555253,290126.0190408599,38.45680246182471,25.560728299231293,0.4052936928762617,
2,tipo_imovel,robust_median_ohe,DecisionTree,boxcox,464142.1110790825,232031.8183922952,29.05854360310267,18.260837105869264,0.3716719665552901,
2,tipo_imovel,robust_median_ohe,KNeighbors,boxcox,399563.04118058796,247612.54597402597,29.996408581948746,20.452303258087575,0.5343548218413483,
2,tipo_imovel,robust_median_ohe,RandomForest,boxcox,387747.324506906,226878.13094942717,28.305697609816576,17.903532689378533,0.5614873665979778,
2,tipo_imovel,robust_median_ohe,GradientBoosting,boxcox,411689.8976592189,228730.52496675923,28.693097765269098,17.778026126845027,0.5056609594687764,
2,tipo_imovel,robust_median_ohe,MLP,boxcox,968081.5824484689,784099.9248324902,86.55633002918276,87.16499013794025,-1.7334328272854629,
3,tem_elevador,robust_median_ohe,Linear,boxcox,451065.9194550943,289175.98215757543,38.261865999076655,25.566284943409716,0.4065768014932414,
3,tem_elevador,robust_median_ohe,KNeighbors,boxcox,391720.70974706026,241862.93532467535,29.282912311568328,18.87878787878788,0.5524541281590658,
3,tem_elevador,robust_median_ohe,DecisionTree,boxcox,464076.81694422744,229161.98784172357,28.91007382777733,18.07967313585291,0.37184873676705166,
3,tem_elevador,robust_median_ohe,RandomForest,boxcox,387479.5292767782,223383.81417088394,27.999535844470653,17.684078320888187,0.5620928693698316,
3,tem_elevador,robust_median_ohe,GradientBoosting,boxcox,396953.10550858296,224532.40209613202,28.282653571813427,18.017157325942204,0.5404181193377207,
3,tem_elevador,robust_median_ohe,MLP,boxcox,933412.3353058519,740586.4552192192,79.83308950084849,80.8014567623218,-1.5411573750171326,
4,banheiros,robust_median_ohe,DecisionTree,yeojohnson,462845.0233466514,219468.77090863412,26.59122556519135,15.523877734023927,0.3751789002004645,
4,banheiros,robust_median_ohe,GradientBoosting,yeojohnson,374766.0979789698,213745.81745173002,26.0635434760914,17.37937542086641,0.5903574282736341,
4,banheiros,robust_median_ohe,RandomForest,yeojohnson,394430.97206363553,213599.09777753468,25.996635945742497,16.414742726839957,0.5462396857925578,
4,banheiros,robust_median_ohe,KNeighbors,yeojohnson,406493.1812795702,235930.88779220782,28.20621391474833,20.11010028668071,0.5180621676649614,
4,banheiros,robust_median_ohe,Linear,yeojohnson,439644.60367989336,285710.75747540704,37.94182638572028,26.39328794835658,0.43624814506355314,
4,banheiros,robust_median_ohe,MLP,yeojohnson,943267.3145510816,759802.1664849814,83.67208366059272,84.48322445630878,-1.595099785404523,
5,quartos,robust_median_ohe,DecisionTree,yeojohnson,456106.0020195242,204464.37593741695,24.496447342731756,12.052697615839383,0.3932412266649392,
5,quartos,robust_median_ohe,Linear,yeojohnson,439392.65916011756,285613.5453173958,37.92895634239649,26.495872491896005,0.43689409177519944,
5,quartos,robust_median_ohe,KNeighbors,yeojohnson,396459.3896716964,238219.79688311688,27.874427125767177,19.97995991983968,0.541560630848143,
5,quartos,robust_median_ohe,RandomForest,yeojohnson,390413.37055391766,205547.68148550048,24.583197811551162,15.015795502129963,0.5554364463762212,
5,quartos,robust_median_ohe,GradientBoosting,yeojohnson,381435.7477888515,211078.57153917823,25.435255126194285,17.758478420902925,0.575647002090973,
5,quartos,robust_median_ohe,MLP,yeojohnson,987154.0568267779,806865.7786728995,89.97860443191671,90.58768552442528,-1.842198195649234,
6,vagas,robust_median_ohe,DecisionTree,yeojohnson,443903.72293681494,190981.14979334155,22.954032560290834,10.0,0.425272385128422,
6,vagas,robust_median_ohe,Linear,yeojohnson,438580.18880779424,285705.5651643516,37.968897855374486,26.16869371436866,0.4389746175358561,
6,vagas,robust_median_ohe,KNeighbors,yeojohnson,384627.8109828705,224217.87792207793,26.792521295117925,17.735244487670577,0.568514847067197,
6,vagas,robust_median_ohe,RandomForest,yeojohnson,373106.63721061556,194965.57483773943,23.877127191150045,14.052434323097252,0.5939771833046368,
6,vagas,robust_median_ohe,GradientBoosting,yeojohnson,349210.41778280074,203791.47837579358,25.214627461895965,16.53484330386768,0.6443204690303019,
6,vagas,robust_median_ohe,MLP,yeojohnson,942236.1897454683,762857.0522357099,84.64016732477671,86.26299637131409,-1.5894292630254356,
7,score_parque,robust_median_ohe,Linear,yeojohnson,438593.8067363811,285697.54962927004,37.95970828974887,26.200897085019392,0.438939777283606,
7,score_parque,robust_median_ohe,DecisionTree,yeojohnson,408391.36467888916,214236.68777056277,25.708332119173132,12.786095336430908,0.5135506907165791,
7,score_parque,robust_median_ohe,KNeighbors,yeojohnson,378998.1637004624,225544.2831168831,27.123319293358815,18.438031313054704,0.5810533696989805,
7,score_parque,robust_median_ohe,RandomForest,yeojohnson,342895.3303174743,198289.17186597508,24.458190154034206,14.858906664819777,0.6570683005869362,
7,score_parque,robust_median_ohe,GradientBoosting,yeojohnson,330859.9300301332,199670.20199033374,24.62963844630055,16.837625168648856,0.6807191747944047,
7,score_parque,robust_median_ohe,MLP,yeojohnson,907399.8725871647,724261.9713466892,79.4283424531879,80.93922140487923,-1.4014962787442249,
8,bairro,robust_median_ohe,DecisionTree,yeojohnson,383993.86734561186,211493.28214285715,25.57239876168139,13.159596300357034,0.5699360227460166,
8,bairro,robust_median_ohe,Linear,yeojohnson,431679.7269846357,283726.60650507675,37.60766128121676,25.86683216281582,0.45648967747826696,
8,bairro,robust_median_ohe,KNeighbors,yeojohnson,362536.19685122283,224388.91220779216,27.279385578279925,17.981741103341097,0.6166572631487635,
8,bairro,robust_median_ohe,RandomForest,yeojohnson,335348.5515574965,195394.617600838,23.81568130249106,14.745162455403996,0.6719973444304892,
8,bairro,robust_median_ohe,GradientBoosting,yeojohnson,313407.0696651781,194709.1356627547,24.061017216330377,16.89054425453993,0.7135148812763441,
8,bairro,robust_median_ohe,MLP,yeojohnson,879438.9038429403,689514.6549124186,74.21594914302698,76.18805832825338,-1.2557753022860902,
9,metro_quadrado_bairro_mean,robust_median_ohe,KNeighbors,yeojohnson,371345.76626784133,227265.79714285716,27.583917527581107,18.25344946363547,0.597800576416909,
9,metro_quadrado_bairro_mean,robust_median_ohe,Linear,yeojohnson,431830.69696850906,283916.9503566922,37.65514770414655,25.866832162815577,0.4561094507143302,
9,metro_quadrado_bairro_mean,robust_median_ohe,RandomForest,yeojohnson,334997.03479859664,194756.67783878354,23.760387322315694,14.296912099147367,0.6726846174256826,
9,metro_quadrado_bairro_mean,robust_median_ohe,DecisionTree,yeojohnson,440251.5933485673,234790.6286796537,28.127105532266423,14.866991370292887,0.4346903969644804,
9,metro_quadrado_bairro_mean,robust_median_ohe,GradientBoosting,yeojohnson,324250.1018359638,196060.2924789387,23.713419884317965,16.346449836300287,0.6933487548840331,
9,metro_quadrado_bairro_mean,robust_median_ohe,MLP,yeojohnson,912060.1991174378,729855.7137408764,80.22643615548257,81.71022197816826,-1.4262273749282919,
10,score_escola_publica,robust_median_ohe,Linear,yeojohnson,432180.76513763546,283773.51666872075,37.604624183604535,26.00886986684186,0.4552272719135685,
10,score_escola_publica,robust_median_ohe,KNeighbors,yeojohnson,369648.3546997303,230344.3249350649,27.760444126348215,19.475066864784548,0.6014690585653719,
10,score_escola_publica,robust_median_ohe,DecisionTree,yeojohnson,389372.330070186,218241.37435064936,26.56444266209823,12.5,0.5578041502010223,
10,score_escola_publica,robust_median_ohe,RandomForest,yeojohnson,318467.28953839856,192712.11835494026,23.461152981805185,14.632371566304512,0.7041891132040871,
10,score_escola_publica,robust_median_ohe,GradientBoosting,yeojohnson,315068.659778749,190344.60865038255,23.149716939527615,15.004331429518897,0.7104691127096017,
10,score_escola_publica,robust_median_ohe,MLP,yeojohnson,883117.3625004211,696105.9380145977,75.50770344115752,77.04207261967389,-1.2746853819911221,
11,score_mercado,robust_median_ohe,KNeighbors,yeojohnson,370253.41073976643,228803.76025974026,27.151931268621173,19.145285773884023,0.6001633262444758,
11,score_mercado,robust_median_ohe,Linear,yeojohnson,432796.19288029347,282697.36060958484,37.530846118316106,25.22525978361004,0.45367464861669304,
11,score_mercado,robust_median_ohe,DecisionTree,yeojohnson,423503.74366064626,228754.68863636363,27.647397470394715,12.54341163968956,0.47688280266120364,
11,score_mercado,robust_median_ohe,RandomForest,yeojohnson,327587.0337281011,198466.32768967576,24.261608042457468,14.916278359473504,0.6870046415672287,
11,score_mercado,robust_median_ohe,GradientBoosting,yeojohnson,323706.39448385034,195317.85392377691,23.787189788429725,16.079145872930052,0.6943762873296777,
11,score_mercado,robust_median_ohe,MLP,yeojohnson,888879.4532364096,700484.113023099,75.97185125801713,77.97733149917214,-1.3044655758204042,
12,score_farmacia,robust_median_ohe,KNeighbors,yeojohnson,375937.3777587043,237531.3472727273,28.544747022611478,19.86478618194777,0.5877928641488328,
12,score_farmacia,robust_median_ohe,Linear,yeojohnson,432812.4309995394,282458.4462010175,37.49793997336529,25.308386097140744,0.4536336525877528,
12,score_farmacia,robust_median_ohe,DecisionTree,yeojohnson,507494.39018586226,243488.91396103895,30.21364782133792,14.771124292824911,0.24881487053776896,
12,score_farmacia,robust_median_ohe,GradientBoosting,yeojohnson,340015.7654528976,197734.19940926688,24.542511009352992,16.73082828106752,0.6628038565948041,
12,score_farmacia,robust_median_ohe,RandomForest,yeojohnson,332945.9903816236,198115.0418621677,24.562968277162124,14.833883170299481,0.6766803735592184,
12,score_farmacia,robust_median_ohe,MLP,yeojohnson,1025102.1188296967,831536.8353100071,94.04387005510586,99.97595909940952,-2.0649172431210823,
13,score_hospitais,robust_median_ohe,KNeighbors,yeojohnson,379245.61738022254,237763.37896103898,28.727300791178113,19.608108178559792,0.5805061178173199,
13,score_hospitais,robust_median_ohe,DecisionTree,yeojohnson,509503.00595606316,239675.63300865804,29.49204898307852,14.860871010638299,0.24285686092972647,
13,score_hospitais,robust_median_ohe,Linear,yeojohnson,432385.0383397117,282409.1379888416,37.502825410789335,25.193311608269763,0.4547121690780883,
13,score_hospitais,robust_median_ohe,RandomForest,yeojohnson,332542.44256516354,199213.3886516431,24.646770611035816,14.684913357515128,0.6774636589078552,
13,score_hospitais,robust_median_ohe,GradientBoosting,yeojohnson,342381.66766870156,201151.77766724292,24.619982449312328,16.44679893287044,0.6580949652910297,
13,score_hospitais,robust_median_ohe,MLP,yeojohnson,1025218.6931762673,831776.9810863693,94.09338040442627,99.99299667799622,-2.0656143659420207,
14,score_seguranca,robust_median_ohe,KNeighbors,yeojohnson,378647.0435143258,238126.02805194806,28.95043517385091,19.593323232323236,0.5818292704432457,
14,score_seguranca,robust_median_ohe,DecisionTree,yeojohnson,476249.9775407884,229846.7739177489,28.547469105811256,13.822741794700132,0.33846256271767383,
14,score_seguranca,robust_median_ohe,RandomForest,yeojohnson,333732.0019795977,198547.7390582323,24.61403145490327,14.768629432996777,0.6751519998327524,
14,score_seguranca,robust_median_ohe,GradientBoosting,yeojohnson,342378.6394566427,199655.57836856684,24.629815555615973,17.09443291709296,0.6581010132571927,
14,score_seguranca,robust_median_ohe,Linear,yeojohnson,431917.026071076,281956.84314725664,37.43801645446621,24.861176771569887,0.4558919660533791,
14,score_seguranca,robust_median_ohe,MLP,yeojohnson,1025066.8495019572,829927.8776077413,93.61263819747059,99.99167071481821,-2.0647063456716053,
15,lng,robust_median_ohe,KNeighbors,yeojohnson,378647.0435143258,238126.02805194806,28.95043517385091,19.593323232323236,0.5818292704432457,
15,lng,robust_median_ohe,Linear,yeojohnson,431917.0260709547,281956.84314678557,37.43801645440893,24.861176771220357,0.45589196605368465,
15,lng,robust_median_ohe,DecisionTree,yeojohnson,518634.9085969517,244379.83257575755,29.668177806898694,13.946694102574059,0.21547284507077924,
15,lng,robust_median_ohe,GradientBoosting,yeojohnson,344992.7305567495,200411.82123455827,24.6670927907955,17.04194086360409,0.6528602245836154,
15,lng,robust_median_ohe,RandomForest,yeojohnson,335160.01140803477,199348.01283509406,24.685645174250258,14.662522326049517,0.6723660610094703,
15,lng,robust_median_ohe,MLP,yeojohnson,1025070.7906453537,830434.7257722861,93.74797020324723,99.98917871466844,-2.0647299118817544,
16,valor_bairro_mean,robust_median_ohe,KNeighbors,yeojohnson,374049.7994927936,236667.61376623376,28.868856649813956,19.453880424106586,0.5919218490658982,
16,valor_bairro_mean,robust_median_ohe,DecisionTree,yeojohnson,494303.95450227853,233237.51396103896,28.114225664950787,13.822741794700132,0.2873559558802118,
16,valor_bairro_mean,robust_median_ohe,Linear,yeojohnson,431883.1351485618,281916.7668443953,37.42801833639777,24.86117677142909,0.4559773509705415,
16,valor_bairro_mean,robust_median_ohe,GradientBoosting,yeojohnson,344608.6867824512,200018.6460278484,24.616187956491892,16.665437733745712,0.6536326621105601,
16,valor_bairro_mean,robust_median_ohe,RandomForest,yeojohnson,337120.1107452837,200268.45940150943,24.668408736193765,15.213237129748542,0.6685226852891508,
16,valor_bairro_mean,robust_median_ohe,MLP,yeojohnson,1025241.7407964859,833083.6804666698,94.44179511890145,99.95329486363431,-2.0657522017234022,
17,lat,robust_median_ohe,DecisionTree,yeojohnson,483006.03789303906,233845.1724025974,28.55053997564451,14.093425605536334,0.3195603545399234,
17,lat,robust_median_ohe,Linear,yeojohnson,431854.56984302367,281887.5934816393,37.42173468927,24.96898708607666,0.45604931330479814,
17,lat,robust_median_ohe,KNeighbors,yeojohnson,379904.0775101321,238978.85740259738,29.069357417841086,19.608108178559792,0.579048171963102,
17,lat,robust_median_ohe,RandomForest,yeojohnson,332697.1572409877,199233.76815929823,24.67474736789052,15.025058951443318,0.6771634703769656,
17,lat,robust_median_ohe,GradientBoosting,yeojohnson,342855.4520981363,200217.37704015328,24.749999286090155,17.026272216233473,0.6571480608466864,
17,lat,robust_median_ohe,MLP,yeojohnson,1025107.7460481162,830586.8490900988,93.78398602297793,99.99385470815805,-2.064950892463496,
18,novo_lancamento,robust_median_ohe,DecisionTree,yeojohnson,498588.58900209697,234945.87833333333,28.221788753304118,14.390537931027115,0.2749479920239024,
18,novo_lancamento,robust_median_ohe,KNeighbors,yeojohnson,383524.9070489638,240892.68025974027,29.3801787970478,19.68133971291866,0.5709858300101789,
18,novo_lancamento,robust_median_ohe,Linear,yeojohnson,432009.7511152031,280839.5752390524,37.26480267548792,25.09786600250523,0.45565831998693096,
18,novo_lancamento,robust_median_ohe,GradientBoosting,yeojohnson,339668.0095872596,198757.48135381797,24.664022518937283,17.199127952950793,0.6634932479878357,
18,novo_lancamento,robust_median_ohe,RandomForest,yeojohnson,333300.6484426974,199742.33526396137,24.684857925062737,15.108528646561737,0.6759911988104469,
18,novo_lancamento,robust_median_ohe,MLP,yeojohnson,1024369.2303235943,830913.5868710252,93.97710246791587,99.84234431934847,-2.060536333918271,
19,metro_quadrado_bairro_median,robust_median_ohe,DecisionTree,yeojohnson,502239.05911082414,236151.02097402597,28.189797763551372,13.72174266538027,0.26429203203585716,
19,metro_quadrado_bairro_median,robust_median_ohe,Linear,yeojohnson,432000.6481622981,280827.9343730782,37.261898546634164,25.097866004529983,0.45568125958243577,
19,metro_quadrado_bairro_median,robust_median_ohe,KNeighbors,yeojohnson,383542.48993654305,238899.07220779223,28.87210001641922,19.614143920595534,0.5709464923781475,
19,metro_quadrado_bairro_median,robust_median_ohe,RandomForest,yeojohnson,333373.50248146,199615.73275947978,24.68318042275205,14.989995350083035,0.675849537342087,
19,metro_quadrado_bairro_median,robust_median_ohe,GradientBoosting,yeojohnson,334101.5280159417,198984.71863059205,24.273566959017096,16.757837038869305,0.6744322231828404,
19,metro_quadrado_bairro_median,robust_median_ohe,MLP,yeojohnson,1025287.4729812159,832066.6641637805,94.161401574428,99.99884160243897,-2.0660257112137463,
20,banheiros_por_quarto,robust_median_ohe,Linear,yeojohnson,430182.9841361139,277247.96394460066,36.23117996520132,23.624757605266193,0.46025211912531716,
20,banheiros_por_quarto,robust_median_ohe,KNeighbors,yeojohnson,382201.65570341656,243409.40779220778,29.2295411552374,20.315591317836628,0.5739411230247571,
20,banheiros_por_quarto,robust_median_ohe,DecisionTree,yeojohnson,460178.41873752483,226045.31945887447,27.850947014417688,14.943499281075395,0.3823577661940275,
20,banheiros_por_quarto,robust_median_ohe,RandomForest,yeojohnson,333212.43429935817,200287.6998051542,24.720766842274095,14.971444765376141,0.6761626858841623,
20,banheiros_por_quarto,robust_median_ohe,GradientBoosting,yeojohnson,337284.5305482381,199960.18910203225,24.936190138289412,16.647849963846348,0.6681992710298577,
20,banheiros_por_quarto,robust_median_ohe,MLP,yeojohnson,1023878.4015952308,828631.1798956053,93.4269087924928,99.79714925249284,-2.057604111392555,
21,vagas_por_metro,robust_median_ohe,KNeighbors,yeojohnson,381055.85394476156,245073.99714285712,29.617264182550745,21.082639534322592,0.5764918563755974,
21,vagas_por_metro,robust_median_ohe,DecisionTree,yeojohnson,479851.3683355088,235267.17086580087,28.943053378212163,15.364265364265364,0.32841967355167,
21,vagas_por_metro,robust_median_ohe,Linear,yeojohnson,428296.60766446375,276762.6754658751,36.158656744345244,23.751893669942717,0.4649753898234934,
21,vagas_por_metro,robust_median_ohe,RandomForest,yeojohnson,332692.9864052141,198047.94806375133,24.52912633240445,14.352177211902262,0.6771715647635711,
21,vagas_por_metro,robust_median_ohe,GradientBoosting,yeojohnson,351701.8007656,201833.22660219448,25.167273694652913,17.08140028042745,0.6392272938428735,
21,vagas_por_metro,robust_median_ohe,MLP,yeojohnson,1023263.2667386616,825876.1005986542,92.76889875874421,99.68086644055117,-2.0539312653398425,
22,quartos_por_metro,robust_median_ohe,DecisionTree,yeojohnson,538640.3692502702,251396.3396969697,29.32975511454548,14.361913611469882,0.15378194261522227,
22,quartos_por_metro,robust_median_ohe,Linear,yeojohnson,428540.79366765363,277139.4154515062,36.24697194380752,23.922581243385014,0.46436514560728426,
22,quartos_por_metro,robust_median_ohe,KNeighbors,yeojohnson,378542.33239199006,243825.7516883117,29.77582581510977,20.648407862355054,0.582060520483196,
22,quartos_por_metro,robust_median_ohe,RandomForest,yeojohnson,329708.8350315462,195646.1726935365,24.18015617268932,14.7433606118749,0.682936930429029,
22,quartos_por_metro,robust_median_ohe,GradientBoosting,yeojohnson,350420.682452076,200798.42809705317,24.645544012751618,17.13438925221012,0.6418508273164111,
22,quartos_por_metro,robust_median_ohe,MLP,yeojohnson,1019300.1256080093,826939.8345484684,93.60672231234697,99.07876215077336,-2.0303210704297876,
23,bairro_rank,robust_median_ohe,DecisionTree,yeojohnson,530717.8581831468,248399.75311688313,28.87974975271497,14.338382555371098,0.17849181826222382,
23,bairro_rank,robust_median_ohe,Linear,yeojohnson,428580.26048137224,277192.13228301273,36.26012358327015,23.922581252772428,0.4642664816071447,
23,bairro_rank,robust_median_ohe,KNeighbors,yeojohnson,377727.9730260356,243003.5285714286,29.61924836456803,20.315591317836628,0.5838568153715873,
23,bairro_rank,robust_median_ohe,GradientBoosting,yeojohnson,349786.2704057918,200499.14338625717,24.631004411467465,16.93012048701351,0.6431464612972309,
23,bairro_rank,robust_median_ohe,RandomForest,yeojohnson,327561.7211387563,195865.16904685233,24.154227686250454,14.803810048454025,0.6870530098850527,
23,bairro_rank,robust_median_ohe,MLP,yeojohnson,1016897.4804313006,823942.0222137748,93.13189918807404,98.7827536196158,-2.0160520535591058,
24,score_educacao,robust_median_ohe,DecisionTree,yeojohnson,530717.8581831468,248399.75311688313,28.87974975271497,14.338382555371098,0.17849181826222382,
24,score_educacao,robust_median_ohe,KNeighbors,yeojohnson,377727.9730260356,243003.5285714286,29.61924836456803,20.315591317836628,0.5838568153715873,
24,score_educacao,robust_median_ohe,Linear,yeojohnson,428580.26048137224,277192.13228301273,36.26012358327015,23.922581252772428,0.4642664816071447,
24,score_educacao,robust_median_ohe,GradientBoosting,yeojohnson,349786.2704057918,200499.14338625717,24.631004411467465,16.93012048701351,0.6431464612972309,
24,score_educacao,robust_median_ohe,RandomForest,yeojohnson,327561.7211387563,195865.16904685233,24.154227686250454,14.803810048454025,0.6870530098850527,
24,score_educacao,robust_median_ohe,MLP,yeojohnson,1025759.0416714605,834553.8054349757,94.75189812549645,99.99884012475037,-2.0688467233996835,
25,score_escola_privada,robust_median_ohe,Linear,yeojohnson,428580.26048137224,277192.13228301273,36.26012358327015,23.922581252772428,0.4642664816071447,
25,score_escola_privada,robust_median_ohe,KNeighbors,yeojohnson,377727.9730260356,243003.5285714286,29.61924836456803,20.315591317836628,0.5838568153715873,
25,score_escola_privada,robust_median_ohe,DecisionTree,yeojohnson,530717.8581831468,248399.75311688313,28.87974975271497,14.338382555371098,0.17849181826222382,
25,score_escola_privada,robust_median_ohe,RandomForest,yeojohnson,327561.7211387563,195865.16904685233,24.15422768625045,14.803810048454025,0.6870530098850527,
25,score_escola_privada,robust_median_ohe,GradientBoosting,yeojohnson,349786.2704057918,200499.14338625717,24.631004411467465,16.93012048701351,0.6431464612972309,
25,score_escola_privada,robust_median_ohe,MLP,yeojohnson,1024947.0988642327,831390.4949836106,94.02591916465504,99.95368239305284,-2.063990335583888,
1,metragem,robust_median_ohe,Linear,yeojohnson,494825.68297358934,339651.15228558885,44.40962571331812,35.044691165608214,0.2858507973565907,
1,metragem,robust_median_ohe,DecisionTree,yeojohnson,470777.1163041243,282154.6202374155,35.2571314014759,24.45649964277466,0.3535794136676874,
1,metragem,robust_median_ohe,KNeighbors,yeojohnson,464442.90456808533,300827.4005194805,37.05869819656584,27.465029738091427,0.3708573099321857,
1,metragem,robust_median_ohe,RandomForest,yeojohnson,436061.00591285666,281616.0110801974,35.3203856831811,24.317331780191036,0.4454011116963359,
1,metragem,robust_median_ohe,GradientBoosting,yeojohnson,449238.7849761607,276736.1362971441,35.017803745077494,26.15862616955726,0.4113746278141419,
1,metragem,robust_median_ohe,MLP,yeojohnson,1019340.4411982727,842645.5752831595,95.01074775600007,95.38661036119794,-2.030560787065947,
2,tipo_imovel,robust_median_ohe,DecisionTree,yeojohnson,464142.1110790825,232031.8183922952,29.05854360310267,18.260837105869264,0.3716719665552901,
2,tipo_imovel,robust_median_ohe,KNeighbors,yeojohnson,399563.04118058796,247612.54597402597,29.996408581948746,20.452303258087575,0.5343548218413483,
2,tipo_imovel,robust_median_ohe,Linear,yeojohnson,451341.15799746045,290157.0549586119,38.47598982761666,25.714425648415663,0.4058523718183116,
2,tipo_imovel,robust_median_ohe,GradientBoosting,yeojohnson,411689.8976592189,228730.52496675923,28.693097765269098,17.778026126845027,0.5056609594687764,
2,tipo_imovel,robust_median_ohe,RandomForest,yeojohnson,387747.32450690604,226878.13094942717,28.305697609816576,17.903532689378533,0.5614873665979778,
2,tipo_imovel,robust_median_ohe,MLP,yeojohnson,977969.278380317,794757.4085403244,87.99923619804731,88.51865596489084,-1.7895549099480976,
3,tem_elevador,robust_median_ohe,Linear,yeojohnson,450857.8115397642,289220.12263660453,38.28319720962857,25.544767060720897,0.40712424953036896,
3,tem_elevador,robust_median_ohe,DecisionTree,yeojohnson,464076.81694422744,229161.98784172357,28.91007382777733,18.07967313585291,0.37184873676705166,
3,tem_elevador,robust_median_ohe,KNeighbors,yeojohnson,391720.70974706026,241862.93532467535,29.282912311568328,18.87878787878788,0.5524541281590658,
3,tem_elevador,robust_median_ohe,RandomForest,yeojohnson,387479.5292767782,223383.81417088394,27.999535844470653,17.684078320888197,0.5620928693698317,
3,tem_elevador,robust_median_ohe,GradientBoosting,yeojohnson,396953.10550858296,224532.40209613202,28.282653571813427,18.017157325942204,0.5404181193377207,
3,tem_elevador,robust_median_ohe,MLP,yeojohnson,907637.2460952094,710782.215880555,75.59875796310345,76.82470037276036,-1.4027528937724876,
4,banheiros,robust_median_ohe,DecisionTree,yeojohnson,462845.0233466514,219468.77090863412,26.59122556519135,15.523877734023927,0.3751789002004645,
4,banheiros,robust_median_ohe,Linear,yeojohnson,439644.60367989336,285710.75747540704,37.94182638572028,26.39328794835658,0.43624814506355314,
4,banheiros,robust_median_ohe,KNeighbors,yeojohnson,406493.1812795702,235930.88779220782,28.20621391474833,20.11010028668071,0.5180621676649614,
4,banheiros,robust_median_ohe,RandomForest,yeojohnson,394430.97206363553,213599.09777753468,25.996635945742497,16.414742726839965,0.5462396857925578,
4,banheiros,robust_median_ohe,GradientBoosting,yeojohnson,374766.0979789698,213745.81745173002,26.0635434760914,17.37937542086641,0.5903574282736341,
4,banheiros,robust_median_ohe,MLP,yeojohnson,940963.3548835819,756048.4915331358,82.97377935530442,83.87531502129198,-1.5824380442549404,
5,quartos,robust_median_ohe,Linear,yeojohnson,439392.65916011756,285613.5453173958,37.92895634239649,26.495872491896005,0.43689409177519944,
5,quartos,robust_median_ohe,DecisionTree,yeojohnson,456106.0020195242,204464.37593741695,24.496447342731756,12.052697615839383,0.3932412266649392,
5,quartos,robust_median_ohe,KNeighbors,yeojohnson,396459.3896716964,238219.79688311688,27.874427125767177,19.97995991983968,0.541560630848143,
5,quartos,robust_median_ohe,RandomForest,yeojohnson,390413.37055391766,205547.68148550048,24.583197811551162,15.01579550212995,0.5554364463762212,
5,quartos,robust_median_ohe,GradientBoosting,yeojohnson,381435.7477888515,211078.57153917823,25.435255126194285,17.758478420902925,0.575647002090973,
5,quartos,robust_median_ohe,MLP,yeojohnson,915984.7138377008,729653.8962579505,79.55793623565403,80.5868771816449,-1.4471519821309715,
6,vagas,robust_median_ohe,Linear,yeojohnson,438580.18880779424,285705.5651643516,37.968897855374486,26.16869371436866,0.4389746175358561,
6,vagas,robust_median_ohe,DecisionTree,yeojohnson,443903.72293681494,190981.14979334155,22.954032560290834,10.0,0.425272385128422,
6,vagas,robust_median_ohe,KNeighbors,yeojohnson,384627.8109828705,224217.87792207793,26.792521295117925,17.735244487670577,0.568514847067197,
6,vagas,robust_median_ohe,RandomForest,yeojohnson,373106.6372106155,194965.57483773943,23.877127191150045,14.052434323097243,0.5939771833046368,
6,vagas,robust_median_ohe,GradientBoosting,yeojohnson,349210.41778280074,203791.47837579358,25.214627461895965,16.53484330386768,0.6443204690303019,
6,vagas,robust_median_ohe,MLP,yeojohnson,942865.5102354285,761899.6508211606,84.2712319215778,85.84582638553732,-1.5928893829181257,
7,score_parque,robust_median_ohe,Linear,yeojohnson,438593.8067363811,285697.54962927004,37.95970828974887,26.200897085019392,0.438939777283606,
7,score_parque,robust_median_ohe,DecisionTree,yeojohnson,408391.36467888916,214236.68777056277,25.708332119173132,12.786095336430908,0.5135506907165791,
7,score_parque,robust_median_ohe,KNeighbors,yeojohnson,378998.1637004624,225544.2831168831,27.123319293358815,18.438031313054704,0.5810533696989805,
7,score_parque,robust_median_ohe,GradientBoosting,yeojohnson,330859.9300301332,199670.20199033374,24.62963844630055,16.837625168648856,0.6807191747944047,
7,score_parque,robust_median_ohe,RandomForest,yeojohnson,342895.3303174743,198289.17186597508,24.458190154034206,14.858906664819777,0.6570683005869362,
7,score_parque,robust_median_ohe,MLP,yeojohnson,899196.464877022,717049.3957108535,78.73607122935647,80.32856278974445,-1.3582707900350215,
8,bairro,robust_median_ohe,Linear,yeojohnson,431679.7269846357,283726.60650507675,37.60766128121676,25.86683216281582,0.45648967747826696,
8,bairro,robust_median_ohe,KNeighbors,yeojohnson,362536.19685122283,224388.91220779216,27.279385578279925,17.981741103341097,0.6166572631487635,
8,bairro,robust_median_ohe,RandomForest,yeojohnson,335348.5515574965,195394.617600838,23.81568130249106,14.745162455403987,0.6719973444304892,
8,bairro,robust_median_ohe,DecisionTree,yeojohnson,383993.86734561186,211493.28214285715,25.57239876168139,13.159596300357034,0.5699360227460166,
8,bairro,robust_median_ohe,GradientBoosting,yeojohnson,313407.0696651781,194709.1356627547,24.061017216330377,16.89054425453993,0.7135148812763441,
8,bairro,robust_median_ohe,MLP,yeojohnson,898700.7909977513,711266.797691583,77.18797168572044,78.9330097446818,-1.35567155595303,
9,metro_quadrado_bairro_mean,robust_median_ohe,KNeighbors,yeojohnson,371345.76626784133,227265.79714285716,27.583917527581107,18.25344946363547,0.597800576416909,
9,metro_quadrado_bairro_mean,robust_median_ohe,DecisionTree,yeojohnson,440251.5933485673,234790.6286796537,28.127105532266423,14.866991370292887,0.4346903969644804,
9,metro_quadrado_bairro_mean,robust_median_ohe,Linear,yeojohnson,431830.69696850906,283916.9503566922,37.65514770414655,25.866832162815577,0.4561094507143302,
9,metro_quadrado_bairro_mean,robust_median_ohe,RandomForest,yeojohnson,334997.03479859664,194756.67783878354,23.760387322315697,14.296912099147367,0.6726846174256826,
9,metro_quadrado_bairro_mean,robust_median_ohe,GradientBoosting,yeojohnson,324250.1018359638,196060.2924789387,23.713419884317965,16.346449836300287,0.6933487548840331,
9,metro_quadrado_bairro_mean,robust_median_ohe,MLP,yeojohnson,912545.2547598935,729885.0358294995,80.15280524951282,81.61064200938002,-1.428808713790045,
10,score_escola_publica,robust_median_ohe,KNeighbors,yeojohnson,369648.3546997303,230344.3249350649,27.760444126348215,19.475066864784548,0.6014690585653719,
10,score_escola_publica,robust_median_ohe,Linear,yeojohnson,432180.76513763546,283773.51666872075,37.604624183604535,26.00886986684186,0.4552272719135685,
10,score_escola_publica,robust_median_ohe,RandomForest,yeojohnson,318467.28953839856,192712.11835494026,23.461152981805185,14.632371566304517,0.7041891132040871,
10,score_escola_publica,robust_median_ohe,GradientBoosting,yeojohnson,315068.659778749,190344.60865038255,23.149716939527615,15.004331429518897,0.7104691127096017,
10,score_escola_publica,robust_median_ohe,DecisionTree,yeojohnson,389372.330070186,218241.37435064936,26.56444266209823,12.5,0.5578041502010223,
10,score_escola_publica,robust_median_ohe,MLP,yeojohnson,897775.7486733317,713716.0169178158,78.06858428138912,79.46510505835866,-1.3508246159477135,
11,score_mercado,robust_median_ohe,Linear,yeojohnson,432796.19288029347,282697.36060958484,37.530846118316106,25.22525978361004,0.45367464861669304,
11,score_mercado,robust_median_ohe,DecisionTree,yeojohnson,423503.74366064626,228754.68863636363,27.647397470394715,12.54341163968956,0.47688280266120364,
11,score_mercado,robust_median_ohe,KNeighbors,yeojohnson,370253.41073976643,228803.76025974026,27.151931268621173,19.145285773884023,0.6001633262444758,
11,score_mercado,robust_median_ohe,RandomForest,yeojohnson,327587.0337281011,198466.32768967576,24.261608042457468,14.916278359473504,0.6870046415672287,
11,score_mercado,robust_median_ohe,GradientBoosting,yeojohnson,323706.39448385034,195317.85392377691,23.787189788429725,16.079145872930052,0.6943762873296777,
11,score_mercado,robust_median_ohe,MLP,yeojohnson,886230.951195198,698212.9280956318,75.76670716896177,77.60780409421778,-1.2907532800709536,
12,score_farmacia,robust_median_ohe,KNeighbors,yeojohnson,375937.3777587043,237531.3472727273,28.544747022611478,19.86478618194777,0.5877928641488328,
12,score_farmacia,robust_median_ohe,Linear,yeojohnson,432812.4309995394,282458.4462010175,37.49793997336529,25.308386097140744,0.4536336525877528,
12,score_farmacia,robust_median_ohe,DecisionTree,yeojohnson,507494.39018586226,243488.91396103895,30.21364782133792,14.771124292824911,0.24881487053776896,
12,score_farmacia,robust_median_ohe,GradientBoosting,yeojohnson,340015.7654528976,197734.19940926688,24.542511009352992,16.73082828106752,0.6628038565948041,
12,score_farmacia,robust_median_ohe,RandomForest,yeojohnson,332945.9903816236,198115.04186216774,24.56296827716213,14.833883170299472,0.6766803735592184,
12,score_farmacia,robust_median_ohe,MLP,yeojohnson,1025659.9772871789,834146.6983134319,94.66233907950429,99.99539377153013,-2.0682539940773808,
13,score_hospitais,robust_median_ohe,DecisionTree,yeojohnson,509503.00595606316,239675.63300865804,29.49204898307852,14.860871010638299,0.24285686092972647,
13,score_hospitais,robust_median_ohe,KNeighbors,yeojohnson,379245.61738022254,237763.37896103898,28.727300791178113,19.608108178559792,0.5805061178173199,
13,score_hospitais,robust_median_ohe,Linear,yeojohnson,432385.0383397117,282409.1379888416,37.502825410789335,25.193311608269763,0.4547121690780883,
13,score_hospitais,robust_median_ohe,RandomForest,yeojohnson,332542.44256516354,199213.3886516431,24.646770611035816,14.684913357515123,0.6774636589078552,
13,score_hospitais,robust_median_ohe,GradientBoosting,yeojohnson,342381.66766870156,201151.77766724292,24.619982449312328,16.44679893287044,0.6580949652910297,
13,score_hospitais,robust_median_ohe,MLP,yeojohnson,1022542.4550129779,829751.3623179399,93.9155172415147,99.56297090313842,-2.0496302526701875,
14,score_seguranca,robust_median_ohe,KNeighbors,yeojohnson,378647.0435143258,238126.02805194806,28.95043517385091,19.593323232323236,0.5818292704432457,
14,score_seguranca,robust_median_ohe,Linear,yeojohnson,431917.026071076,281956.84314725664,37.43801645446621,24.861176771569887,0.4558919660533791,
14,score_seguranca,robust_median_ohe,RandomForest,yeojohnson,333732.0019795977,198547.7390582323,24.61403145490327,14.768629432996782,0.6751519998327524,
14,score_seguranca,robust_median_ohe,DecisionTree,yeojohnson,476249.9775407884,229846.7739177489,28.547469105811256,13.822741794700132,0.33846256271767383,
14,score_seguranca,robust_median_ohe,GradientBoosting,yeojohnson,342378.6394566427,199655.57836856684,24.629815555615973,17.09443291709296,0.6581010132571927,
14,score_seguranca,robust_median_ohe,MLP,yeojohnson,1025518.2089803253,833622.318273644,94.54748424207112,99.9879905679558,-2.067405855081058,
15,lng,robust_median_ohe,KNeighbors,yeojohnson,378647.0435143258,238126.02805194806,28.95043517385091,19.593323232323236,0.5818292704432457,
15,lng,robust_median_ohe,Linear,yeojohnson,431917.0260709547,281956.84314678557,37.43801645440893,24.861176771220357,0.45589196605368465,
15,lng,robust_median_ohe,DecisionTree,yeojohnson,518634.9085969517,244379.83257575755,29.668177806898694,13.946694102574059,0.21547284507077924,
15,lng,robust_median_ohe,RandomForest,yeojohnson,335160.01140803477,199348.01283509406,24.685645174250258,14.662522326049526,0.6723660610094703,
15,lng,robust_median_ohe,GradientBoosting,yeojohnson,344992.7305567495,200411.82123455827,24.6670927907955,17.04194086360409,0.6528602245836154,
15,lng,robust_median_ohe,MLP,yeojohnson,1025029.7349849683,829412.3499656813,93.47921350542386,99.9841818947567,-2.064484422512921,
16,valor_bairro_mean,robust_median_ohe,KNeighbors,yeojohnson,374049.7994927936,236667.61376623376,28.868856649813956,19.453880424106586,0.5919218490658982,
16,valor_bairro_mean,robust_median_ohe,DecisionTree,yeojohnson,494303.95450227853,233237.51396103896,28.114225664950787,13.822741794700132,0.2873559558802118,
16,valor_bairro_mean,robust_median_ohe,Linear,yeojohnson,431883.1351485618,281916.7668443953,37.42801833639777,24.86117677142909,0.4559773509705415,
16,valor_bairro_mean,robust_median_ohe,RandomForest,yeojohnson,337120.1107452837,200268.45940150943,24.668408736193765,15.213237129748535,0.6685226852891508,
16,valor_bairro_mean,robust_median_ohe,GradientBoosting,yeojohnson,344608.6867824512,200018.6460278484,24.616187956491892,16.665437733745712,0.6536326621105601,
16,valor_bairro_mean,robust_median_ohe,MLP,yeojohnson,1024439.8610912997,831239.1143951248,94.05531236139215,99.86330516325658,-2.0609583994721796,
17,lat,robust_median_ohe,KNeighbors,yeojohnson,379904.0775101321,238978.85740259738,29.069357417841086,19.608108178559792,0.579048171963102,
17,lat,robust_median_ohe,Linear,yeojohnson,431854.56984302367,281887.5934816393,37.42173468927,24.96898708607666,0.45604931330479814,
17,lat,robust_median_ohe,DecisionTree,yeojohnson,483006.03789303906,233845.1724025974,28.55053997564451,14.093425605536334,0.3195603545399234,
17,lat,robust_median_ohe,RandomForest,yeojohnson,332697.1572409877,199233.76815929823,24.67474736789052,15.025058951443318,0.6771634703769656,
17,lat,robust_median_ohe,GradientBoosting,yeojohnson,342855.4520981363,200217.37704015328,24.749999286090155,17.026272216233473,0.6571480608466864,
17,lat,robust_median_ohe,MLP,yeojohnson,1025524.3732330521,833408.5666911546,94.49016181059883,99.99881432321264,-2.06744273072416,
18,novo_lancamento,robust_median_ohe,Linear,yeojohnson,432009.7511152031,280839.5752390524,37.26480267548792,25.09786600250523,0.45565831998693096,
18,novo_lancamento,robust_median_ohe,KNeighbors,yeojohnson,383524.9070489638,240892.68025974027,29.3801787970478,19.68133971291866,0.5709858300101789,
18,novo_lancamento,robust_median_ohe,DecisionTree,yeojohnson,498588.58900209697,234945.87833333333,28.221788753304118,14.390537931027115,0.2749479920239024,
18,novo_lancamento,robust_median_ohe,RandomForest,yeojohnson,333300.6484426974,199742.33526396137,24.684857925062737,15.10852864656173,0.6759911988104468,
18,novo_lancamento,robust_median_ohe,GradientBoosting,yeojohnson,339668.0095872596,198757.48135381797,24.664022518937283,17.199127952950793,0.6634932479878357,
18,novo_lancamento,robust_median_ohe,MLP,yeojohnson,1024081.6260642692,826452.1342489057,92.80994269913685,99.77828898322592,-2.0588180087428465,
19,metro_quadrado_bairro_median,robust_median_ohe,Linear,yeojohnson,432000.6481622981,280827.9343730782,37.261898546634164,25.097866004529983,0.45568125958243577,
19,metro_quadrado_bairro_median,robust_median_ohe,DecisionTree,yeojohnson,502239.05911082414,236151.02097402597,28.189797763551372,13.72174266538027,0.26429203203585716,
19,metro_quadrado_bairro_median,robust_median_ohe,KNeighbors,yeojohnson,383542.48993654305,238899.07220779223,28.87210001641922,19.614143920595534,0.5709464923781475,
19,metro_quadrado_bairro_median,robust_median_ohe,RandomForest,yeojohnson,333373.50248146,199615.7327594798,24.683180422752056,14.989995350083035,0.675849537342087,
19,metro_quadrado_bairro_median,robust_median_ohe,GradientBoosting,yeojohnson,334101.5280159417,198984.71863059205,24.273566959017096,16.757837038869305,0.6744322231828404,
19,metro_quadrado_bairro_median,robust_median_ohe,MLP,yeojohnson,1025144.6599365148,830980.758677991,93.88645711775534,99.99553763863527,-2.065171632756771,
20,banheiros_por_quarto,robust_median_ohe,Linear,yeojohnson,430182.9841361139,277247.96394460066,36.23117996520132,23.624757605266193,0.46025211912531716,
20,banheiros_por_quarto,robust_median_ohe,KNeighbors,yeojohnson,382201.65570341656,243409.40779220778,29.2295411552374,20.315591317836628,0.5739411230247571,
20,banheiros_por_quarto,robust_median_ohe,DecisionTree,yeojohnson,460178.41873752483,226045.31945887447,27.850947014417688,14.943499281075395,0.3823577661940275,
20,banheiros_por_quarto,robust_median_ohe,RandomForest,yeojohnson,333212.43429935817,200287.6998051542,24.720766842274095,14.971444765376141,0.6761626858841623,
20,banheiros_por_quarto,robust_median_ohe,GradientBoosting,yeojohnson,337284.5305482381,199960.18910203225,24.936190138289412,16.647849963846348,0.6681992710298577,
20,banheiros_por_quarto,robust_median_ohe,MLP,yeojohnson,1025256.3591634404,831935.0898378119,94.1306191574022,99.99608525498145,-2.065839628148603,
21,vagas_por_metro,robust_median_ohe,Linear,yeojohnson,428296.60766446375,276762.6754658751,36.158656744345244,23.751893669942717,0.4649753898234934,
21,vagas_por_metro,robust_median_ohe,KNeighbors,yeojohnson,381055.85394476156,245073.99714285712,29.617264182550745,21.082639534322592,0.5764918563755974,
21,vagas_por_metro,robust_median_ohe,DecisionTree,yeojohnson,479851.3683355088,235267.17086580087,28.943053378212163,15.364265364265364,0.32841967355167,
21,vagas_por_metro,robust_median_ohe,RandomForest,yeojohnson,332692.98640521406,198047.94806375128,24.52912633240445,14.352177211902257,0.6771715647635712,
21,vagas_por_metro,robust_median_ohe,GradientBoosting,yeojohnson,351701.8007656,201833.22660219448,25.167273694652913,17.08140028042745,0.6392272938428735,
21,vagas_por_metro,robust_median_ohe,MLP,yeojohnson,1024943.8941263679,830540.3334760047,93.79431608860729,99.96437225510381,-2.0639711750428105,
22,quartos_por_metro,robust_median_ohe,KNeighbors,yeojohnson,378542.33239199006,243825.7516883117,29.77582581510977,20.648407862355054,0.582060520483196,
22,quartos_por_metro,robust_median_ohe,DecisionTree,yeojohnson,538640.3692502702,251396.3396969697,29.32975511454548,14.361913611469882,0.15378194261522227,
22,quartos_por_metro,robust_median_ohe,RandomForest,yeojohnson,329708.8350315462,195646.1726935365,24.18015617268932,14.7433606118749,0.682936930429029,
22,quartos_por_metro,robust_median_ohe,Linear,yeojohnson,428540.79366765363,277139.4154515062,36.24697194380752,23.922581243385014,0.46436514560728426,
22,quartos_por_metro,robust_median_ohe,GradientBoosting,yeojohnson,350420.682452076,200798.42809705317,24.645544012751618,17.13438925221012,0.6418508273164111,
22,quartos_por_metro,robust_median_ohe,MLP,yeojohnson,1025257.5797506855,832087.7346159096,94.17102886817617,99.99265244038156,-2.065846928034021,
23,bairro_rank,robust_median_ohe,Linear,yeojohnson,428580.26048137224,277192.13228301273,36.26012358327015,23.922581252772428,0.4642664816071447,
23,bairro_rank,robust_median_ohe,KNeighbors,yeojohnson,377727.9730260356,243003.5285714286,29.61924836456803,20.315591317836628,0.5838568153715873,
23,bairro_rank,robust_median_ohe,RandomForest,yeojohnson,327561.7211387563,195865.16904685233,24.154227686250454,14.803810048454032,0.6870530098850527,
23,bairro_rank,robust_median_ohe,DecisionTree,yeojohnson,530717.8581831468,248399.75311688313,28.87974975271497,14.338382555371098,0.17849181826222382,
23,bairro_rank,robust_median_ohe,GradientBoosting,yeojohnson,349786.2704057918,200499.14338625717,24.631004411467465,16.93012048701351,0.6431464612972309,
23,bairro_rank,robust_median_ohe,MLP,yeojohnson,1013783.0781546505,818714.5782870478,92.15289321736954,98.36841300093711,-1.9976061128109825,
24,score_educacao,robust_median_ohe,KNeighbors,yeojohnson,377727.9730260356,243003.5285714286,29.61924836456803,20.315591317836628,0.5838568153715873,
24,score_educacao,robust_median_ohe,Linear,yeojohnson,428580.26048137224,277192.13228301273,36.26012358327015,23.922581252772428,0.4642664816071447,
24,score_educacao,robust_median_ohe,DecisionTree,yeojohnson,530717.8581831468,248399.75311688313,28.87974975271497,14.338382555371098,0.17849181826222382,
24,score_educacao,robust_median_ohe,GradientBoosting,yeojohnson,349786.2704057918,200499.14338625717,24.631004411467465,16.93012048701351,0.6431464612972309,
24,score_educacao,robust_median_ohe,RandomForest,yeojohnson,327561.7211387563,195865.16904685233,24.154227686250454,14.803810048454025,0.6870530098850527,
24,score_educacao,robust_median_ohe,MLP,yeojohnson,1024857.9455364194,831980.233706557,94.1967671090163,99.92055449112019,-2.063457326505258,
25,score_escola_privada,robust_median_ohe,KNeighbors,yeojohnson,377727.9730260356,243003.5285714286,29.61924836456803,20.315591317836628,0.5838568153715873,
25,score_escola_privada,robust_median_ohe,Linear,yeojohnson,428580.26048137224,277192.13228301273,36.26012358327015,23.922581252772428,0.4642664816071447,
25,score_escola_privada,robust_median_ohe,DecisionTree,yeojohnson,530717.8581831468,248399.75311688313,28.87974975271497,14.338382555371098,0.17849181826222382,
25,score_escola_privada,robust_median_ohe,GradientBoosting,yeojohnson,349786.2704057918,200499.14338625717,24.631004411467465,16.93012048701351,0.6431464612972309,
25,score_escola_privada,robust_median_ohe,RandomForest,yeojohnson,327561.7211387563,195865.16904685233,24.15422768625045,14.803810048454025,0.6870530098850527,
25,score_escola_privada,robust_median_ohe,MLP,yeojohnson,1025208.5939618048,832066.2610738488,94.1719375013171,99.98423482201316,-2.0655539687903577,
1,metragem,minmax_mean_ohe,DecisionTree,none,478790.0440835487,285440.231709277,35.31189617216335,24.876497695852535,0.3313871601381717,
1,metragem,minmax_mean_ohe,Linear,none,578571.9684911502,404539.5383356045,57.2869349451753,40.85153597286085,0.023664081099237455,
1,metragem,minmax_mean_ohe,KNeighbors,none,450561.94464240555,297657.63064935064,36.96491744624837,27.360995446946795,0.4079021211733579,
1,metragem,minmax_mean_ohe,RandomForest,none,435749.0918376172,280470.6115375589,35.00230893785531,24.288029917472343,0.4461942361822645,
1,metragem,minmax_mean_ohe,GradientBoosting,none,452225.20739910635,279278.2648981184,35.07923438236954,26.40791563580335,0.40352255872886156,
1,metragem,minmax_mean_ohe,MLP,none,1041210.394471264,861005.9247970779,96.80542976828579,97.05724023357033,-2.161997194109696,
2,tipo_imovel,minmax_mean_ohe,DecisionTree,none,460039.684368212,229036.6361463665,28.816427968028137,18.245844658652,0.3827301230263338,
2,tipo_imovel,minmax_mean_ohe,Linear,none,563391.4401626065,391215.4008055578,54.74598045165473,40.62535905552127,0.07422600200813534,
2,tipo_imovel,minmax_mean_ohe,RandomForest,none,383920.1392391515,223943.55374444526,28.01304816008452,17.8833832060178,0.5701011543347935,
2,tipo_imovel,minmax_mean_ohe,KNeighbors,none,406066.39792840095,251321.43376623376,30.347790059768,20.2752508361204,0.5190736240816229,
2,tipo_imovel,minmax_mean_ohe,GradientBoosting,none,411044.77981897775,228265.38024195432,28.62580098669996,17.9867326447568,0.5072090036277035,
2,tipo_imovel,minmax_mean_ohe,MLP,none,994420.4146634951,803793.9496854708,88.00785843029658,88.98633877946835,-1.8841945575837582,
3,banheiros,minmax_mean_ohe,DecisionTree,none,438204.4088278864,216490.9801007416,26.860036962913647,15.745614035087721,0.4399355902157076,
3,banheiros,minmax_mean_ohe,Linear,none,490907.2824171851,330970.8289302288,43.610744219117706,34.391767301028274,0.2971163525657532,
3,banheiros,minmax_mean_ohe,RandomForest,none,386728.54058986786,216454.80719562052,26.356794834673337,16.890478768442076,0.5637886730704893,
3,banheiros,minmax_mean_ohe,KNeighbors,none,381110.96109753783,234200.7077922078,28.369910913545638,19.943260045489016,0.576369354567579,
3,banheiros,minmax_mean_ohe,GradientBoosting,none,356635.71689679637,210534.97492540765,25.898973541437055,17.689777989605133,0.6290339541297898,
3,banheiros,minmax_mean_ohe,MLP,none,1015690.21302924,830342.4558492289,92.13156787695051,92.78919882290921,-2.0088949507440192,
4,tem_elevador,minmax_mean_ohe,Linear,none,487124.32745618065,325019.3987645287,42.65403849963532,33.44321201911609,0.3079075230102466,
4,tem_elevador,minmax_mean_ohe,DecisionTree,none,465371.89464829664,221054.5994800627,26.744346345423203,15.582240774491934,0.36833793954119487,
4,tem_elevador,minmax_mean_ohe,KNeighbors,none,385644.01136609295,233838.7075324675,28.028025197639444,20.359401488309654,0.5662318368478896,
4,tem_elevador,minmax_mean_ohe,RandomForest,none,385375.3785004044,214090.01794065244,26.020166686327183,16.6746266590802,0.5668359369861303,
4,tem_elevador,minmax_mean_ohe,GradientBoosting,none,374876.9255717596,213658.2102783537,26.067880052245307,17.292852556830475,0.5901151095939033,
4,tem_elevador,minmax_mean_ohe,MLP,none,964124.594367496,766603.2716112013,82.34934872731058,83.77546295209675,-1.7111329384379235,
5,quartos,minmax_mean_ohe,DecisionTree,none,459357.1535460145,206469.86570241387,24.811385052205466,11.798876404494383,0.3845603702813907,
5,quartos,minmax_mean_ohe,Linear,none,470964.943747444,311963.0174685518,39.96668923680428,31.724851705020207,0.3530635018163949,
5,quartos,minmax_mean_ohe,KNeighbors,none,400128.815087024,243150.0924675325,28.429439860191437,20.46153846153846,0.5330351982306272,
5,quartos,minmax_mean_ohe,RandomForest,none,381135.7929376736,205845.69420263558,24.580440457445633,15.313182750858378,0.5763141482248313,
5,quartos,minmax_mean_ohe,GradientBoosting,none,384712.3197996293,211487.5595354596,25.431742946351747,17.68028779868158,0.5683252180046393,
5,quartos,minmax_mean_ohe,MLP,none,982272.291535322,789628.468070211,85.92538782636927,86.994508581484,-1.8141567028759629,
6,vagas,minmax_mean_ohe,DecisionTree,none,446918.96075766365,191214.2708508555,23.22120071209647,10.56095924870032,0.4174381368773169,
6,vagas,minmax_mean_ohe,Linear,none,470058.75890100305,311405.06154082203,39.85285478747594,31.789519210996087,0.3555506510711488,
6,vagas,minmax_mean_ohe,KNeighbors,none,400621.2943980502,236166.40649350648,27.775840429479683,19.583051615426793,0.5318850084955198,
6,vagas,minmax_mean_ohe,RandomForest,none,362390.4578913737,194187.86857207827,23.775618474986654,14.041440920623488,0.616965407509535,
6,vagas,minmax_mean_ohe,GradientBoosting,none,349686.9863251495,203880.31798262976,25.20933947727617,16.53484330386768,0.6433490126851242,
6,vagas,minmax_mean_ohe,MLP,none,953434.3525801392,753851.6969561689,80.46004772256397,81.92690011820332,-1.6513440139171403,
7,bairro,minmax_mean_ohe,DecisionTree,none,444936.12815761374,201154.3724234928,24.51697380157673,12.167942847850789,0.4225959408869463,
7,bairro,minmax_mean_ohe,Linear,none,462903.17954123847,305522.5078067885,39.133822642657194,29.11623207961236,0.37502187355654004,
7,bairro,minmax_mean_ohe,KNeighbors,none,388660.20817962656,236289.63480519477,27.84689197397347,19.44083968221468,0.5594201324517056,
7,bairro,minmax_mean_ohe,RandomForest,none,345515.9158248441,193683.49325759837,23.5730024608778,14.789663513861282,0.65180654365917,
7,bairro,minmax_mean_ohe,GradientBoosting,none,329220.37526496465,199457.8878227432,24.638336185207926,16.55241216926666,0.6838756849638012,
7,bairro,minmax_mean_ohe,MLP,none,945674.787374841,744197.4615056819,79.02354226470587,80.62129022835256,-1.608363480507244,
8,score_parque,minmax_mean_ohe,KNeighbors,none,405803.30901418964,257962.5553246753,30.883856524428623,21.859259259259257,0.519696603036341,
8,score_parque,minmax_mean_ohe,Linear,none,460974.9746810243,304249.72080778715,38.92137599354651,29.67475478642165,0.3802176727878851,
8,score_parque,minmax_mean_ohe,DecisionTree,none,379583.48094751546,208236.48344155843,25.325951360667435,13.14400389042415,0.5797583447320582,
8,score_parque,minmax_mean_ohe,GradientBoosting,none,313690.45613905386,195082.95858151023,24.08841283174807,16.984125833131213,0.7129965604076658,
8,score_parque,minmax_mean_ohe,RandomForest,none,334174.13181528356,195030.18270831177,23.787973942563813,14.717580988309159,0.6742907091585526,
8,score_parque,minmax_mean_ohe,MLP,none,893013.5895440632,677902.4359172077,69.0597568475919,71.37538659620098,-1.3259513454073768,
9,metro_quadrado_bairro_mean,minmax_mean_ohe,DecisionTree,none,435955.56986143003,231427.8079004329,27.94996456002592,14.285714285714285,0.4456692743926417,
9,metro_quadrado_bairro_mean,minmax_mean_ohe,KNeighbors,none,411576.6976293248,259236.15506493507,30.943649311561277,21.84102203469292,0.5059327732834628,
9,metro_quadrado_bairro_mean,minmax_mean_ohe,Linear,none,461030.86343464756,304375.294170686,38.95270366590747,29.674754786421786,0.38006737846172167,
9,metro_quadrado_bairro_mean,minmax_mean_ohe,RandomForest,none,333591.8077008195,193870.0738460416,23.690413667300813,14.180359007602705,0.6754248670747922,
9,metro_quadrado_bairro_mean,minmax_mean_ohe,GradientBoosting,none,325441.05861945753,196448.77928379225,23.746591067490712,16.266263805166975,0.6910919841020816,
9,metro_quadrado_bairro_mean,minmax_mean_ohe,MLP,none,961639.7999483922,765271.4039265423,82.38852873289923,83.86954708494636,-1.697176387474168,
10,score_escola_publica,minmax_mean_ohe,Linear,none,461041.35001577047,304174.10178722284,38.894022787278054,29.601373567967958,0.3800391762384976,
10,score_escola_publica,minmax_mean_ohe,DecisionTree,none,393428.5406768185,219020.59512987014,26.67084896916188,12.341961174713788,0.548543184269815,
10,score_escola_publica,minmax_mean_ohe,KNeighbors,none,415921.41391450074,259334.4418181818,31.19141765890701,21.25122189638319,0.4954466991615599,
10,score_escola_publica,minmax_mean_ohe,RandomForest,none,318697.95009021583,192673.61118395816,23.458319339250185,14.720221791401666,0.7037604562321521,
10,score_escola_publica,minmax_mean_ohe,GradientBoosting,none,315045.41167994606,190721.7162042518,23.162893832793923,15.05614075026106,0.7105118385989102,
10,score_escola_publica,minmax_mean_ohe,MLP,none,910002.1220158394,700451.8510044643,72.56201569469647,74.779754296875,-1.4152900942305395,
11,score_farmacia,minmax_mean_ohe,DecisionTree,none,497863.4031973226,242589.28928571427,30.34124034914995,14.236282748393474,0.27705560160533993,
11,score_farmacia,minmax_mean_ohe,Linear,none,461758.0896471479,304568.20887777593,38.92859597541905,29.94079292451103,0.378110082944796,
11,score_farmacia,minmax_mean_ohe,KNeighbors,none,416344.0171635312,260660.25662337657,31.312268124073494,21.342629644752957,0.494420860227617,
11,score_farmacia,minmax_mean_ohe,RandomForest,none,329129.7659967561,193927.14158199422,23.93756410845212,14.70477339985717,0.6840496708606291,
11,score_farmacia,minmax_mean_ohe,GradientBoosting,none,340789.6962318652,197234.50779335838,24.22663169730767,16.639627858159752,0.6612670838837107,
11,score_farmacia,minmax_mean_ohe,MLP,none,922206.9759110103,715770.2110389611,74.86870695232396,77.03117112797723,-1.4805117935973637,
12,score_seguranca,minmax_mean_ohe,Linear,none,461455.38585840503,304326.49224633357,38.90875659021758,29.791662676728315,0.3789251709119128,
12,score_seguranca,minmax_mean_ohe,DecisionTree,none,486865.59738199716,237345.49253246753,28.852231670451072,14.583333333333334,0.3086425205199348,
12,score_seguranca,minmax_mean_ohe,KNeighbors,none,421632.06735440984,262231.5607792208,31.769368221475553,21.28421052631579,0.48149642177034524,
12,score_seguranca,minmax_mean_ohe,RandomForest,none,331182.4698603882,195733.06108548873,24.115612712910433,14.73104789516237,0.6800963675616024,
12,score_seguranca,minmax_mean_ohe,GradientBoosting,none,340646.8879119734,199272.28021822797,24.399585998739923,17.08208439227984,0.6615509172484644,
12,score_seguranca,minmax_mean_ohe,MLP,none,850256.0329721755,621648.4526582792,60.69864010668188,63.843599458408804,-1.1085501481319113,
13,score_mercado,minmax_mean_ohe,Linear,none,461365.9898561147,304375.5408938191,38.903319875170084,29.615829761735345,0.379165784546729,
13,score_mercado,minmax_mean_ohe,KNeighbors,none,428863.7305562182,267015.87038961035,32.539424719619994,21.466699123661147,0.4635575612140038,
13,score_mercado,minmax_mean_ohe,DecisionTree,none,505897.2472126389,237737.41590909092,29.184038159666315,13.335414708383686,0.2535355618354914,
13,score_mercado,minmax_mean_ohe,GradientBoosting,none,346392.7043127833,202732.1217481994,25.035240296881746,16.90452744356003,0.6500371353174548,
13,score_mercado,minmax_mean_ohe,RandomForest,none,331670.37385608617,198613.15069213236,24.570771248992234,14.649313916698842,0.6791530976344632,
13,score_mercado,minmax_mean_ohe,MLP,none,861955.1959680987,637553.7151785714,63.15517625561768,66.00099352190654,-1.1669748658469912,
14,score_hospitais,minmax_mean_ohe,Linear,none,461152.44341267145,304191.36395010207,38.852219653315345,29.569124176063127,0.37974036637337016,
14,score_hospitais,minmax_mean_ohe,DecisionTree,none,491406.37743554864,238167.05551948052,29.26985767823873,14.285714285714285,0.295686412257819,
14,score_hospitais,minmax_mean_ohe,KNeighbors,none,431961.0790588475,269536.8537662337,32.9131432102452,21.553939018727753,0.4557809687761383,
14,score_hospitais,minmax_mean_ohe,RandomForest,none,334708.42519829597,199499.71894914124,24.606786275835216,14.789596351098568,0.6732483577528005,
14,score_hospitais,minmax_mean_ohe,GradientBoosting,none,351723.50432303903,201875.03474464524,24.76176286305355,16.63736848448952,0.6391827658209519,
14,score_hospitais,minmax_mean_ohe,MLP,none,887626.4076332934,671200.2530945616,68.24137096060961,70.91787071078431,-1.2979729853251833,
15,lng,minmax_mean_ohe,Linear,none,461131.07690273493,304155.131054454,38.87320120825344,30.086492380517626,0.379797841842902,
15,lng,minmax_mean_ohe,KNeighbors,none,431989.5225455762,270411.2433766234,33.10776441340617,21.910194949494947,0.4557092956686105,
15,lng,minmax_mean_ohe,DecisionTree,none,491406.6138406303,238857.9392857143,29.24664000780057,14.765470216371218,0.2956857345972965,
15,lng,minmax_mean_ohe,RandomForest,none,337083.4381974911,199250.2356161408,24.693760407747924,14.450969220527366,0.66859479879467,
15,lng,minmax_mean_ohe,GradientBoosting,none,344473.8156095329,201908.74536659248,24.826679528889866,16.81655565069919,0.6539037279854563,
15,lng,minmax_mean_ohe,MLP,none,855842.0220416475,629125.4735186688,61.867582685244024,64.8741922662467,-1.1363465485689246,
16,valor_bairro_mean,minmax_mean_ohe,Linear,none,461158.1528621082,304210.39426205755,38.886988110359475,30.08649238051726,0.3797250076216655,
16,valor_bairro_mean,minmax_mean_ohe,KNeighbors,none,430899.20217777323,268923.87324675324,32.73429931474844,21.84102203469292,0.4584533544436137,
16,valor_bairro_mean,minmax_mean_ohe,DecisionTree,none,497878.2284962186,239072.46266233767,29.390117273297722,14.270739742437854,0.27701254551284527,
16,valor_bairro_mean,minmax_mean_ohe,RandomForest,none,336647.6623417984,198630.43261346166,24.602804110440115,14.63383250717191,0.6694511151718039,
16,valor_bairro_mean,minmax_mean_ohe,GradientBoosting,none,341822.8676559215,199577.56779709412,24.558158359013596,16.342738707349113,0.6592100987482972,
16,valor_bairro_mean,minmax_mean_ohe,MLP,none,852974.8896445202,626159.2946631494,61.46909816313622,64.10831736584987,-1.1220566952260902,
17,lat,minmax_mean_ohe,DecisionTree,none,498616.0177607875,239551.8016233766,29.19530514587337,13.675455384224696,0.27486821553470453,
17,lat,minmax_mean_ohe,Linear,none,461165.9437999189,304233.51278456266,38.89985690157602,30.11590978984571,0.3797040492381598,
17,lat,minmax_mean_ohe,KNeighbors,none,430082.9203869079,268623.3787012987,32.69404246288104,21.910194949494947,0.4605031886334482,
17,lat,minmax_mean_ohe,RandomForest,none,332859.6898587454,197835.41630328202,24.532779173030885,14.704302853743489,0.6768479625220062,
17,lat,minmax_mean_ohe,GradientBoosting,none,331578.17862983316,196510.349234809,24.307980693305904,16.291446653462323,0.6793314460417867,
17,lat,minmax_mean_ohe,MLP,none,859902.5202057349,635593.514549513,62.892098181834655,65.55820109323564,-1.1566662084682489,
18,metro_quadrado_bairro_median,minmax_mean_ohe,DecisionTree,none,465444.441070066,222158.06872294375,28.218587566183956,13.792613422579652,0.3681409856873987,
18,metro_quadrado_bairro_median,minmax_mean_ohe,KNeighbors,none,430736.4968444014,269178.27818181814,32.728863411661266,21.867602356902356,0.4588622477144142,
18,metro_quadrado_bairro_median,minmax_mean_ohe,Linear,none,461167.4243821926,304236.39900898625,38.90057694833609,30.11590978984571,0.3797000662872254,
18,metro_quadrado_bairro_median,minmax_mean_ohe,GradientBoosting,none,335100.18857831985,198020.20231249565,24.49074741835668,16.939238266170577,0.6724830095681853,
18,metro_quadrado_bairro_median,minmax_mean_ohe,RandomForest,none,334695.41165810014,198138.99440318742,24.56669365759292,14.632514420064416,0.6732737656161654,
18,metro_quadrado_bairro_median,minmax_mean_ohe,MLP,none,829183.8179414021,595755.0710836039,57.114100133390956,60.13286872742678,-1.005331270184381,
19,novo_lancamento,minmax_mean_ohe,Linear,none,461527.06277443224,301890.353749192,38.6297784299742,29.2117346671951,0.37873221537566193,
19,novo_lancamento,minmax_mean_ohe,DecisionTree,none,500156.4120902713,237315.5975974026,28.836303283182453,14.110974820721312,0.27038093783720274,
19,novo_lancamento,minmax_mean_ohe,KNeighbors,none,454412.69673281146,277759.5867532468,33.84205850910851,21.97222222222222,0.39773807896656466,
19,novo_lancamento,minmax_mean_ohe,GradientBoosting,none,336759.810018437,197457.42547401678,24.590843502331726,16.47442073813466,0.6692308465157433,
19,novo_lancamento,minmax_mean_ohe,RandomForest,none,333909.7343711146,198876.6773533713,24.595378973890842,15.070374105689027,0.6748059054482851,
19,novo_lancamento,minmax_mean_ohe,MLP,none,834583.937595476,601965.5461444805,57.881859340058384,61.15895932508975,-1.0315360537006018,
20,banheiros_por_quarto,minmax_mean_ohe,Linear,none,461322.86830874137,301884.37983301363,38.610268927718906,29.388880336750773,0.37928183159627626,
20,banheiros_por_quarto,minmax_mean_ohe,DecisionTree,none,516924.60685815813,244912.0421861472,29.072452217112634,14.19946587399271,0.22063858206557885,
20,banheiros_por_quarto,minmax_mean_ohe,KNeighbors,none,454794.508260298,277980.80701298703,33.74558188649138,22.09712475944422,0.3967255757885879,
20,banheiros_por_quarto,minmax_mean_ohe,RandomForest,none,330520.6559708762,198631.10845500533,24.598511276816527,14.77483074969237,0.6813736400380791,
20,banheiros_por_quarto,minmax_mean_ohe,GradientBoosting,none,341809.29634577455,203353.70633790072,25.169677395923763,16.585997225868347,0.6592371588081731,
20,banheiros_por_quarto,minmax_mean_ohe,MLP,none,798301.373699218,554801.3014204545,51.3790251436445,54.18390621342925,-0.8587382806318178,
21,vagas_por_metro,minmax_mean_ohe,Linear,none,445696.1082357404,289849.4359532905,36.88823759081366,28.624286644441003,0.4206217683392327,
21,vagas_por_metro,minmax_mean_ohe,KNeighbors,none,455760.6378825739,279495.2077922078,33.933246893224506,22.573664068797402,0.3941597560521791,
21,vagas_por_metro,minmax_mean_ohe,DecisionTree,none,513108.1096247223,249335.99813852814,29.647602804637636,14.908119444721862,0.23210427908155196,
21,vagas_por_metro,minmax_mean_ohe,RandomForest,none,331819.7634147556,197696.39009633785,24.494950492025247,14.281032544074696,0.6788640035494782,
21,vagas_por_metro,minmax_mean_ohe,GradientBoosting,none,355918.9049231255,203153.87961733705,25.385495821735248,16.608984518401588,0.6305236852928567,
21,vagas_por_metro,minmax_mean_ohe,MLP,none,822487.2764884084,586168.6149756494,55.650672051858265,58.84755646969153,-0.9730716967821995,
22,quartos_por_metro,minmax_mean_ohe,Linear,none,446368.4922240906,280241.54347930715,35.579278219654356,24.091762995882192,0.4188723319382185,
22,quartos_por_metro,minmax_mean_ohe,DecisionTree,none,551389.3509360238,257350.440995671,30.15303648592777,15.102348079572028,0.11324991529494499,
22,quartos_por_metro,minmax_mean_ohe,RandomForest,none,328718.4601035842,194265.88242276318,24.063698216403353,14.852367321421822,0.6848388491518995,
22,quartos_por_metro,minmax_mean_ohe,GradientBoosting,none,348155.9104508173,200844.83011465828,24.983768379304472,16.4883700386717,0.6464653098572916,
22,quartos_por_metro,minmax_mean_ohe,KNeighbors,none,435315.7850831866,264938.1018181818,32.66049725615009,21.747739255702278,0.4472950920243457,
22,quartos_por_metro,minmax_mean_ohe,MLP,none,795127.0041805624,550017.3845170455,50.718292625426834,53.29597722704318,-0.8439854784942464,
23,bairro_rank,minmax_mean_ohe,Linear,none,446363.90629836085,280234.7988155542,35.577595580825864,24.09176299588224,0.41888427272114426,
23,bairro_rank,minmax_mean_ohe,DecisionTree,none,546761.4753115238,255462.38439393943,29.304976865270305,13.780445867882815,0.12807264405061625,
23,bairro_rank,minmax_mean_ohe,KNeighbors,none,434972.4617991696,264507.88103896106,32.565972000349305,21.747739255702278,0.4481665588646315,
23,bairro_rank,minmax_mean_ohe,RandomForest,none,326785.61248627893,194203.80157683243,24.011934544740893,15.005907543079816,0.6885342155091638,
23,bairro_rank,minmax_mean_ohe,GradientBoosting,none,344721.65041495755,200490.62855130536,24.83767853124002,16.73637276394976,0.6534055446458944,
23,bairro_rank,minmax_mean_ohe,MLP,none,781251.4185825908,533276.5980925325,48.68750711307108,50.82158891879447,-0.7801890608190987,
24,score_educacao,minmax_mean_ohe,Linear,none,446363.90629836085,280234.7988155542,35.577595580825864,24.09176299588224,0.41888427272114426,
24,score_educacao,minmax_mean_ohe,KNeighbors,none,434972.4617991696,264507.88103896106,32.565972000349305,21.747739255702278,0.4481665588646315,
24,score_educacao,minmax_mean_ohe,DecisionTree,none,546761.4753115238,255462.38439393943,29.304976865270305,13.780445867882815,0.12807264405061625,
24,score_educacao,minmax_mean_ohe,RandomForest,none,326785.6124862789,194203.80157683243,24.011934544740896,15.005907543079825,0.6885342155091638,
24,score_educacao,minmax_mean_ohe,GradientBoosting,none,344721.65041495755,200490.62855130536,24.83767853124002,16.73637276394976,0.6534055446458944,
24,score_educacao,minmax_mean_ohe,MLP,none,762408.6158485181,509958.8422077922,45.90840481160484,47.25320260416667,-0.6953527739494845,
25,score_escola_privada,minmax_mean_ohe,Linear,none,446363.90629836085,280234.7988155542,35.577595580825864,24.09176299588224,0.41888427272114426,
25,score_escola_privada,minmax_mean_ohe,DecisionTree,none,546761.4753115238,255462.38439393943,29.304976865270305,13.780445867882815,0.12807264405061625,
25,score_escola_privada,minmax_mean_ohe,KNeighbors,none,434972.4617991696,264507.88103896106,32.565972000349305,21.747739255702278,0.4481665588646315,
25,score_escola_privada,minmax_mean_ohe,RandomForest,none,326785.6124862789,194203.80157683243,24.011934544740893,15.005907543079816,0.6885342155091638,
25,score_escola_privada,minmax_mean_ohe,GradientBoosting,none,344721.65041495755,200490.62855130536,24.83767853124002,16.73637276394976,0.6534055446458944,
25,score_escola_privada,minmax_mean_ohe,MLP,none,840548.9740443517,610194.1012175324,59.13378981492834,62.193850951155994,-1.0606798996908666,
1,metragem,minmax_mean_ohe,Linear,log,492670.5056051868,328250.391823722,42.22924230141945,32.68071090825695,0.292058100223875,
1,metragem,minmax_mean_ohe,DecisionTree,log,470801.9106723865,282178.9059517012,35.26208766969748,24.45649964277466,0.3535113219462489,
1,metragem,minmax_mean_ohe,KNeighbors,log,464442.90456808533,300827.4005194805,37.05869819656584,27.465029738091427,0.3708573099321857,
1,metragem,minmax_mean_ohe,RandomForest,log,436071.29402226483,281622.73072305456,35.32201287752068,24.317331780191036,0.445374941773907,
1,metragem,minmax_mean_ohe,GradientBoosting,log,449253.1341864441,276748.80622957274,35.02038944557312,26.15862616955726,0.4113370244529959,
1,metragem,minmax_mean_ohe,MLP,log,1030624.106173819,848928.419724026,95.03702980689695,95.32102341210594,-2.0980261752291747,
2,tipo_imovel,minmax_mean_ohe,Linear,log,450551.19775826536,275716.53397619835,34.70291573945546,22.020416082384635,0.4079303664856435,
2,tipo_imovel,minmax_mean_ohe,DecisionTree,log,464142.1110790825,232031.8183922952,29.05854360310267,18.260837105869264,0.3716719665552901,
2,tipo_imovel,minmax_mean_ohe,KNeighbors,log,403687.1497430695,250221.42545454545,30.251179680051997,20.5479195885928,0.5246928578047937,
2,tipo_imovel,minmax_mean_ohe,RandomForest,log,389342.6284508992,227161.97510527133,28.355902759285012,17.903532689378533,0.5578716097035779,
2,tipo_imovel,minmax_mean_ohe,GradientBoosting,log,411689.8976592189,228730.52496675923,28.693097765269098,17.778026126845027,0.5056609594687764,
2,tipo_imovel,minmax_mean_ohe,MLP,log,990919.8114769567,800514.6709517045,87.62028533452734,88.47714743932345,-1.863924157711351,
3,banheiros,minmax_mean_ohe,DecisionTree,log,435152.8795223672,214492.52382368533,26.562847586177746,15.745614035087721,0.4477086853686253,
3,banheiros,minmax_mean_ohe,Linear,log,438922.29828474444,276325.2796217269,35.174953681826956,24.48001950322505,0.43809903326518496,
3,banheiros,minmax_mean_ohe,KNeighbors,log,407086.72161962447,239602.65090909088,28.662266508507017,19.858315575152442,0.5166537387148336,
3,banheiros,minmax_mean_ohe,RandomForest,log,387392.2071810249,215290.21292758523,26.228934845182238,16.53318562630312,0.5622902199741886,
3,banheiros,minmax_mean_ohe,GradientBoosting,log,356464.79907847143,210336.89608800784,25.869212020051467,17.687083878884795,0.629389440195055,
3,banheiros,minmax_mean_ohe,MLP,log,978205.6913289808,785950.5849736201,85.52968960452662,86.52159553079044,-1.7909037592995642,
4,tem_elevador,minmax_mean_ohe,Linear,log,438053.79186233116,274832.9966425921,34.87830199220671,24.576696065547203,0.4403205279442587,
4,tem_elevador,minmax_mean_ohe,DecisionTree,log,462845.0233466514,219468.77090863412,26.59122556519135,15.523877734023927,0.3751789002004645,
4,tem_elevador,minmax_mean_ohe,KNeighbors,log,406911.27680977096,237176.85454545455,28.32544185608727,20.3739903477261,0.5170702706962058,
4,tem_elevador,minmax_mean_ohe,RandomForest,log,385740.95036202186,212817.60264766455,25.895523176248815,16.414742726839965,0.566013737596358,
4,tem_elevador,minmax_mean_ohe,GradientBoosting,log,374723.3333595629,213712.84615925164,26.056814640891734,17.37937542086641,0.5904509116984391,
4,tem_elevador,minmax_mean_ohe,MLP,log,934801.3111470379,731245.553419237,77.11698050361036,78.67039996202668,-1.5487258036872107,
5,quartos,minmax_mean_ohe,DecisionTree,log,456106.0020195242,204464.37593741695,24.496447342731756,12.052697615839383,0.3932412266649392,
5,quartos,minmax_mean_ohe,Linear,log,437258.6048068852,274517.7237297848,34.84552804972324,24.63310057374203,0.44235062532596914,
5,quartos,minmax_mean_ohe,KNeighbors,log,404323.88122579176,241161.89012987012,28.109755708359774,19.859154929577468,0.5231922814331469,
5,quartos,minmax_mean_ohe,RandomForest,log,381332.31941812934,204716.84965433166,24.480813130932138,15.01579550212995,0.5758771021217886,
5,quartos,minmax_mean_ohe,GradientBoosting,log,381483.4574180279,211115.26820763288,25.442744242205436,17.758478420902925,0.5755408400941191,
5,quartos,minmax_mean_ohe,MLP,log,929906.911832764,726102.6544439935,76.44834722414177,78.14418119787719,-1.522106617440261,
6,vagas,minmax_mean_ohe,Linear,log,435880.6190167387,274999.5431217218,34.9857398412333,24.530191967542958,0.4458598625511687,
6,vagas,minmax_mean_ohe,DecisionTree,log,443702.8029301524,190742.05888425064,22.944066286464622,10.0,0.4257925345987731,
6,vagas,minmax_mean_ohe,KNeighbors,log,390557.20312323683,227584.09142857144,26.806064498556818,18.174242424242426,0.5551088218553084,
6,vagas,minmax_mean_ohe,RandomForest,log,363692.2376262624,194204.68281068315,23.786414007788313,14.052434323097243,0.6142085895897803,
6,vagas,minmax_mean_ohe,GradientBoosting,log,349217.9057120187,203803.92988775647,25.215457562693494,16.53484330386768,0.644305215580975,
6,vagas,minmax_mean_ohe,MLP,log,894110.1351299945,681253.2232345779,69.69811721511287,71.88667343602036,-1.3316669977058457,
7,bairro,minmax_mean_ohe,DecisionTree,log,443675.0433907244,200807.71008583048,24.267941248424933,12.296053430479656,0.4258643810511672,
7,bairro,minmax_mean_ohe,KNeighbors,log,372915.99341206905,230153.7077922078,28.163888682609002,19.450133729569096,0.5943920028152505,
7,bairro,minmax_mean_ohe,Linear,log,430330.9115041155,272797.89063857653,34.81206528983572,23.975692005232375,0.45988084822772946,
7,bairro,minmax_mean_ohe,GradientBoosting,log,328730.3836834129,198763.6906146517,24.427769453165087,16.496609013656045,0.684815985104082,
7,bairro,minmax_mean_ohe,RandomForest,log,346093.16682348336,194044.7701042393,23.599784733620364,14.789663513861282,0.6506421230831037,
7,bairro,minmax_mean_ohe,MLP,log,891809.6676229894,678250.6554383116,69.2715735209369,71.50975610438415,-1.3196840808367947,
8,score_parque,minmax_mean_ohe,DecisionTree,log,383993.86734561186,211493.28214285715,25.57239876168139,13.159596300357034,0.5699360227460166,
8,score_parque,minmax_mean_ohe,Linear,log,428893.55202932056,272371.665139652,34.750304984172956,23.92667073359637,0.46348295448547605,
8,score_parque,minmax_mean_ohe,KNeighbors,log,382999.7228743143,241016.07636363633,29.753964854682913,19.966250000000002,0.5721599763680612,
8,score_parque,minmax_mean_ohe,RandomForest,log,334266.64222094615,195248.41019651966,23.791464291265576,14.764347532519452,0.6741103500795556,
8,score_parque,minmax_mean_ohe,GradientBoosting,log,313455.34304511733,194781.33972043387,24.069357584509284,16.89054425453993,0.7134266211737931,
8,score_parque,minmax_mean_ohe,MLP,log,827250.9033533867,594470.3170048702,56.85038873935851,59.79659775729225,-0.9959928915418728,
9,score_escola_publica,minmax_mean_ohe,Linear,log,428916.0344639544,272351.75839541375,34.74244979211732,23.870431837984196,0.4634267049778915,
9,score_escola_publica,minmax_mean_ohe,KNeighbors,log,394436.9083168924,246163.29922077924,30.04201976445439,20.583216783216784,0.5462260273498711,
9,score_escola_publica,minmax_mean_ohe,DecisionTree,log,411638.84459207277,222234.67781385285,26.365594816015538,12.8959451502761,0.505783556401751,
9,score_escola_publica,minmax_mean_ohe,RandomForest,log,324090.88401920657,194679.22908022333,23.648098278307845,15.016779390068377,0.6936498333063468,
9,score_escola_publica,minmax_mean_ohe,GradientBoosting,log,318852.1310955707,194658.70563878556,23.716983170892824,15.825456574627678,0.7034737549278456,
9,score_escola_publica,minmax_mean_ohe,MLP,log,870450.6669096866,650704.3597199676,65.1537223504328,67.95706836372058,-1.2099009817317707,
10,metro_quadrado_bairro_mean,minmax_mean_ohe,Linear,log,429029.64328138897,272511.1508729564,34.78221455749415,23.870431837984334,0.46314241842336235,
10,metro_quadrado_bairro_mean,minmax_mean_ohe,DecisionTree,log,428317.11175900936,229317.84924242427,27.49234879909005,13.574938574938574,0.4649241615037437,
10,metro_quadrado_bairro_mean,minmax_mean_ohe,KNeighbors,log,394181.15306591464,245230.51480519478,29.849496231434223,20.357367668097282,0.5468142960864582,
10,metro_quadrado_bairro_mean,minmax_mean_ohe,RandomForest,log,321974.5857864991,193795.4801112162,23.536823849643085,14.812216127918907,0.6976376748132718,
10,metro_quadrado_bairro_mean,minmax_mean_ohe,GradientBoosting,log,320054.3394871773,191223.86608936553,23.21367396513157,15.056140750261088,0.701233478900035,
10,metro_quadrado_bairro_mean,minmax_mean_ohe,MLP,log,857426.7681890504,633980.575101461,62.68413634730665,65.57718512954061,-1.1442655368157642,
11,score_mercado,minmax_mean_ohe,Linear,log,429760.06613815256,272339.7967923868,34.77682388237816,24.233910833396283,0.46131286255111337,
11,score_mercado,minmax_mean_ohe,KNeighbors,log,406012.9430018305,250195.01688311688,30.307913970955703,20.358421052631577,0.5192002348631986,
11,score_mercado,minmax_mean_ohe,DecisionTree,log,434212.94826783653,231494.15227272728,28.021247216315963,13.636363636363635,0.4500920096984201,
11,score_mercado,minmax_mean_ohe,GradientBoosting,log,324103.59711693216,196073.29555776366,23.856831788572446,16.079145872930052,0.6936257984680513,
11,score_mercado,minmax_mean_ohe,RandomForest,log,323593.48282626603,197164.22668562527,24.17377565750419,14.514914933804363,0.6945894586611737,
11,score_mercado,minmax_mean_ohe,MLP,log,828635.9196460496,596267.1929383117,57.205029765091695,60.15171002786881,-1.0026820274906205,
12,score_seguranca,minmax_mean_ohe,Linear,log,429516.12884552416,272223.2251749731,34.77603852081311,23.93475267591592,0.4619242203686814,
12,score_seguranca,minmax_mean_ohe,KNeighbors,log,402158.3798757607,248871.75844155843,30.38639969589372,20.949256430868168,0.5282860331009482,
12,score_seguranca,minmax_mean_ohe,RandomForest,log,323393.8826176833,197439.86563172948,24.18670880901477,14.464325536005921,0.6949661115308552,
12,score_seguranca,minmax_mean_ohe,GradientBoosting,log,331127.3038660618,201159.3855031289,24.442477379366004,17.02612633804204,0.6802029331787836,
12,score_seguranca,minmax_mean_ohe,DecisionTree,log,399214.6244069412,218199.4267316017,26.518740672218645,13.440656313625293,0.5351665478437324,
12,score_seguranca,minmax_mean_ohe,MLP,log,861491.7802752781,638601.9891842533,63.43007893833526,66.1172056897096,-1.164645417135182,
13,valor_bairro_mean,minmax_mean_ohe,DecisionTree,log,448014.1525715502,235366.11699134202,27.448192636975,14.52885874584729,0.4145794587632168,
13,valor_bairro_mean,minmax_mean_ohe,Linear,log,429548.961630191,272265.18782011245,34.78650723780834,23.934752675915643,0.4618419547667775,
13,valor_bairro_mean,minmax_mean_ohe,KNeighbors,log,400661.5968362497,247344.0888311688,30.104435417208464,20.60480769230769,0.5317908191713558,
13,valor_bairro_mean,minmax_mean_ohe,RandomForest,log,324259.61390747275,197795.08230825205,24.23526800711306,14.809060075774122,0.6933307630231845,
13,valor_bairro_mean,minmax_mean_ohe,GradientBoosting,log,323671.01616971387,196477.0386699317,23.96585724129733,16.523888759359757,0.6944430877453929,
13,valor_bairro_mean,minmax_mean_ohe,MLP,log,801254.6437943407,559794.8014204545,52.14334262610271,54.42425560674549,-0.8725163101806424,
14,score_farmacia,minmax_mean_ohe,Linear,log,430327.1656669143,272622.2561254806,34.838039794822535,23.626553551270913,0.4598902511757966,
14,score_farmacia,minmax_mean_ohe,DecisionTree,log,476707.38759844133,228890.67045454544,28.386653190686523,13.102003168141735,0.33719121698159615,
14,score_farmacia,minmax_mean_ohe,KNeighbors,log,401413.98392352095,248325.89506493506,30.15377006794276,21.14094432699084,0.5300307038719346,
14,score_farmacia,minmax_mean_ohe,GradientBoosting,log,347394.9219332064,202618.96117468763,24.967531349526553,16.41395584639976,0.6480091113931128,
14,score_farmacia,minmax_mean_ohe,RandomForest,log,332963.8171329204,198933.29480738868,24.59956437091135,14.797670374004063,0.6766457499683729,
14,score_farmacia,minmax_mean_ohe,MLP,log,852091.4498398768,626652.8582386364,61.67646138786562,64.25519310897437,-1.1176632751108797,
15,score_hospitais,minmax_mean_ohe,DecisionTree,log,489831.3451047863,236569.1825757576,28.717782037146627,13.819264985020697,0.3001940416173394,
15,score_hospitais,minmax_mean_ohe,Linear,log,430005.0823710008,272128.2029533492,34.76138401915186,23.877757549781276,0.4606984512646143,
15,score_hospitais,minmax_mean_ohe,RandomForest,log,331768.8492463544,198971.1429848216,24.556091693115544,14.896398848199702,0.6789625457076696,
15,score_hospitais,minmax_mean_ohe,KNeighbors,log,403268.147561229,250564.3150649351,30.54550214435609,20.730506430868168,0.5256790243183057,
15,score_hospitais,minmax_mean_ohe,GradientBoosting,log,339068.2968026944,197231.2459224633,24.271707341349124,16.723464769855532,0.6646804616288642,
15,score_hospitais,minmax_mean_ohe,MLP,log,815699.2102154099,578580.514935065,54.763417094330435,57.49704208754209,-0.9406381903790184,
16,novo_lancamento,minmax_mean_ohe,DecisionTree,log,498663.5218285761,234503.7343939394,27.75114554353025,13.636363636363635,0.27473003966742937,
16,novo_lancamento,minmax_mean_ohe,Linear,log,430176.893079911,271691.43052619445,34.70745547911471,23.369437299848915,0.4602674038368184,
16,novo_lancamento,minmax_mean_ohe,KNeighbors,log,428779.8661282391,258870.06025974028,31.42479972307259,21.09936875533837,0.463767343652183,
16,novo_lancamento,minmax_mean_ohe,RandomForest,log,332999.2741842007,200508.99886662856,24.728129590039316,15.126502743952324,0.6765768788292612,
16,novo_lancamento,minmax_mean_ohe,GradientBoosting,log,340445.96722293366,199378.16722455,24.606803886355642,16.951641608104108,0.661950048260606,
16,novo_lancamento,minmax_mean_ohe,MLP,log,833013.1516530686,600412.2735998377,57.711265874974394,60.57102696572581,-1.0238960666149843,
17,metro_quadrado_bairro_median,minmax_mean_ohe,DecisionTree,log,491003.8006010462,234560.86426406927,28.285304653650257,14.19668647510155,0.29683993490106064,
17,metro_quadrado_bairro_median,minmax_mean_ohe,Linear,log,430185.5181931804,271702.50150328706,34.710217433840334,23.369437299848823,0.46024576017570473,
17,metro_quadrado_bairro_median,minmax_mean_ohe,KNeighbors,log,429239.815253794,259170.62207792207,31.514694194423804,21.09936875533837,0.46261630068012694,
17,metro_quadrado_bairro_median,minmax_mean_ohe,RandomForest,log,333237.9363203465,200763.69289284194,24.762670913395166,15.072619826719238,0.6761131149728831,
17,metro_quadrado_bairro_median,minmax_mean_ohe,GradientBoosting,log,345666.261458541,199417.45976313823,24.783123354924854,16.687178346773653,0.6515034562878954,
17,metro_quadrado_bairro_median,minmax_mean_ohe,MLP,log,802792.6954397302,561496.0297280845,52.34081573607197,54.80373146585078,-0.8797120025809375,
18,quartos_por_metro,minmax_mean_ohe,DecisionTree,log,503188.30135939614,233240.31534632033,28.14759741812435,13.335414708383686,0.261508397289107,
18,quartos_por_metro,minmax_mean_ohe,Linear,log,428499.02131058055,268851.3026866508,34.08292777814804,23.19829595229762,0.4644695633907565,
18,quartos_por_metro,minmax_mean_ohe,KNeighbors,log,428002.3204451759,260872.2581818182,31.736117586165857,21.09936875533837,0.46571037958925465,
18,quartos_por_metro,minmax_mean_ohe,GradientBoosting,log,347581.71165350865,202748.12291731,24.750027540647462,16.844050805309706,0.6476304878066641,
18,quartos_por_metro,minmax_mean_ohe,RandomForest,log,330934.92957033066,196682.5063348086,24.320224747072356,15.215276465918153,0.6805744088257982,
18,quartos_por_metro,minmax_mean_ohe,MLP,log,816522.1651195722,578739.5076501623,54.66134999112398,57.225914888552865,-0.9445559662645091,
19,vagas_por_metro,minmax_mean_ohe,DecisionTree,log,533906.4412851392,249941.4920779221,30.14034297178127,14.700407922514284,0.16859082865131114,
19,vagas_por_metro,minmax_mean_ohe,Linear,log,428201.62902208336,268888.66652348445,34.098645015831025,23.144973048030863,0.46521265659498623,
19,vagas_por_metro,minmax_mean_ohe,KNeighbors,log,428269.3124233353,261187.27116883118,31.78727907985105,21.16167793348031,0.46504358163328263,
19,vagas_por_metro,minmax_mean_ohe,RandomForest,log,330103.7490330292,195618.83556828476,24.153146400392064,14.753392650715494,0.6821769408871433,
19,vagas_por_metro,minmax_mean_ohe,GradientBoosting,log,345000.27981021884,199597.62649997213,24.636008871531985,16.328778473433633,0.6528450319456567,
19,vagas_por_metro,minmax_mean_ohe,MLP,log,820270.6365770961,583636.4563311689,55.338039855830246,57.978649943788916,-0.9624509951946334,
20,banheiros_por_quarto,minmax_mean_ohe,Linear,log,426430.41818940995,267817.75475687603,33.98649205948006,23.098435634786057,0.4696276892881588,
20,banheiros_por_quarto,minmax_mean_ohe,KNeighbors,log,428831.44793051155,262891.99818181817,32.14697822515246,21.09936875533837,0.4636383193543403,
20,banheiros_por_quarto,minmax_mean_ohe,DecisionTree,log,537482.6287803893,256806.02833333332,30.52252964807033,15.504644073090528,0.1574157141431236,
20,banheiros_por_quarto,minmax_mean_ohe,RandomForest,log,328359.5047895899,195567.44124014323,24.063806353749058,14.972634938400969,0.6855267752417209,
20,banheiros_por_quarto,minmax_mean_ohe,GradientBoosting,log,355064.0402525776,203108.91614770022,24.964040444298956,17.196405909888853,0.6322964089579732,
20,banheiros_por_quarto,minmax_mean_ohe,MLP,log,773467.181181985,523534.4295251623,47.42518358137374,48.967232110832136,-0.7448908772965595,
21,lat,minmax_mean_ohe,DecisionTree,log,539387.7147759708,250332.3431601732,29.528631669898576,14.309245341813066,0.15143211499735287,
21,lat,minmax_mean_ohe,Linear,log,426430.4181894099,267817.75475687615,33.98649205948009,23.09843563478603,0.4696276892881589,
21,lat,minmax_mean_ohe,RandomForest,log,329896.2941275489,195708.2470675722,24.096588446031646,14.97278955545844,0.682576289483845,
21,lat,minmax_mean_ohe,KNeighbors,log,428831.44793051155,262891.99818181817,32.14697822515246,21.09936875533837,0.4636383193543403,
21,lat,minmax_mean_ohe,GradientBoosting,log,356458.9668454089,203815.53066113507,25.12402041099695,17.333132264437513,0.6294015674484805,
21,lat,minmax_mean_ohe,MLP,log,791517.8719183736,546480.1176339285,50.31257872392657,52.50199376723346,-0.8272835345633167,
22,lng,minmax_mean_ohe,KNeighbors,log,428831.44793051155,262891.99818181817,32.14697822515246,21.09936875533837,0.4636383193543403,
22,lng,minmax_mean_ohe,Linear,log,426430.41818940995,267817.7547568761,33.98649205948006,23.098435634786078,0.4696276892881588,
22,lng,minmax_mean_ohe,DecisionTree,log,524086.4855680683,249488.47844155846,29.925185952630923,15.384615384615385,0.19889321169758867,
22,lng,minmax_mean_ohe,RandomForest,log,328153.0833529464,195654.595065343,24.08076718050049,14.830063817110888,0.6859220347665453,
22,lng,minmax_mean_ohe,GradientBoosting,log,357248.8184979993,204403.2736241152,25.107654499100978,17.43120867095975,0.6277573833053292,
22,lng,minmax_mean_ohe,MLP,log,844744.5297623628,616213.7065340909,60.044994130443065,62.81263838344889,-1.0813027899069505,
23,bairro_rank,minmax_mean_ohe,Linear,log,426433.4798704865,267821.76197770337,33.987491769117995,23.098435634786004,0.469620073336635,
23,bairro_rank,minmax_mean_ohe,DecisionTree,log,538886.5067560783,258643.12681818183,30.30024518062907,15.384615384615385,0.15300838904155278,
23,bairro_rank,minmax_mean_ohe,KNeighbors,log,428999.4697519168,263225.218961039,32.20270752082544,21.16167793348031,0.46321792984166243,
23,bairro_rank,minmax_mean_ohe,RandomForest,log,329565.6812068681,196330.99138585624,24.099297796427187,14.851952270931942,0.6832121971658652,
23,bairro_rank,minmax_mean_ohe,GradientBoosting,log,356159.6533315698,203704.42248757035,25.087381202989185,17.616451987171555,0.6300236785931701,
23,bairro_rank,minmax_mean_ohe,MLP,log,778108.2796412753,529373.8408685065,48.14179002800445,50.053518682592234,-0.7658937245723811,
24,score_educacao,minmax_mean_ohe,DecisionTree,log,538886.5067560783,258643.12681818183,30.30024518062907,15.384615384615385,0.15300838904155278,
24,score_educacao,minmax_mean_ohe,Linear,log,426433.4798704865,267821.76197770337,33.987491769117995,23.098435634786004,0.469620073336635,
24,score_educacao,minmax_mean_ohe,RandomForest,log,329565.6812068681,196330.99138585624,24.099297796427184,14.851952270931934,0.6832121971658653,
24,score_educacao,minmax_mean_ohe,KNeighbors,log,428999.4697519168,263225.218961039,32.20270752082544,21.16167793348031,0.46321792984166243,
24,score_educacao,minmax_mean_ohe,GradientBoosting,log,356159.6533315698,203704.42248757035,25.087381202989185,17.616451987171555,0.6300236785931701,
24,score_educacao,minmax_mean_ohe,MLP,log,772564.3223001816,522546.05454545456,47.32684080756333,48.833947789634145,-0.7408196748003806,
25,score_escola_privada,minmax_mean_ohe,DecisionTree,log,538886.5067560783,258643.12681818183,30.30024518062907,15.384615384615385,0.15300838904155278,
25,score_escola_privada,minmax_mean_ohe,KNeighbors,log,428999.4697519168,263225.218961039,32.20270752082544,21.16167793348031,0.46321792984166243,
25,score_escola_privada,minmax_mean_ohe,Linear,log,426433.4798704865,267821.76197770337,33.987491769117995,23.098435634786004,0.469620073336635,
25,score_escola_privada,minmax_mean_ohe,RandomForest,log,329565.6812068681,196330.99138585624,24.099297796427184,14.851952270931942,0.6832121971658653,
25,score_escola_privada,minmax_mean_ohe,GradientBoosting,log,356159.6533315698,203704.42248757035,25.087381202989185,17.616451987171555,0.6300236785931701,
25,score_escola_privada,minmax_mean_ohe,MLP,log,807805.2693017161,567552.7150771103,53.1278028694349,55.81803959276018,-0.9032588311096059,
1,metragem,minmax_mean_ohe,DecisionTree,sqrt,470801.9106723865,282178.9059517012,35.26208766969748,24.45649964277466,0.3535113219462489,
1,metragem,minmax_mean_ohe,Linear,sqrt,535773.635266288,358312.58639787097,48.869908118311336,38.00098272585283,0.16276540069369128,
1,metragem,minmax_mean_ohe,KNeighbors,sqrt,464350.2944623552,300749.2187012987,37.052637590505235,27.465029738091427,0.37110818753821195,
1,metragem,minmax_mean_ohe,RandomForest,sqrt,436071.29402226483,281622.73072305456,35.32201287752068,24.31733178019105,0.445374941773907,
1,metragem,minmax_mean_ohe,GradientBoosting,sqrt,449253.1341864441,276748.80622957274,35.02038944557312,26.15862616955726,0.4113370244529959,
1,metragem,minmax_mean_ohe,MLP,sqrt,1041989.1521723344,862101.3163555195,96.99114368518588,97.20907608029154,-2.166728899723523,
2,tipo_imovel,minmax_mean_ohe,Linear,sqrt,511337.11877895775,333360.57340394903,44.538977706408076,32.75600428968581,0.23739591006186556,
2,tipo_imovel,minmax_mean_ohe,DecisionTree,sqrt,464142.1110790825,232031.8183922952,29.05854360310267,18.260837105869264,0.3716719665552901,
2,tipo_imovel,minmax_mean_ohe,KNeighbors,sqrt,402340.23052557366,249852.54233766234,30.240192195431355,20.606521739130436,0.5278593311331539,
2,tipo_imovel,minmax_mean_ohe,RandomForest,sqrt,389460.1662575562,227180.2828974791,28.358760857222826,17.903532689378533,0.5576046230366627,
2,tipo_imovel,minmax_mean_ohe,GradientBoosting,sqrt,411689.8976592189,228730.52496675923,28.693097765269098,17.778026126845027,0.5056609594687764,
2,tipo_imovel,minmax_mean_ohe,MLP,sqrt,986514.0161426,794378.7048295455,86.59994550498689,87.66826943525268,-1.8385138006284638,
3,banheiros,minmax_mean_ohe,DecisionTree,sqrt,435152.8795223672,214492.52382368533,26.562847586177746,15.745614035087721,0.4477086853686253,
3,banheiros,minmax_mean_ohe,Linear,sqrt,481311.0400305235,306924.7479095039,39.40612041309153,29.516259023081805,0.324327665744667,
3,banheiros,minmax_mean_ohe,KNeighbors,sqrt,389563.8118820219,235333.16623376624,28.3277800014674,19.701500367222746,0.5573691255437813,
3,banheiros,minmax_mean_ohe,RandomForest,sqrt,387025.5141453314,215241.2418236892,26.22140148793224,16.53318562630312,0.5631184718621408,
3,banheiros,minmax_mean_ohe,GradientBoosting,sqrt,356465.2033984373,210341.0205159349,25.869419277736245,17.687083878884795,0.6293885994650068,
3,banheiros,minmax_mean_ohe,MLP,sqrt,975260.3751040843,781475.116994724,84.74708878085899,85.87102355320452,-1.7741225871959698,
4,tem_elevador,minmax_mean_ohe,DecisionTree,sqrt,462845.0233466514,219468.77090863412,26.59122556519135,15.523877734023927,0.3751789002004645,
4,tem_elevador,minmax_mean_ohe,Linear,sqrt,479435.5356923631,303846.54057902953,38.93678167627259,29.15573333258713,0.3295831338938695,
4,tem_elevador,minmax_mean_ohe,KNeighbors,sqrt,385597.30320352793,232784.66545454544,27.942458895898277,20.3739903477261,0.5663369041448449,
4,tem_elevador,minmax_mean_ohe,RandomForest,sqrt,385270.5137500178,212788.9725610845,25.890120560183178,16.405632108057173,0.5670716420350231,
4,tem_elevador,minmax_mean_ohe,GradientBoosting,sqrt,374723.3333595629,213712.84615925164,26.056814640891734,17.37937542086641,0.5904509116984391,
4,tem_elevador,minmax_mean_ohe,MLP,sqrt,946893.3228896239,745391.471773539,79.1529314758451,80.73006323415338,-1.615089749006514,
5,quartos,minmax_mean_ohe,DecisionTree,sqrt,456106.0020195242,204464.37593741695,24.496447342731756,12.052697615839383,0.3932412266649392,
5,quartos,minmax_mean_ohe,Linear,sqrt,469476.5242672847,296424.67503174976,37.701164212154836,28.267670113306654,0.35714614670398126,
5,quartos,minmax_mean_ohe,RandomForest,sqrt,381217.28420988383,204800.97992272992,24.480425610076896,15.01579550212995,0.5761329509149817,
5,quartos,minmax_mean_ohe,KNeighbors,sqrt,393209.18266471656,237771.28415584416,27.79416509278676,20.2303121516165,0.5490464678493967,
5,quartos,minmax_mean_ohe,GradientBoosting,sqrt,381483.4574180279,211115.26820763288,25.442744242205436,17.758478420902925,0.5755408400941191,
5,quartos,minmax_mean_ohe,MLP,sqrt,951099.1890639939,751399.8677556819,80.14955728785921,81.71230275324577,-1.6383725075699216,
6,vagas,minmax_mean_ohe,Linear,sqrt,468236.1392701493,296037.77882240096,37.554972449914814,28.398015813205113,0.36053857577232407,
6,vagas,minmax_mean_ohe,DecisionTree,sqrt,443702.8029301524,190742.05888425064,22.944066286464622,10.0,0.4257925345987731,
6,vagas,minmax_mean_ohe,KNeighbors,sqrt,389139.5425970813,227652.2018181818,26.98787236415361,18.501993981384285,0.5583327285089528,
6,vagas,minmax_mean_ohe,RandomForest,sqrt,363328.5865456719,194244.48681808804,23.784732088711614,14.052434323097252,0.6149796993907477,
6,vagas,minmax_mean_ohe,GradientBoosting,sqrt,349231.7938134982,203810.15564373793,25.215706592932747,16.53484330386768,0.6442769236554506,
6,vagas,minmax_mean_ohe,MLP,sqrt,953293.4278358594,754327.2325284091,80.61130955040201,82.08591077426782,-1.6505602948016014,
7,bairro,minmax_mean_ohe,Linear,sqrt,460621.53994309256,288945.0934228088,36.68504830803177,26.239666122282767,0.3811676967213412,
7,bairro,minmax_mean_ohe,DecisionTree,sqrt,443665.03244100505,200690.82696894737,24.248574650110967,12.25578231292517,0.42589029000437506,
7,bairro,minmax_mean_ohe,KNeighbors,sqrt,404614.6302775269,243817.07506493505,29.420814665083412,19.72995951417004,0.5225062906057597,
7,bairro,minmax_mean_ohe,RandomForest,sqrt,346374.6367284998,194048.0731210142,23.599305500617852,14.789663513861287,0.6500736419677045,
7,bairro,minmax_mean_ohe,GradientBoosting,sqrt,328786.41408188245,198804.3762059511,24.430863869849915,16.496609013656045,0.6847085329679807,
7,bairro,minmax_mean_ohe,MLP,sqrt,894597.101937932,680177.9019886364,69.39647560584868,71.74370790441176,-1.3342075206096853,
8,score_parque,minmax_mean_ohe,DecisionTree,sqrt,383975.50943072414,211432.15876623377,25.55664160096869,13.150240245596805,0.5699771426171332,
8,score_parque,minmax_mean_ohe,Linear,sqrt,458395.096821131,287490.65316580696,36.47223845087748,26.48236529244752,0.3871355682904011,
8,score_parque,minmax_mean_ohe,RandomForest,sqrt,334326.6310113372,195287.9483093717,23.800980229642697,14.93159598769595,0.6739933687379256,
8,score_parque,minmax_mean_ohe,GradientBoosting,sqrt,313934.6181350188,195059.3147184194,24.09774477816087,16.89054425453993,0.7125496063931569,
8,score_parque,minmax_mean_ohe,KNeighbors,sqrt,407783.59318837814,254844.9987012987,31.127093532398085,21.46801346801347,0.5149974893165414,
8,score_parque,minmax_mean_ohe,MLP,sqrt,899192.5880691065,686249.5772118507,70.36870786419406,72.51233311666445,-1.3582504551170937,
9,score_escola_publica,minmax_mean_ohe,DecisionTree,sqrt,411604.5540221953,222070.95703463207,26.33187228733746,12.8959451502761,0.5058658919629048,
9,score_escola_publica,minmax_mean_ohe,KNeighbors,sqrt,416604.0780202954,260431.7187012987,31.71189135307267,22.100271259634763,0.49378906343261786,
9,score_escola_publica,minmax_mean_ohe,Linear,sqrt,458957.71403138596,287489.79842906044,36.4197353951002,26.660139527525793,0.3856302307264773,
9,score_escola_publica,minmax_mean_ohe,RandomForest,sqrt,324220.86014880857,194766.21280913692,23.659507356318258,15.016779390068377,0.6934040615463373,
9,score_escola_publica,minmax_mean_ohe,GradientBoosting,sqrt,318845.3699738897,194640.1063622609,23.715832579062948,15.825456574627678,0.7034863302163448,
9,score_escola_publica,minmax_mean_ohe,MLP,sqrt,872255.6112522235,650394.4314732143,64.8909537619468,67.88422402676171,-1.2190752724980851,
10,metro_quadrado_bairro_mean,minmax_mean_ohe,Linear,sqrt,459038.97331940866,287646.170306794,36.458746590141985,26.66013952752582,0.38541266092425797,
10,metro_quadrado_bairro_mean,minmax_mean_ohe,DecisionTree,sqrt,428597.18795657187,229773.69339826843,27.585531396647216,13.675455384224696,0.4642241614362348,
10,metro_quadrado_bairro_mean,minmax_mean_ohe,KNeighbors,sqrt,417067.4391097399,260428.2516883117,31.666537656831707,22.100271259634763,0.4926623875053099,
10,metro_quadrado_bairro_mean,minmax_mean_ohe,RandomForest,sqrt,322187.8978120099,193891.1622067841,23.55982855925064,14.812216127918907,0.6972369047645641,
10,metro_quadrado_bairro_mean,minmax_mean_ohe,GradientBoosting,sqrt,319942.93938865076,191144.76916157387,23.20293498179454,15.056140750261088,0.7014414237612903,
10,metro_quadrado_bairro_mean,minmax_mean_ohe,MLP,sqrt,845174.4777954496,615684.2196631493,59.797602394576664,62.79761066036767,-1.083421962591287,
11,score_mercado,minmax_mean_ohe,Linear,sqrt,459564.9836979814,287941.7028239437,36.46553582661788,26.698522388259484,0.38400334903685307,
11,score_mercado,minmax_mean_ohe,KNeighbors,sqrt,428690.0728585472,262343.2384415585,31.64574826562372,22.100271259634763,0.46399191129464334,
11,score_mercado,minmax_mean_ohe,DecisionTree,sqrt,434334.3646174025,231885.06136363637,28.09143156800794,13.636363636363635,0.4497844317876848,
11,score_mercado,minmax_mean_ohe,RandomForest,sqrt,323604.69798752014,197168.75749954843,24.176967741578597,14.52037729902885,0.6945682883471365,
11,score_mercado,minmax_mean_ohe,GradientBoosting,sqrt,324254.0796978948,196110.1368243281,23.855831859458032,16.079145872930052,0.6933412309154088,
11,score_mercado,minmax_mean_ohe,MLP,sqrt,905082.1898721075,694098.7721793831,71.65206647957345,73.84658978142691,-1.3892441320151874,
12,score_seguranca,minmax_mean_ohe,Linear,sqrt,459334.92579889786,287773.89625038195,36.46239078074689,26.61052729630588,0.38461992962589553,
12,score_seguranca,minmax_mean_ohe,DecisionTree,sqrt,399182.06871862244,218225.07608225106,26.524529887830695,13.574938574938574,0.5352423584730102,
12,score_seguranca,minmax_mean_ohe,KNeighbors,sqrt,426563.39191518864,262668.11194805196,31.59798064327644,22.134099170820516,0.46929686589851916,
12,score_seguranca,minmax_mean_ohe,RandomForest,sqrt,323551.81367297145,197434.61105228728,24.187133352399275,14.547090396413608,0.6946681090664721,
12,score_seguranca,minmax_mean_ohe,GradientBoosting,sqrt,331110.88019911456,201146.61894243138,24.439834607627432,17.02612633804204,0.6802346557833604,
12,score_seguranca,minmax_mean_ohe,MLP,sqrt,834949.5312858375,601303.5627637987,57.80763380916032,60.97818798530906,-1.0333162927033346,
13,valor_bairro_mean,minmax_mean_ohe,Linear,sqrt,459369.1852534554,287831.64174576476,36.47679695668993,26.610527296305886,0.38452813006703845,
13,valor_bairro_mean,minmax_mean_ohe,KNeighbors,sqrt,426634.5139891061,262687.76233766234,31.614521198296195,22.134099170820516,0.4691198799926205,
13,valor_bairro_mean,minmax_mean_ohe,DecisionTree,sqrt,447978.495971019,235366.11699134202,27.451341003759726,14.52885874584729,0.41467264008615723,
13,valor_bairro_mean,minmax_mean_ohe,RandomForest,sqrt,324481.36414469307,197824.49532410913,24.22608665716554,14.815164339598239,0.692911178061349,
13,valor_bairro_mean,minmax_mean_ohe,GradientBoosting,sqrt,323696.11477298476,196508.67805418232,23.970094621302092,16.523888759359757,0.6943956979657896,
13,valor_bairro_mean,minmax_mean_ohe,MLP,sqrt,795594.8041659964,550997.7221387987,50.98016157116042,53.39529832806007,-0.8461558742387547,
14,score_farmacia,minmax_mean_ohe,KNeighbors,sqrt,426938.4855420642,262870.0381818182,31.6263999757394,22.134099170820516,0.46836312010981906,
14,score_farmacia,minmax_mean_ohe,Linear,sqrt,460009.61492991523,288299.2318459357,36.54211656327694,27.019476713399083,0.38281081324724975,
14,score_farmacia,minmax_mean_ohe,DecisionTree,sqrt,506005.83187316044,240359.53344155845,28.972269862113887,13.291081547179108,0.25321508851113805,
14,score_farmacia,minmax_mean_ohe,RandomForest,sqrt,331564.4017517843,198002.98012936738,24.473256261763872,14.941715170122471,0.6793580926673368,
14,score_farmacia,minmax_mean_ohe,GradientBoosting,sqrt,345430.81012709456,202316.38692985888,24.999938234968262,16.62464574413226,0.6519780529653547,
14,score_farmacia,minmax_mean_ohe,MLP,sqrt,825516.1266024109,589555.793648539,56.17181281642256,59.1525087664752,-0.987630322350525,
15,score_hospitais,minmax_mean_ohe,Linear,sqrt,459378.10917263944,287458.7526012295,36.36402583294593,26.651791520671885,0.3845042169498648,
15,score_hospitais,minmax_mean_ohe,KNeighbors,sqrt,426963.1482858094,264232.66597402596,32.00279633888273,22.179831868751847,0.46830169672783495,
15,score_hospitais,minmax_mean_ohe,DecisionTree,sqrt,482721.43118369754,233509.48322510824,28.710138991463385,14.390537931027115,0.3203620034541682,
15,score_hospitais,minmax_mean_ohe,RandomForest,sqrt,331821.83795417316,198525.35950015872,24.493008085912127,15.027274330434981,0.6788599880480581,
15,score_hospitais,minmax_mean_ohe,GradientBoosting,sqrt,347159.82311669097,203109.96115786867,24.768885778803288,17.287345927880065,0.6484853684410472,
15,score_hospitais,minmax_mean_ohe,MLP,sqrt,799917.2477066014,556220.938372565,51.7287893231603,54.021225550424255,-0.8662705903902954,
16,novo_lancamento,minmax_mean_ohe,Linear,sqrt,459838.8616394091,285451.6592597549,36.10656434071933,26.2315442830675,0.3832689233453921,
16,novo_lancamento,minmax_mean_ohe,DecisionTree,sqrt,463066.20883822435,225428.2986796537,27.784975623577683,13.96400625978091,0.37458157549292304,
16,novo_lancamento,minmax_mean_ohe,RandomForest,sqrt,332651.4368527072,199505.98433117743,24.590161939884485,15.267677643420685,0.677252194893931,
16,novo_lancamento,minmax_mean_ohe,KNeighbors,sqrt,445966.7999695483,272866.12649350654,33.09749299754631,22.04402861860209,0.41991778855985396,
16,novo_lancamento,minmax_mean_ohe,GradientBoosting,sqrt,343804.4754909116,201145.98750653735,24.765685175268448,17.081666366558927,0.6552474066403327,
16,novo_lancamento,minmax_mean_ohe,MLP,sqrt,811277.6209871607,570376.5457589285,53.49638889157517,56.59632700812194,-0.9196563174686818,
17,metro_quadrado_bairro_median,minmax_mean_ohe,KNeighbors,sqrt,445853.2047117086,272494.9155844156,33.009975087271094,21.91139240506329,0.42021326434930895,
17,metro_quadrado_bairro_median,minmax_mean_ohe,Linear,sqrt,459841.7542514398,285456.75202392583,36.107834868510224,26.231544283067432,0.38326116423892287,
17,metro_quadrado_bairro_median,minmax_mean_ohe,DecisionTree,sqrt,509890.2670846649,242815.62854978358,28.8809869382475,14.248897411313518,0.2417054504968218,
17,metro_quadrado_bairro_median,minmax_mean_ohe,RandomForest,sqrt,330922.62306370866,198927.4794044358,24.61104059184988,15.082209470415703,0.6805981653997365,
17,metro_quadrado_bairro_median,minmax_mean_ohe,GradientBoosting,sqrt,334660.6211615328,200265.0368448001,24.66186264730207,16.83518768814225,0.6733416863390689,
17,metro_quadrado_bairro_median,minmax_mean_ohe,MLP,sqrt,758062.5201164873,503811.93997564935,45.22274387553177,46.47718340126812,-0.6760792131336781,
18,quartos_por_metro,minmax_mean_ohe,KNeighbors,sqrt,427966.14005310234,263326.6620779221,32.431046210743716,21.7436059568131,0.4658007061598207,
18,quartos_por_metro,minmax_mean_ohe,DecisionTree,sqrt,532610.624767373,240154.64824675326,28.578132556387192,13.407594381035997,0.1726216709842574,
18,quartos_por_metro,minmax_mean_ohe,Linear,sqrt,439319.51532537857,276750.1101113965,35.42162060326229,23.767891920265775,0.43708155188159903,
18,quartos_por_metro,minmax_mean_ohe,RandomForest,sqrt,329225.5966581769,196325.57159822248,24.236783557220207,15.297610418904428,0.683865657501554,
18,quartos_por_metro,minmax_mean_ohe,GradientBoosting,sqrt,346373.893849658,199081.74253151726,24.411927369282544,16.563986209864215,0.6500751429587195,
18,quartos_por_metro,minmax_mean_ohe,MLP,sqrt,826946.2446379489,590865.2929586039,56.29162637402734,59.39576105769231,-0.9945229997510259,
19,vagas_por_metro,minmax_mean_ohe,KNeighbors,sqrt,428429.76267497684,265582.6371428572,32.93137730385002,21.7436059568131,0.46464266581604863,
19,vagas_por_metro,minmax_mean_ohe,Linear,sqrt,433828.3402450833,273915.4574861802,35.1563659008215,23.642625561581223,0.45106575015046335,
19,vagas_por_metro,minmax_mean_ohe,DecisionTree,sqrt,548478.3498992566,250978.91383116884,29.727598755491318,13.780445867882815,0.12258820404787563,
19,vagas_por_metro,minmax_mean_ohe,RandomForest,sqrt,329050.0945815466,195423.51706081355,24.131731728380167,14.716471982681956,0.6842026145672129,
19,vagas_por_metro,minmax_mean_ohe,GradientBoosting,sqrt,354509.6958950144,203237.92372199273,24.94802156410391,16.947150664721388,0.6334436684348193,
19,vagas_por_metro,minmax_mean_ohe,MLP,sqrt,788055.6674950138,539890.5714488636,49.43249864011891,51.61699402109714,-0.8113329337268478,
20,banheiros_por_quarto,minmax_mean_ohe,DecisionTree,sqrt,522328.6111841762,246939.64175324677,29.459864300702353,14.187575369019973,0.20425829320588518,
20,banheiros_por_quarto,minmax_mean_ohe,Linear,sqrt,434188.2513490199,274597.57673613616,35.12115266447698,24.25655693410094,0.45015456263158404,
20,banheiros_por_quarto,minmax_mean_ohe,RandomForest,sqrt,324672.583040536,194798.57919911598,24.01492280623268,14.798465470602784,0.6925491326909319,
20,banheiros_por_quarto,minmax_mean_ohe,KNeighbors,sqrt,430750.6084525425,265398.5914285714,32.93744096681651,21.958161148405203,0.45882679007822347,
20,banheiros_por_quarto,minmax_mean_ohe,GradientBoosting,sqrt,353986.8888013913,202433.75158621932,24.79765160237999,16.825862423754174,0.6345240165604742,
20,banheiros_por_quarto,minmax_mean_ohe,MLP,sqrt,766535.6640370187,513295.86883116886,46.23642774952118,47.59680941118694,-0.713756920736683,
21,lat,minmax_mean_ohe,DecisionTree,sqrt,536311.5100101974,250985.47681818184,29.330554439880263,14.822341782305287,0.16108352102392098,
21,lat,minmax_mean_ohe,Linear,sqrt,434188.25134901964,274597.57673613593,35.12115266447691,24.256556934100786,0.4501545626315845,
21,lat,minmax_mean_ohe,KNeighbors,sqrt,430750.6084525425,265398.5914285714,32.93744096681651,21.958161148405203,0.45882679007822347,
21,lat,minmax_mean_ohe,RandomForest,sqrt,327640.72767542454,195863.6249020723,24.063715702627388,14.852544606802837,0.6869020286316225,
21,lat,minmax_mean_ohe,GradientBoosting,sqrt,352545.31141023035,202075.0989328046,24.894655648673787,16.825862423754153,0.6374946865726109,
21,lat,minmax_mean_ohe,MLP,sqrt,776319.453274613,525412.7497362013,47.65901753676866,49.411719097222225,-0.7577836805107634,
22,lng,minmax_mean_ohe,DecisionTree,sqrt,528379.9574532395,250540.77703463202,29.478324770679976,13.760982433825719,0.1857136377519064,
22,lng,minmax_mean_ohe,Linear,sqrt,434188.2513490199,274597.5767361362,35.12115266447696,24.256556934100736,0.45015456263158404,
22,lng,minmax_mean_ohe,KNeighbors,sqrt,430750.6084525425,265398.5914285714,32.93744096681651,21.958161148405203,0.45882679007822347,
22,lng,minmax_mean_ohe,RandomForest,sqrt,326337.90638617525,195464.342274499,24.07239141205809,14.797566183582711,0.6893870658450243,
22,lng,minmax_mean_ohe,GradientBoosting,sqrt,354500.80433986743,202380.3544277227,24.894325203624224,16.81136009401621,0.6334620556044859,
22,lng,minmax_mean_ohe,MLP,sqrt,779471.517720014,529277.4199066558,48.1248573201192,50.10402105734767,-0.7720868019211036,
23,bairro_rank,minmax_mean_ohe,Linear,sqrt,434189.53125263896,274599.26447162405,35.1215737157507,24.256556934100693,0.45015132094920174,
23,bairro_rank,minmax_mean_ohe,DecisionTree,sqrt,507480.135006114,240749.77324675326,29.30613155258172,15.174288455388552,0.24885707052601547,
23,bairro_rank,minmax_mean_ohe,KNeighbors,sqrt,431033.4947115763,265898.0719480519,33.09800755298596,22.039408234652292,0.45811574878757844,
23,bairro_rank,minmax_mean_ohe,RandomForest,sqrt,325931.76808394014,195166.42343419004,24.03675186575526,14.969201651251396,0.6901597208582242,
23,bairro_rank,minmax_mean_ohe,GradientBoosting,sqrt,352527.66447625303,201724.5181442328,24.735946722632786,16.81136009401621,0.637530976643812,
23,bairro_rank,minmax_mean_ohe,MLP,sqrt,842256.1415234678,611314.2633319806,59.220058032300294,62.24259780978969,-1.06905894314486,
24,score_educacao,minmax_mean_ohe,Linear,sqrt,434189.53125263896,274599.26447162405,35.1215737157507,24.256556934100693,0.45015132094920174,
24,score_educacao,minmax_mean_ohe,DecisionTree,sqrt,507480.135006114,240749.77324675326,29.30613155258172,15.174288455388552,0.24885707052601547,
24,score_educacao,minmax_mean_ohe,RandomForest,sqrt,325931.76808394014,195166.42343419002,24.03675186575526,14.969201651251396,0.6901597208582241,
24,score_educacao,minmax_mean_ohe,KNeighbors,sqrt,431033.4947115763,265898.0719480519,33.09800755298596,22.039408234652292,0.45811574878757844,
24,score_educacao,minmax_mean_ohe,GradientBoosting,sqrt,352527.66447625303,201724.5181442328,24.735946722632786,16.81136009401621,0.637530976643812,
24,score_educacao,minmax_mean_ohe,MLP,sqrt,751449.1239493329,494826.463575487,44.11208169993544,45.17142811361894,-0.6469622888647129,
25,score_escola_privada,minmax_mean_ohe,KNeighbors,sqrt,431033.4947115763,265898.0719480519,33.09800755298596,22.039408234652292,0.45811574878757844,
25,score_escola_privada,minmax_mean_ohe,Linear,sqrt,434189.53125263896,274599.26447162405,35.1215737157507,24.256556934100693,0.45015132094920174,
25,score_escola_privada,minmax_mean_ohe,DecisionTree,sqrt,507480.135006114,240749.77324675326,29.30613155258172,15.174288455388552,0.24885707052601547,
25,score_escola_privada,minmax_mean_ohe,RandomForest,sqrt,325931.76808394014,195166.42343419002,24.036751865755257,14.969201651251396,0.6901597208582241,
25,score_escola_privada,minmax_mean_ohe,GradientBoosting,sqrt,352527.66447625303,201724.5181442328,24.735946722632786,16.81136009401621,0.637530976643812,
25,score_escola_privada,minmax_mean_ohe,MLP,sqrt,754744.3461651275,498990.7359375,44.59478882224608,45.64337938329748,-0.6614383349639095,
1,metragem,minmax_mean_ohe,Linear,boxcox,494961.41587025556,339659.746022972,44.41600995495062,35.113572295478676,0.2854589549849672,
1,metragem,minmax_mean_ohe,DecisionTree,boxcox,470777.1163041243,282154.6202374155,35.2571314014759,24.45649964277466,0.3535794136676874,
1,metragem,minmax_mean_ohe,KNeighbors,boxcox,464442.90456808533,300827.4005194805,37.05869819656584,27.465029738091427,0.3708573099321857,
1,metragem,minmax_mean_ohe,RandomForest,boxcox,436061.00591285666,281616.0110801974,35.3203856831811,24.317331780191036,0.4454011116963359,
1,metragem,minmax_mean_ohe,GradientBoosting,boxcox,449238.7849761607,276736.1362971441,35.017803745077494,26.15862616955726,0.4113746278141419,
1,metragem,minmax_mean_ohe,MLP,boxcox,1028098.1185217691,845901.7300299311,94.58282863629967,94.89639257479467,-2.0828586939956466,
2,tipo_imovel,minmax_mean_ohe,Linear,boxcox,451553.30691555236,290126.0190408582,38.456802461824154,25.560728299233826,0.40529369287626216,
2,tipo_imovel,minmax_mean_ohe,KNeighbors,boxcox,402306.4645107806,249891.5553246753,30.18480742052078,20.5479195885928,0.5279385757059232,
2,tipo_imovel,minmax_mean_ohe,DecisionTree,boxcox,464142.1110790825,232031.8183922952,29.05854360310267,18.260837105869264,0.3716719665552901,
2,tipo_imovel,minmax_mean_ohe,RandomForest,boxcox,387747.32450690604,226878.13094942717,28.305697609816576,17.903532689378533,0.5614873665979778,
2,tipo_imovel,minmax_mean_ohe,GradientBoosting,boxcox,411689.8976592189,228730.52496675923,28.693097765269098,17.778026126845027,0.5056609594687764,
2,tipo_imovel,minmax_mean_ohe,MLP,boxcox,977412.5693126109,784048.0875811689,85.13314008911036,86.10397150169335,-1.7863799053067928,
3,tem_elevador,minmax_mean_ohe,Linear,boxcox,451065.9194550942,289175.98215757404,38.26186599907613,25.566284943410555,0.4065768014932417,
3,tem_elevador,minmax_mean_ohe,DecisionTree,boxcox,464076.81694422744,229161.98784172357,28.91007382777733,18.07967313585291,0.37184873676705166,
3,tem_elevador,minmax_mean_ohe,KNeighbors,boxcox,392962.0077708961,241200.78883116884,29.004494378367816,18.742088607594937,0.5496132366969778,
3,tem_elevador,minmax_mean_ohe,GradientBoosting,boxcox,396953.10550858296,224532.40209613202,28.282653571813427,18.017157325942204,0.5404181193377207,
3,tem_elevador,minmax_mean_ohe,RandomForest,boxcox,387479.5292767782,223383.81417088394,27.999535844470653,17.684078320888187,0.5620928693698315,
3,tem_elevador,minmax_mean_ohe,MLP,boxcox,951329.1537090864,751129.0799208604,80.05276116202943,81.40542967221734,-1.639648516959261,
4,banheiros,minmax_mean_ohe,Linear,yeojohnson,439644.60367989336,285710.7574754053,37.94182638571979,26.393287948359024,0.43624814506355314,
4,banheiros,minmax_mean_ohe,DecisionTree,yeojohnson,462845.0233466514,219468.77090863412,26.59122556519135,15.523877734023927,0.3751789002004645,
4,banheiros,minmax_mean_ohe,KNeighbors,yeojohnson,404392.995963659,236745.86311688312,28.34993842207799,20.3739903477261,0.5230292573892432,
4,banheiros,minmax_mean_ohe,RandomForest,yeojohnson,394430.9720636355,213599.09777753468,25.996635945742497,16.414742726839957,0.5462396857925578,
4,banheiros,minmax_mean_ohe,GradientBoosting,yeojohnson,374766.0979789698,213745.81745173002,26.0635434760914,17.37937542086641,0.5903574282736341,
4,banheiros,minmax_mean_ohe,MLP,yeojohnson,965725.3133151092,769989.999127435,83.03648070351312,84.20685907055534,-1.7201429035486973,
5,quartos,minmax_mean_ohe,DecisionTree,yeojohnson,456106.0020195242,204464.37593741695,24.496447342731756,12.052697615839383,0.3932412266649392,
5,quartos,minmax_mean_ohe,Linear,yeojohnson,439392.6591601175,285613.5453173943,37.92895634239604,26.49587249189831,0.43689409177519967,
5,quartos,minmax_mean_ohe,KNeighbors,yeojohnson,401208.8189161286,240787.14545454545,28.132572430643936,19.919353859233617,0.5305109891497015,
5,quartos,minmax_mean_ohe,GradientBoosting,yeojohnson,381435.7477888515,211078.57153917823,25.435255126194285,17.758478420902925,0.575647002090973,
5,quartos,minmax_mean_ohe,RandomForest,yeojohnson,390413.37055391766,205547.68148550048,24.583197811551162,15.01579550212995,0.5554364463762212,
5,quartos,minmax_mean_ohe,MLP,yeojohnson,939307.0082620307,737887.9618303571,78.24000976994625,79.69111041303827,-1.5733544857635304,
6,vagas,minmax_mean_ohe,DecisionTree,yeojohnson,443903.72293681494,190981.14979334155,22.954032560290834,10.0,0.425272385128422,
6,vagas,minmax_mean_ohe,Linear,yeojohnson,438580.1888077941,285705.56516435,37.96889785537401,26.168693714366643,0.4389746175358563,
6,vagas,minmax_mean_ohe,RandomForest,yeojohnson,373106.63721061556,194965.57483773943,23.877127191150045,14.052434323097252,0.5939771833046368,
6,vagas,minmax_mean_ohe,KNeighbors,yeojohnson,384248.19423559,224989.4342857143,26.5996367166967,18.30089485458613,0.5693661539831352,
6,vagas,minmax_mean_ohe,GradientBoosting,yeojohnson,349210.41778280074,203791.47837579358,25.214627461895965,16.53484330386768,0.6443204690303019,
6,vagas,minmax_mean_ohe,MLP,yeojohnson,956725.5969579744,759811.295992289,81.58702699495883,82.9069699078603,-1.669680425780355,
7,score_parque,minmax_mean_ohe,Linear,yeojohnson,438593.8067363809,285697.54962926824,37.95970828974838,26.200897085018692,0.43893977728360656,
7,score_parque,minmax_mean_ohe,DecisionTree,yeojohnson,408391.36467888916,214236.68777056277,25.708332119173132,12.786095336430908,0.5135506907165791,
7,score_parque,minmax_mean_ohe,KNeighbors,yeojohnson,372466.1009150785,234203.03246753247,28.249389700636534,19.401126187245588,0.5953700779008813,
7,score_parque,minmax_mean_ohe,RandomForest,yeojohnson,342895.3303174743,198289.17186597508,24.458190154034206,14.858906664819777,0.6570683005869362,
7,score_parque,minmax_mean_ohe,GradientBoosting,yeojohnson,330859.9300301332,199670.20199033374,24.62963844630055,16.837625168648856,0.6807191747944047,
7,score_parque,minmax_mean_ohe,MLP,yeojohnson,897833.376506819,686661.4161728896,70.6327333306134,72.92532926524933,-1.3511264224460513,
8,bairro,minmax_mean_ohe,DecisionTree,yeojohnson,383993.86734561186,211493.28214285715,25.57239876168139,13.159596300357034,0.5699360227460166,
8,bairro,minmax_mean_ohe,Linear,yeojohnson,431679.7269846357,283726.60650507535,37.607661281216394,25.866832162818888,0.45648967747826696,
8,bairro,minmax_mean_ohe,KNeighbors,yeojohnson,380502.26639805053,237917.85246753247,29.528415892777073,19.720957660101426,0.5777214846906142,
8,bairro,minmax_mean_ohe,RandomForest,yeojohnson,335348.5515574965,195394.617600838,23.81568130249106,14.745162455403987,0.6719973444304892,
8,bairro,minmax_mean_ohe,GradientBoosting,yeojohnson,313407.0696651781,194709.1356627547,24.061017216330377,16.89054425453993,0.7135148812763441,
8,bairro,minmax_mean_ohe,MLP,yeojohnson,882590.6271301497,666762.6651176948,67.61672734458357,69.72591027368473,-1.2719727189242693,
9,metro_quadrado_bairro_mean,minmax_mean_ohe,DecisionTree,yeojohnson,440251.5933485673,234790.6286796537,28.127105532266423,14.866991370292887,0.4346903969644804,
9,metro_quadrado_bairro_mean,minmax_mean_ohe,KNeighbors,yeojohnson,387825.23843345506,239266.25454545455,29.50445213648572,19.720957660101426,0.5613111194822331,
9,metro_quadrado_bairro_mean,minmax_mean_ohe,Linear,yeojohnson,431769.61774370575,283843.15645712253,37.636737819640864,25.866832162819474,0.4562632983401326,
9,metro_quadrado_bairro_mean,minmax_mean_ohe,GradientBoosting,yeojohnson,324250.1018359638,196060.2924789387,23.713419884317965,16.346449836300287,0.6933487548840331,
9,metro_quadrado_bairro_mean,minmax_mean_ohe,RandomForest,yeojohnson,334998.5318024622,194762.2470481315,23.76171766196105,14.296912099147367,0.6726816920655339,
9,metro_quadrado_bairro_mean,minmax_mean_ohe,MLP,yeojohnson,903647.3570797658,694415.1821631494,71.86521334292388,73.92895276180029,-1.381674767551154,
10,score_escola_publica,minmax_mean_ohe,Linear,yeojohnson,432118.40094615583,283697.2075469557,37.5855868088809,26.00886986684011,0.4553844832575302,
10,score_escola_publica,minmax_mean_ohe,KNeighbors,yeojohnson,391766.5474111388,246024.35896103896,30.44314900708653,20.26907894736842,0.5523493818074715,
10,score_escola_publica,minmax_mean_ohe,RandomForest,yeojohnson,318468.45868803666,192715.56653864717,23.461975560625177,14.632371566304517,0.7041869412521319,
10,score_escola_publica,minmax_mean_ohe,DecisionTree,yeojohnson,389372.330070186,218241.37435064936,26.56444266209823,12.5,0.5578041502010223,
10,score_escola_publica,minmax_mean_ohe,GradientBoosting,yeojohnson,315068.659778749,190344.60865038255,23.149716939527615,15.004331429518897,0.7104691127096017,
10,score_escola_publica,minmax_mean_ohe,MLP,yeojohnson,892885.6428413028,680193.784963474,69.69242392118706,71.82508995516042,-1.325284890854574,
11,score_mercado,minmax_mean_ohe,Linear,yeojohnson,432727.0604208702,282613.44097693975,37.509910095775425,25.225259783609598,0.45384916863011904,
11,score_mercado,minmax_mean_ohe,DecisionTree,yeojohnson,423503.74366064626,228754.68863636363,27.647397470394715,12.54341163968956,0.47688280266120364,
11,score_mercado,minmax_mean_ohe,RandomForest,yeojohnson,327589.681181026,198473.27743960117,24.263270912039143,14.916278359473504,0.6869995824913787,
11,score_mercado,minmax_mean_ohe,KNeighbors,yeojohnson,401838.56795594894,248048.21038961038,30.51339875286346,20.3375,0.5290359852200349,
11,score_mercado,minmax_mean_ohe,GradientBoosting,yeojohnson,323706.39448385034,195317.85392377691,23.787189788429725,16.079145872930052,0.6943762873296777,
11,score_mercado,minmax_mean_ohe,MLP,yeojohnson,886096.7616253849,671149.0462053572,68.36379487128075,70.92527518086442,-1.2900596190686917,
12,score_farmacia,minmax_mean_ohe,DecisionTree,yeojohnson,504451.1050091675,241255.69751082253,29.888700695753716,14.528508771929827,0.25779710241390186,
12,score_farmacia,minmax_mean_ohe,Linear,yeojohnson,432744.5537557777,282376.0045680173,37.477372677506935,25.30838609942886,0.4538050105758116,
12,score_farmacia,minmax_mean_ohe,RandomForest,yeojohnson,332645.0636759092,197908.68192286376,24.59019136207842,14.413883091583887,0.6772645616471816,
12,score_farmacia,minmax_mean_ohe,KNeighbors,yeojohnson,402994.4274372998,248327.29714285716,30.598037885902446,20.440506329113923,0.5263227009154665,
12,score_farmacia,minmax_mean_ohe,GradientBoosting,yeojohnson,352573.82100386947,201707.0516716837,24.93378322568321,17.125328436501214,0.6374360541260955,
12,score_farmacia,minmax_mean_ohe,MLP,yeojohnson,822091.6837129752,586663.7890625,55.87365408690004,58.93573794002648,-0.9711741714976112,
13,score_hospitais,minmax_mean_ohe,Linear,yeojohnson,432322.311496355,282332.1405478087,37.48361631562915,25.193311604952108,0.4548703692945246,
13,score_hospitais,minmax_mean_ohe,DecisionTree,yeojohnson,465184.61626299133,228011.80746753246,29.12059788637866,14.899737380931183,0.36884623344203726,
13,score_hospitais,minmax_mean_ohe,KNeighbors,yeojohnson,402359.8231167745,248112.0883116883,30.651337723095818,20.053181867674745,0.5278133467465805,
13,score_hospitais,minmax_mean_ohe,RandomForest,yeojohnson,335253.8890006259,198948.85341681165,24.648653379554304,14.740330432189358,0.6721824961929707,
13,score_hospitais,minmax_mean_ohe,GradientBoosting,yeojohnson,347322.68852892343,201859.84231542883,24.80439447116172,16.185102922764948,0.6481554742511102,
13,score_hospitais,minmax_mean_ohe,MLP,yeojohnson,828663.5659147239,595246.8383522728,57.16470631985153,59.98648364712733,-1.002815663042023,
14,score_seguranca,minmax_mean_ohe,Linear,yeojohnson,431850.05110513157,281876.5114831373,37.41797554737992,24.86117677574114,0.45606069657079307,
14,score_seguranca,minmax_mean_ohe,DecisionTree,yeojohnson,498845.90911323467,242372.71612554116,30.040066907154202,15.364265364265364,0.2741994044644418,
14,score_seguranca,minmax_mean_ohe,KNeighbors,yeojohnson,400933.3005194722,247559.44779220782,30.619469993357782,20.013333333333332,0.5311555833798294,
14,score_seguranca,minmax_mean_ohe,RandomForest,yeojohnson,334218.0179216692,199518.54016769727,24.64493775220615,14.690361684993224,0.6742051546537028,
14,score_seguranca,minmax_mean_ohe,GradientBoosting,yeojohnson,351693.0656292797,200715.5106638778,24.674107760235273,16.78456583254177,0.6392452144769265,
14,score_seguranca,minmax_mean_ohe,MLP,yeojohnson,864875.5551195438,642606.1512581169,64.12982317140163,66.89584998497595,-1.1816834384688981,
15,lng,minmax_mean_ohe,Linear,yeojohnson,431826.7984488106,281844.96975826146,37.418635860157785,24.974123293605498,0.45611927103726635,
15,lng,minmax_mean_ohe,DecisionTree,yeojohnson,509585.17716975685,240296.61201298703,29.345642055364312,14.093425605536334,0.24261262139861473,
15,lng,minmax_mean_ohe,KNeighbors,yeojohnson,401457.08697552764,247640.14129870132,30.601837302541817,19.966250000000002,0.5299297696772705,
15,lng,minmax_mean_ohe,RandomForest,yeojohnson,336484.30651689676,198255.30572958852,24.658411136387056,14.49679006416629,0.6697718302157148,
15,lng,minmax_mean_ohe,GradientBoosting,yeojohnson,340299.51938330603,201676.65066129193,24.970650987819898,16.3273679396933,0.6622408200239366,
15,lng,minmax_mean_ohe,MLP,yeojohnson,819182.6106144903,581383.1971996754,55.14395659050651,57.86199115566038,-0.9572483670614831,
16,valor_bairro_mean,minmax_mean_ohe,Linear,yeojohnson,431876.0557845377,281904.47582032473,37.43348125708569,24.974123293605434,0.45599518590083243,
16,valor_bairro_mean,minmax_mean_ohe,KNeighbors,yeojohnson,401181.01868299406,247538.62545454546,30.618484557991586,19.966250000000002,0.5305760497921874,
16,valor_bairro_mean,minmax_mean_ohe,DecisionTree,yeojohnson,506659.3654724941,243995.59707792208,29.60424791175792,15.364265364265364,0.2512848174704235,
16,valor_bairro_mean,minmax_mean_ohe,RandomForest,yeojohnson,334981.59315956477,198117.58160924114,24.66188132850524,14.828524020836358,0.6727147918390296,
16,valor_bairro_mean,minmax_mean_ohe,GradientBoosting,yeojohnson,340741.7507064717,197420.68961988957,24.626807079267504,16.51798717172234,0.6613623894951247,
16,valor_bairro_mean,minmax_mean_ohe,MLP,yeojohnson,818289.4593216202,580955.6917207792,55.082451795935036,58.088831749602974,-0.9529827347016424,
17,lat,minmax_mean_ohe,DecisionTree,yeojohnson,477133.51455492654,227857.9483766234,28.207079476466923,13.096425796425798,0.33600572276384355,
17,lat,minmax_mean_ohe,Linear,yeojohnson,431844.27668397664,281878.1249619114,37.42845269830752,25.09960401817084,0.45607524288664225,
17,lat,minmax_mean_ohe,RandomForest,yeojohnson,325896.62247060233,196859.07016149443,24.423499557762128,14.59461206259533,0.690226538153119,
17,lat,minmax_mean_ohe,KNeighbors,yeojohnson,401806.85678128677,248208.55766233764,30.74342798704962,20.0,0.5291103147345757,
17,lat,minmax_mean_ohe,GradientBoosting,yeojohnson,329575.6955060891,196899.21464783425,24.35642239625892,16.265234736403816,0.6831929448211764,
17,lat,minmax_mean_ohe,MLP,yeojohnson,818101.0387866899,580744.1691761364,55.03851004818425,57.763339842312256,-0.9520834448932589,
18,novo_lancamento,minmax_mean_ohe,Linear,yeojohnson,432004.673871238,280800.46856416506,37.268524637545895,25.223944373133637,0.45567111478733535,
18,novo_lancamento,minmax_mean_ohe,KNeighbors,yeojohnson,426052.1450263195,258724.50207792202,31.727939043543145,20.711737722048067,0.4705682255100797,
18,novo_lancamento,minmax_mean_ohe,DecisionTree,yeojohnson,461482.7232563775,223968.43980519482,27.818864126928844,13.557312252964426,0.37885158168438005,
18,novo_lancamento,minmax_mean_ohe,RandomForest,yeojohnson,326700.6013712512,197008.139285805,24.400943691860768,14.724171609288511,0.6886962459571133,
18,novo_lancamento,minmax_mean_ohe,GradientBoosting,yeojohnson,323222.64036268654,197021.32605712314,24.130358109941785,16.256140722760428,0.695289066689656,
18,novo_lancamento,minmax_mean_ohe,MLP,yeojohnson,742095.3904690596,483945.47984983766,42.89659597812111,43.2698674430613,-0.6062160382144584,
19,metro_quadrado_bairro_median,minmax_mean_ohe,Linear,yeojohnson,432020.9145453998,280820.6983281635,37.27357149942691,25.223944373133623,0.4556301872938813,
19,metro_quadrado_bairro_median,minmax_mean_ohe,DecisionTree,yeojohnson,510526.27189609734,238474.557987013,28.60449940833832,13.760982433825719,0.2398125735574438,
19,metro_quadrado_bairro_median,minmax_mean_ohe,KNeighbors,yeojohnson,426487.9593220529,258831.47428571427,31.682017051252636,20.711737722048067,0.46948454620458013,
19,metro_quadrado_bairro_median,minmax_mean_ohe,RandomForest,yeojohnson,327375.2026881197,197468.55824897386,24.48789192632357,15.097234321644459,0.6874093016339609,
19,metro_quadrado_bairro_median,minmax_mean_ohe,GradientBoosting,yeojohnson,323993.4039634452,196768.83472766413,24.233963321450112,16.87369512093554,0.6938340935969187,
19,metro_quadrado_bairro_median,minmax_mean_ohe,MLP,yeojohnson,776261.499096069,526744.0526785714,47.868515548813996,49.277912203881044,-0.7575212444572184,
20,banheiros_por_quarto,minmax_mean_ohe,KNeighbors,yeojohnson,435391.9818509029,268067.99896103895,32.809571769702636,22.37124350638961,0.44710158646018294,
20,banheiros_por_quarto,minmax_mean_ohe,DecisionTree,yeojohnson,432902.141048831,235116.37725108227,27.602129764448325,14.503217720206266,0.4534071358422652,
20,banheiros_por_quarto,minmax_mean_ohe,Linear,yeojohnson,430178.52873043885,277296.69447528635,36.24700794996976,23.76923597875421,0.46026329940629995,
20,banheiros_por_quarto,minmax_mean_ohe,RandomForest,yeojohnson,322954.3536975134,198297.0844063183,24.44972133798721,14.652076435008187,0.6957946992922862,
20,banheiros_por_quarto,minmax_mean_ohe,GradientBoosting,yeojohnson,312086.0736896631,197021.93090076966,24.235219637957933,16.874313476321756,0.7159248340827223,
20,banheiros_por_quarto,minmax_mean_ohe,MLP,yeojohnson,713881.9164200803,451989.09626623377,39.72268771962625,39.24025983196278,-0.48640532259160785,
21,vagas_por_metro,minmax_mean_ohe,Linear,yeojohnson,428288.37448623055,276788.7256377085,36.16967496959685,23.70563474517914,0.4649959592632579,
21,vagas_por_metro,minmax_mean_ohe,KNeighbors,yeojohnson,438618.96221267525,278760.10545454547,35.37623841512863,23.877939910143564,0.43887541640271377,
21,vagas_por_metro,minmax_mean_ohe,DecisionTree,yeojohnson,442842.4720581031,236205.10614718616,27.179455664532863,14.153118374975593,0.4280171293949634,
21,vagas_por_metro,minmax_mean_ohe,RandomForest,yeojohnson,321282.50544649095,195251.03169227976,24.227503527909104,14.072658607433446,0.6989361258726181,
21,vagas_por_metro,minmax_mean_ohe,GradientBoosting,yeojohnson,323054.100863823,196888.8420956624,24.37457882318789,16.111671238167112,0.6956067575456274,
21,vagas_por_metro,minmax_mean_ohe,MLP,yeojohnson,767590.5136701036,515169.33545048704,46.38331566320122,47.35049373306233,-0.7184768569217779,
22,quartos_por_metro,minmax_mean_ohe,DecisionTree,yeojohnson,510083.10980922775,235379.8519264069,28.331164956791135,13.691614293259791,0.24113176141467563,
22,quartos_por_metro,minmax_mean_ohe,Linear,yeojohnson,428523.5364309528,277147.50622128893,36.25446761685732,23.989582096238294,0.4644082845172117,
22,quartos_por_metro,minmax_mean_ohe,KNeighbors,yeojohnson,440805.0992260954,279629.32545454544,35.479497046947024,23.33093598770674,0.43326803352223153,
22,quartos_por_metro,minmax_mean_ohe,RandomForest,yeojohnson,320763.2220581423,194101.33574991947,23.94832870510988,14.656619762499506,0.6999085481068642,
22,quartos_por_metro,minmax_mean_ohe,GradientBoosting,yeojohnson,319299.33259983186,195679.38548811708,24.01077043106018,16.762123146339174,0.7026413943260298,
22,quartos_por_metro,minmax_mean_ohe,MLP,yeojohnson,769665.8293876977,517050.98975243507,46.57109513683027,47.74973367989145,-0.7277818265321963,
23,bairro_rank,minmax_mean_ohe,DecisionTree,yeojohnson,537798.7188416224,247705.0225974026,28.55714906359333,13.72174266538027,0.15642438598306108,
23,bairro_rank,minmax_mean_ohe,Linear,yeojohnson,428522.2098563385,277145.7528699477,36.254030195933915,23.98958209623831,0.4644116005603842,
23,bairro_rank,minmax_mean_ohe,RandomForest,yeojohnson,319588.9102876498,193593.21276547428,23.905398699002024,14.804329242169045,0.7021017911684841,
23,bairro_rank,minmax_mean_ohe,KNeighbors,yeojohnson,440882.61661957187,279677.7657142857,35.48352339019583,23.33093598770674,0.4330686916920512,
23,bairro_rank,minmax_mean_ohe,GradientBoosting,yeojohnson,312552.42873119964,194199.5574704145,23.671935208515432,16.430115824500625,0.7150752039303513,
23,bairro_rank,minmax_mean_ohe,MLP,yeojohnson,763456.8572828389,509976.9087053572,45.78567868879846,46.91802102330066,-0.7000178857740142,
24,score_educacao,minmax_mean_ohe,DecisionTree,yeojohnson,537798.7188416224,247705.0225974026,28.55714906359333,13.72174266538027,0.15642438598306108,
24,score_educacao,minmax_mean_ohe,Linear,yeojohnson,428522.2098563385,277145.7528699477,36.254030195933915,23.98958209623831,0.4644116005603842,
24,score_educacao,minmax_mean_ohe,RandomForest,yeojohnson,319588.9102876498,193593.21276547428,23.905398699002024,14.804329242169045,0.7021017911684841,
24,score_educacao,minmax_mean_ohe,KNeighbors,yeojohnson,440882.61661957187,279677.7657142857,35.48352339019583,23.33093598770674,0.4330686916920512,
24,score_educacao,minmax_mean_ohe,GradientBoosting,yeojohnson,312552.42873119964,194199.5574704145,23.671935208515432,16.430115824500625,0.7150752039303513,
24,score_educacao,minmax_mean_ohe,MLP,yeojohnson,772368.6655660066,521229.428125,47.12318545082502,48.57385236079219,-0.7399380395692423,
25,score_escola_privada,minmax_mean_ohe,Linear,yeojohnson,428522.2098563385,277145.7528699477,36.254030195933915,23.98958209623831,0.4644116005603842,
25,score_escola_privada,minmax_mean_ohe,KNeighbors,yeojohnson,440882.61661957187,279677.7657142857,35.48352339019583,23.33093598770674,0.4330686916920512,
25,score_escola_privada,minmax_mean_ohe,RandomForest,yeojohnson,319588.9102876498,193593.21276547428,23.905398699002024,14.804329242169045,0.7021017911684841,
25,score_escola_privada,minmax_mean_ohe,DecisionTree,yeojohnson,537798.7188416224,247705.0225974026,28.55714906359333,13.72174266538027,0.15642438598306108,
25,score_escola_privada,minmax_mean_ohe,GradientBoosting,yeojohnson,312552.42873119964,194199.5574704145,23.671935208515432,16.430115824500625,0.7150752039303513,
25,score_escola_privada,minmax_mean_ohe,MLP,yeojohnson,746259.8139528969,488659.08080357144,43.32248748443949,44.11697532866402,-0.6242938544505274,
1,metragem,minmax_mean_ohe,Linear,yeojohnson,494825.68297358934,339651.152285589,44.40962571331815,35.044691165608306,0.2858507973565907,
1,metragem,minmax_mean_ohe,DecisionTree,yeojohnson,470777.1163041243,282154.6202374155,35.2571314014759,24.45649964277466,0.3535794136676874,
1,metragem,minmax_mean_ohe,KNeighbors,yeojohnson,464442.90456808533,300827.4005194805,37.05869819656584,27.465029738091427,0.3708573099321857,
1,metragem,minmax_mean_ohe,RandomForest,yeojohnson,436061.00591285666,281616.0110801974,35.3203856831811,24.317331780191036,0.4454011116963359,
1,metragem,minmax_mean_ohe,GradientBoosting,yeojohnson,449238.7849761607,276736.1362971441,35.017803745077494,26.15862616955726,0.4113746278141419,
1,metragem,minmax_mean_ohe,MLP,yeojohnson,1037137.5618380044,856632.1276455966,96.20331395333773,96.4240179103877,-2.137308432135,
2,tipo_imovel,minmax_mean_ohe,Linear,yeojohnson,451341.1579974604,290157.0549586111,38.47598982761639,25.71442564841605,0.4058523718183117,
2,tipo_imovel,minmax_mean_ohe,KNeighbors,yeojohnson,402306.4645107806,249891.5553246753,30.18480742052078,20.5479195885928,0.5279385757059232,
2,tipo_imovel,minmax_mean_ohe,DecisionTree,yeojohnson,464142.1110790825,232031.8183922952,29.05854360310267,18.260837105869264,0.3716719665552901,
2,tipo_imovel,minmax_mean_ohe,GradientBoosting,yeojohnson,411689.8976592189,228730.52496675923,28.693097765269098,17.778026126845027,0.5056609594687764,
2,tipo_imovel,minmax_mean_ohe,RandomForest,yeojohnson,387747.324506906,226878.13094942717,28.305697609816576,17.90353268937854,0.5614873665979778,
2,tipo_imovel,minmax_mean_ohe,MLP,yeojohnson,999559.2554285919,811158.4660562094,89.26242092466036,89.95589730226392,-1.9140807354501703,
3,tem_elevador,minmax_mean_ohe,DecisionTree,yeojohnson,464076.81694422744,229161.98784172357,28.91007382777733,18.07967313585291,0.37184873676705166,
3,tem_elevador,minmax_mean_ohe,Linear,yeojohnson,450857.8115397642,289220.12263660395,38.283197209628334,25.544767060720474,0.40712424953036896,
3,tem_elevador,minmax_mean_ohe,KNeighbors,yeojohnson,393010.620092663,241229.36025974026,29.008518523237033,18.742088607594937,0.5495017974225902,
3,tem_elevador,minmax_mean_ohe,RandomForest,yeojohnson,387479.5292767782,223383.81417088394,27.999535844470653,17.684078320888187,0.5620928693698315,
3,tem_elevador,minmax_mean_ohe,GradientBoosting,yeojohnson,396953.10550858296,224532.40209613202,28.282653571813427,18.017157325942204,0.5404181193377207,
3,tem_elevador,minmax_mean_ohe,MLP,yeojohnson,967875.9088173533,771759.0874797078,83.20004204353624,84.31359530883216,-1.7322714885209298,
4,banheiros,minmax_mean_ohe,DecisionTree,yeojohnson,462845.0233466514,219468.77090863412,26.59122556519135,15.523877734023927,0.3751789002004645,
4,banheiros,minmax_mean_ohe,Linear,yeojohnson,439644.60367989336,285710.7574754053,37.94182638571979,26.393287948359024,0.43624814506355314,
4,banheiros,minmax_mean_ohe,KNeighbors,yeojohnson,404392.995963659,236745.86311688312,28.34993842207799,20.3739903477261,0.5230292573892432,
4,banheiros,minmax_mean_ohe,RandomForest,yeojohnson,394430.9720636355,213599.09777753468,25.996635945742497,16.414742726839957,0.5462396857925578,
4,banheiros,minmax_mean_ohe,GradientBoosting,yeojohnson,374766.0979789698,213745.81745173002,26.0635434760914,17.37937542086641,0.5903574282736341,
4,banheiros,minmax_mean_ohe,MLP,yeojohnson,959657.7051973782,762446.2195819805,81.8848005408946,83.12664683159723,-1.6860692148814702,
5,quartos,minmax_mean_ohe,MLP,yeojohnson,,,,,,timeout
5,quartos,minmax_mean_ohe,DecisionTree,yeojohnson,456106.0020195242,204464.37593741695,24.496447342731756,12.052697615839383,0.3932412266649392,
5,quartos,minmax_mean_ohe,GradientBoosting,yeojohnson,381435.7477888515,211078.57153917823,25.435255126194285,17.758478420902925,0.575647002090973,
5,quartos,minmax_mean_ohe,RandomForest,yeojohnson,390413.37055391766,205547.68148550048,24.583197811551162,15.015795502129933,0.5554364463762212,
5,quartos,minmax_mean_ohe,KNeighbors,yeojohnson,401208.8189161286,240787.14545454545,28.132572430643936,19.919353859233617,0.5305109891497015,
5,quartos,minmax_mean_ohe,Linear,yeojohnson,,,,,,timeout
6,vagas,minmax_mean_ohe,KNeighbors,yeojohnson,384248.19423559,224989.4342857143,26.5996367166967,18.30089485458613,0.5693661539831352,
6,vagas,minmax_mean_ohe,RandomForest,yeojohnson,373106.63721061556,194965.57483773943,23.877127191150045,14.052434323097243,0.5939771833046368,
6,vagas,minmax_mean_ohe,Linear,yeojohnson,438580.1888077941,285705.56516435,37.96889785537401,26.168693714366643,0.4389746175358563,
6,vagas,minmax_mean_ohe,GradientBoosting,yeojohnson,349210.41778280074,203791.47837579358,25.214627461895965,16.53484330386768,0.6443204690303019,
6,vagas,minmax_mean_ohe,DecisionTree,yeojohnson,443903.72293681494,190981.14979334155,22.954032560290834,10.0,0.425272385128422,
6,vagas,minmax_mean_ohe,MLP,yeojohnson,907608.2779701948,698509.6934862013,72.31818286483805,74.29136367177638,-1.4025995238314062,
7,score_parque,minmax_mean_ohe,Linear,yeojohnson,438593.8067363809,285697.54962926824,37.95970828974838,26.200897085018692,0.43893977728360656,
7,score_parque,minmax_mean_ohe,DecisionTree,yeojohnson,408391.36467888916,214236.68777056277,25.708332119173132,12.786095336430908,0.5135506907165791,
7,score_parque,minmax_mean_ohe,GradientBoosting,yeojohnson,330859.9300301332,199670.20199033374,24.62963844630055,16.837625168648856,0.6807191747944047,
7,score_parque,minmax_mean_ohe,RandomForest,yeojohnson,342895.3303174743,198289.17186597508,24.458190154034206,14.858906664819777,0.6570683005869362,
7,score_parque,minmax_mean_ohe,KNeighbors,yeojohnson,372466.1009150785,234203.03246753247,28.249389700636534,19.401126187245588,0.5953700779008813,
7,score_parque,minmax_mean_ohe,MLP,yeojohnson,,,,,,timeout
8,bairro,minmax_mean_ohe,RandomForest,yeojohnson,335348.5515574965,195394.617600838,23.81568130249106,14.745162455403987,0.6719973444304892,
8,bairro,minmax_mean_ohe,DecisionTree,yeojohnson,383993.86734561186,211493.28214285715,25.57239876168139,13.159596300357034,0.5699360227460166,
8,bairro,minmax_mean_ohe,Linear,yeojohnson,431679.7269846357,283726.60650507535,37.607661281216394,25.866832162818888,0.45648967747826696,
8,bairro,minmax_mean_ohe,KNeighbors,yeojohnson,380502.26639805053,237917.85246753247,29.528415892777073,19.720957660101426,0.5777214846906142,
8,bairro,minmax_mean_ohe,GradientBoosting,yeojohnson,313407.0696651781,194709.1356627547,24.061017216330377,16.89054425453993,0.7135148812763441,
8,bairro,minmax_mean_ohe,MLP,yeojohnson,839940.598576791,610595.8610998377,59.16099601769448,62.2259002154592,-1.057698007036437,
9,metro_quadrado_bairro_mean,minmax_mean_ohe,DecisionTree,yeojohnson,440251.5933485673,234790.6286796537,28.127105532266423,14.866991370292887,0.4346903969644804,
9,metro_quadrado_bairro_mean,minmax_mean_ohe,KNeighbors,yeojohnson,387825.23843345506,239266.25454545455,29.50445213648572,19.720957660101426,0.5613111194822331,
9,metro_quadrado_bairro_mean,minmax_mean_ohe,RandomForest,yeojohnson,334998.5318024622,194762.24704813145,23.76171766196105,14.296912099147347,0.6726816920655339,
9,metro_quadrado_bairro_mean,minmax_mean_ohe,GradientBoosting,yeojohnson,324250.1018359638,196060.2924789387,23.713419884317965,16.346449836300287,0.6933487548840331,
9,metro_quadrado_bairro_mean,minmax_mean_ohe,Linear,yeojohnson,431769.61774370575,283843.15645712253,37.636737819640864,25.866832162819474,0.4562632983401326,
9,metro_quadrado_bairro_mean,minmax_mean_ohe,MLP,yeojohnson,860456.5348292716,638949.857711039,63.52743210561277,66.05752171786052,-1.1594460805768971,
10,score_escola_publica,minmax_mean_ohe,DecisionTree,yeojohnson,389372.330070186,218241.37435064936,26.56444266209823,12.5,0.5578041502010223,
10,score_escola_publica,minmax_mean_ohe,Linear,yeojohnson,432118.40094615583,283697.2075469557,37.5855868088809,26.00886986684011,0.4553844832575302,
10,score_escola_publica,minmax_mean_ohe,KNeighbors,yeojohnson,391766.5474111388,246024.35896103896,30.44314900708653,20.26907894736842,0.5523493818074715,
10,score_escola_publica,minmax_mean_ohe,RandomForest,yeojohnson,318468.45868803666,192715.56653864717,23.461975560625177,14.632371566304517,0.7041869412521319,
10,score_escola_publica,minmax_mean_ohe,GradientBoosting,yeojohnson,315068.659778749,190344.60865038255,23.149716939527615,15.004331429518897,0.7104691127096017,
10,score_escola_publica,minmax_mean_ohe,MLP,yeojohnson,835317.5669038132,604994.9301542208,58.451671940008595,61.3985459873859,-1.0351092100433408,
11,score_mercado,minmax_mean_ohe,Linear,yeojohnson,432727.0604208702,282613.44097693975,37.509910095775425,25.225259783609598,0.45384916863011904,
11,score_mercado,minmax_mean_ohe,DecisionTree,yeojohnson,423503.74366064626,228754.68863636363,27.647397470394715,12.54341163968956,0.47688280266120364,
11,score_mercado,minmax_mean_ohe,KNeighbors,yeojohnson,401838.56795594894,248048.21038961038,30.51339875286346,20.3375,0.5290359852200349,
11,score_mercado,minmax_mean_ohe,RandomForest,yeojohnson,327589.681181026,198473.27743960117,24.263270912039143,14.916278359473495,0.6869995824913787,
11,score_mercado,minmax_mean_ohe,GradientBoosting,yeojohnson,323706.39448385034,195317.85392377691,23.787189788429725,16.079145872930052,0.6943762873296777,
11,score_mercado,minmax_mean_ohe,MLP,yeojohnson,868763.9226120631,648911.1131899351,65.04490987983456,67.87604792165045,-1.2013446638576157,
12,score_farmacia,minmax_mean_ohe,KNeighbors,yeojohnson,402994.4274372998,248327.29714285716,30.598037885902446,20.440506329113923,0.5263227009154665,
12,score_farmacia,minmax_mean_ohe,Linear,yeojohnson,432744.5537557777,282376.0045680173,37.477372677506935,25.30838609942886,0.4538050105758116,
12,score_farmacia,minmax_mean_ohe,DecisionTree,yeojohnson,504451.1050091675,241255.69751082253,29.888700695753716,14.528508771929827,0.25779710241390186,
12,score_farmacia,minmax_mean_ohe,GradientBoosting,yeojohnson,352573.82100386947,201707.0516716837,24.93378322568321,17.125328436501214,0.6374360541260955,
12,score_farmacia,minmax_mean_ohe,RandomForest,yeojohnson,332645.0636759092,197908.68192286376,24.59019136207842,14.413883091583868,0.6772645616471816,
12,score_farmacia,minmax_mean_ohe,MLP,yeojohnson,859641.2325246134,636265.6712053572,63.12576750372774,65.84160090965811,-1.1553557699337498,
13,score_hospitais,minmax_mean_ohe,DecisionTree,yeojohnson,465184.61626299133,228011.80746753246,29.12059788637866,14.899737380931183,0.36884623344203726,
13,score_hospitais,minmax_mean_ohe,KNeighbors,yeojohnson,402359.8231167745,248112.0883116883,30.651337723095818,20.053181867674745,0.5278133467465805,
13,score_hospitais,minmax_mean_ohe,Linear,yeojohnson,432322.311496355,282332.1405478087,37.48361631562915,25.193311604952108,0.4548703692945246,
13,score_hospitais,minmax_mean_ohe,RandomForest,yeojohnson,335253.8890006259,198948.85341681165,24.648653379554304,14.740330432189348,0.6721824961929707,
13,score_hospitais,minmax_mean_ohe,GradientBoosting,yeojohnson,347322.68852892343,201859.84231542883,24.80439447116172,16.185102922764948,0.6481554742511102,
13,score_hospitais,minmax_mean_ohe,MLP,yeojohnson,873532.3006592421,654473.036038961,65.90375963608274,68.46897640204048,-1.2255759890056006,
14,score_seguranca,minmax_mean_ohe,DecisionTree,yeojohnson,498845.90911323467,242372.71612554116,30.040066907154202,15.364265364265364,0.2741994044644418,
14,score_seguranca,minmax_mean_ohe,Linear,yeojohnson,431850.05110513157,281876.5114831373,37.41797554737992,24.86117677574114,0.45606069657079307,
14,score_seguranca,minmax_mean_ohe,KNeighbors,yeojohnson,400933.3005194722,247559.44779220782,30.619469993357782,20.013333333333332,0.5311555833798294,
14,score_seguranca,minmax_mean_ohe,GradientBoosting,yeojohnson,351693.0656292797,200715.5106638778,24.674107760235273,16.78456583254177,0.6392452144769265,
14,score_seguranca,minmax_mean_ohe,RandomForest,yeojohnson,334218.0179216692,199518.54016769727,24.64493775220615,14.690361684993224,0.6742051546537027,
14,score_seguranca,minmax_mean_ohe,MLP,yeojohnson,809234.9107426109,569080.3667207792,53.59546260496819,56.1336785632381,-0.910001509261396,
15,lng,minmax_mean_ohe,Linear,yeojohnson,431826.7984488106,281844.96975826146,37.418635860157785,24.974123293605498,0.45611927103726635,
15,lng,minmax_mean_ohe,KNeighbors,yeojohnson,401457.08697552764,247640.14129870132,30.601837302541817,19.966250000000002,0.5299297696772705,
15,lng,minmax_mean_ohe,DecisionTree,yeojohnson,509585.17716975685,240296.61201298703,29.345642055364312,14.093425605536334,0.24261262139861473,
15,lng,minmax_mean_ohe,RandomForest,yeojohnson,336484.30651689676,198255.30572958852,24.658411136387056,14.49679006416629,0.6697718302157148,
15,lng,minmax_mean_ohe,GradientBoosting,yeojohnson,340299.51938330603,201676.65066129193,24.970650987819898,16.3273679396933,0.6622408200239366,
15,lng,minmax_mean_ohe,MLP,yeojohnson,730943.3279634482,471046.90243506496,41.78761831328408,42.50180482144433,-0.5583029849350667,
16,valor_bairro_mean,minmax_mean_ohe,DecisionTree,yeojohnson,506659.3654724941,243995.59707792208,29.60424791175792,15.364265364265364,0.2512848174704235,
16,valor_bairro_mean,minmax_mean_ohe,KNeighbors,yeojohnson,401181.01868299406,247538.62545454546,30.618484557991586,19.966250000000002,0.5305760497921874,
16,valor_bairro_mean,minmax_mean_ohe,Linear,yeojohnson,431876.0557845377,281904.47582032473,37.43348125708569,24.974123293605434,0.45599518590083243,
16,valor_bairro_mean,minmax_mean_ohe,RandomForest,yeojohnson,334981.59315956477,198117.5816092411,24.66188132850524,14.828524020836358,0.6727147918390297,
16,valor_bairro_mean,minmax_mean_ohe,GradientBoosting,yeojohnson,340741.7507064717,197420.68961988957,24.626807079267504,16.51798717172234,0.6613623894951247,
16,valor_bairro_mean,minmax_mean_ohe,MLP,yeojohnson,817220.4845737625,579800.5994926948,54.94947401495188,57.75600492455985,-0.9478834985492737,
17,lat,minmax_mean_ohe,DecisionTree,yeojohnson,477133.51455492654,227857.9483766234,28.207079476466923,13.096425796425798,0.33600572276384355,
17,lat,minmax_mean_ohe,KNeighbors,yeojohnson,401806.85678128677,248208.55766233764,30.74342798704962,20.0,0.5291103147345757,
17,lat,minmax_mean_ohe,RandomForest,yeojohnson,325896.62247060233,196859.07016149443,24.423499557762124,14.594612062595319,0.690226538153119,
17,lat,minmax_mean_ohe,Linear,yeojohnson,431844.27668397664,281878.1249619114,37.42845269830752,25.09960401817084,0.45607524288664225,
17,lat,minmax_mean_ohe,GradientBoosting,yeojohnson,329575.6955060891,196899.21464783425,24.35642239625892,16.265234736403816,0.6831929448211764,
17,lat,minmax_mean_ohe,MLP,yeojohnson,793166.5893798152,548473.5068993507,50.71206075514575,52.96408988639264,-0.8349038601441741,
18,novo_lancamento,minmax_mean_ohe,DecisionTree,yeojohnson,461482.7232563775,223968.43980519482,27.818864126928844,13.557312252964426,0.37885158168438005,
18,novo_lancamento,minmax_mean_ohe,Linear,yeojohnson,432004.673871238,280800.46856416506,37.268524637545895,25.223944373133637,0.45567111478733535,
18,novo_lancamento,minmax_mean_ohe,KNeighbors,yeojohnson,426052.1450263195,258724.50207792202,31.727939043543145,20.711737722048067,0.4705682255100797,
18,novo_lancamento,minmax_mean_ohe,RandomForest,yeojohnson,326700.6013712512,197008.13928580505,24.400943691860768,14.724171609288511,0.6886962459571133,
18,novo_lancamento,minmax_mean_ohe,GradientBoosting,yeojohnson,323222.64036268654,197021.32605712314,24.130358109941785,16.256140722760428,0.695289066689656,
18,novo_lancamento,minmax_mean_ohe,MLP,yeojohnson,742847.8848056167,485090.2635146104,43.04494874562443,43.45164436161221,-0.6094751374901488,
19,metro_quadrado_bairro_median,minmax_mean_ohe,Linear,yeojohnson,432020.9145453998,280820.6983281635,37.27357149942691,25.223944373133623,0.4556301872938813,
19,metro_quadrado_bairro_median,minmax_mean_ohe,KNeighbors,yeojohnson,426487.9593220529,258831.47428571427,31.682017051252636,20.711737722048067,0.46948454620458013,
19,metro_quadrado_bairro_median,minmax_mean_ohe,DecisionTree,yeojohnson,510526.27189609734,238474.557987013,28.60449940833832,13.760982433825719,0.2398125735574438,
19,metro_quadrado_bairro_median,minmax_mean_ohe,RandomForest,yeojohnson,327375.2026881197,197468.55824897386,24.48789192632357,15.097234321644459,0.687409301633961,
19,metro_quadrado_bairro_median,minmax_mean_ohe,GradientBoosting,yeojohnson,323993.4039634452,196768.83472766413,24.233963321450112,16.87369512093554,0.6938340935969187,
19,metro_quadrado_bairro_median,minmax_mean_ohe,MLP,yeojohnson,727248.0878790651,466775.90036525973,41.11255442137552,41.403130238266286,-0.5425869969652499,
20,banheiros_por_quarto,minmax_mean_ohe,Linear,yeojohnson,430178.52873043885,277296.69447528635,36.24700794996976,23.76923597875421,0.46026329940629995,
20,banheiros_por_quarto,minmax_mean_ohe,DecisionTree,yeojohnson,432902.141048831,235116.37725108227,27.602129764448325,14.503217720206266,0.4534071358422652,
20,banheiros_por_quarto,minmax_mean_ohe,KNeighbors,yeojohnson,435391.9818509029,268067.99896103895,32.809571769702636,22.37124350638961,0.44710158646018294,
20,banheiros_por_quarto,minmax_mean_ohe,RandomForest,yeojohnson,322954.3536975134,198297.0844063183,24.44972133798721,14.65207643500818,0.6957946992922862,
20,banheiros_por_quarto,minmax_mean_ohe,GradientBoosting,yeojohnson,312086.0736896631,197021.93090076966,24.235219637957933,16.874313476321756,0.7159248340827223,
20,banheiros_por_quarto,minmax_mean_ohe,MLP,yeojohnson,718138.9430493958,456519.121387987,40.12470249681349,39.97943121600659,-0.5041856683121666,
21,vagas_por_metro,minmax_mean_ohe,DecisionTree,yeojohnson,442842.4720581031,236205.10614718616,27.179455664532863,14.153118374975593,0.4280171293949634,
21,vagas_por_metro,minmax_mean_ohe,KNeighbors,yeojohnson,438618.96221267525,278760.10545454547,35.37623841512863,23.877939910143564,0.43887541640271377,
21,vagas_por_metro,minmax_mean_ohe,RandomForest,yeojohnson,321282.50544649095,195251.03169227982,24.227503527909104,14.072658607433446,0.6989361258726181,
21,vagas_por_metro,minmax_mean_ohe,Linear,yeojohnson,428288.37448623055,276788.7256377085,36.16967496959685,23.70563474517914,0.4649959592632579,
21,vagas_por_metro,minmax_mean_ohe,GradientBoosting,yeojohnson,323054.100863823,196888.8420956624,24.37457882318789,16.111671238167112,0.6956067575456274,
21,vagas_por_metro,minmax_mean_ohe,MLP,yeojohnson,737648.8097685267,478110.2713271104,42.15439472820173,42.64764963784966,-0.5870250510370141,
22,quartos_por_metro,minmax_mean_ohe,Linear,yeojohnson,428523.5364309528,277147.50622128893,36.25446761685732,23.989582096238294,0.4644082845172117,
22,quartos_por_metro,minmax_mean_ohe,KNeighbors,yeojohnson,440805.0992260954,279629.32545454544,35.479497046947024,23.33093598770674,0.43326803352223153,
22,quartos_por_metro,minmax_mean_ohe,DecisionTree,yeojohnson,510083.10980922775,235379.8519264069,28.331164956791135,13.691614293259791,0.24113176141467563,
22,quartos_por_metro,minmax_mean_ohe,RandomForest,yeojohnson,320763.2220581423,194101.33574991947,23.94832870510988,14.656619762499506,0.6999085481068642,
22,quartos_por_metro,minmax_mean_ohe,GradientBoosting,yeojohnson,319299.33259983186,195679.38548811708,24.01077043106018,16.762123146339174,0.7026413943260298,
22,quartos_por_metro,minmax_mean_ohe,MLP,yeojohnson,734374.0749069554,473422.8935064935,41.65701945343706,42.02660082671949,-0.5729653788439084,
23,bairro_rank,minmax_mean_ohe,KNeighbors,yeojohnson,440882.61661957187,279677.7657142857,35.48352339019583,23.33093598770674,0.4330686916920512,
23,bairro_rank,minmax_mean_ohe,Linear,yeojohnson,428522.2098563385,277145.7528699477,36.254030195933915,23.98958209623831,0.4644116005603842,
23,bairro_rank,minmax_mean_ohe,RandomForest,yeojohnson,319588.9102876498,193593.21276547428,23.905398699002024,14.804329242169045,0.7021017911684841,
23,bairro_rank,minmax_mean_ohe,DecisionTree,yeojohnson,537798.7188416224,247705.0225974026,28.55714906359333,13.72174266538027,0.15642438598306108,
23,bairro_rank,minmax_mean_ohe,GradientBoosting,yeojohnson,312552.42873119964,194199.5574704145,23.671935208515432,16.430115824500625,0.7150752039303513,
23,bairro_rank,minmax_mean_ohe,MLP,yeojohnson,712223.2057547705,449371.8595779221,39.46440266978394,38.5930035690761,-0.47950599658022686,
24,score_educacao,minmax_mean_ohe,Linear,yeojohnson,428522.2098563385,277145.7528699477,36.254030195933915,23.98958209623831,0.4644116005603842,
24,score_educacao,minmax_mean_ohe,KNeighbors,yeojohnson,440882.61661957187,279677.7657142857,35.48352339019583,23.33093598770674,0.4330686916920512,
24,score_educacao,minmax_mean_ohe,RandomForest,yeojohnson,319588.9102876498,193593.21276547428,23.905398699002024,14.804329242169045,0.7021017911684843,
24,score_educacao,minmax_mean_ohe,DecisionTree,yeojohnson,537798.7188416224,247705.0225974026,28.55714906359333,13.72174266538027,0.15642438598306108,
24,score_educacao,minmax_mean_ohe,GradientBoosting,yeojohnson,312552.42873119964,194199.5574704145,23.671935208515432,16.430115824500625,0.7150752039303513,
24,score_educacao,minmax_mean_ohe,MLP,yeojohnson,749967.8757958394,493248.5327719156,43.84363725034918,44.81723143254142,-0.6404757407938926,
25,score_escola_privada,minmax_mean_ohe,DecisionTree,yeojohnson,537798.7188416224,247705.0225974026,28.55714906359333,13.72174266538027,0.15642438598306108,
25,score_escola_privada,minmax_mean_ohe,KNeighbors,yeojohnson,440882.61661957187,279677.7657142857,35.48352339019583,23.33093598770674,0.4330686916920512,
25,score_escola_privada,minmax_mean_ohe,Linear,yeojohnson,428522.2098563385,277145.7528699477,36.254030195933915,23.98958209623831,0.4644116005603842,
25,score_escola_privada,minmax_mean_ohe,RandomForest,yeojohnson,319588.9102876498,193593.21276547428,23.905398699002024,14.804329242169045,0.7021017911684841,
25,score_escola_privada,minmax_mean_ohe,GradientBoosting,yeojohnson,312552.42873119964,194199.5574704145,23.671935208515432,16.430115824500625,0.7150752039303513,
25,score_escola_privada,minmax_mean_ohe,MLP,yeojohnson,730820.3338637195,470256.1128043831,41.38186001350412,41.691757501657825,-0.5577786051640401,
1,metragem,quantile_median_ord,DecisionTree,none,540488.1510065336,292242.8291118744,36.25716557781011,24.771477791115963,0.14796615771388533,
1,metragem,quantile_median_ord,KNeighbors,none,443845.32669643254,295156.5563636364,36.592818995696405,27.266931417710733,0.4254235878449375,
1,metragem,quantile_median_ord,Linear,none,490060.61277428153,338444.35209546686,44.3850949073252,35.06348561129291,0.29953879392536686,
1,metragem,quantile_median_ord,GradientBoosting,none,514468.53762615507,285202.462694505,35.96483332774337,26.317437887170026,0.2280269639551512,
1,metragem,quantile_median_ord,RandomForest,none,460092.09826227097,283072.61896060227,35.42484557122787,24.604919027188902,0.3825894596787559,
1,metragem,quantile_median_ord,MLP,none,1033062.5248997794,856867.8813476562,96.87948382191281,97.23744678948012,-2.112703149257154,
2,tipo_imovel,quantile_median_ord,DecisionTree,none,462839.21786829265,230817.68419316094,28.89784404890307,18.260837105869264,0.3751945743999947,
2,tipo_imovel,quantile_median_ord,KNeighbors,none,393446.0041763288,242272.88025974028,29.33568046211369,20.739828927828924,0.5485031048650792,
2,tipo_imovel,quantile_median_ord,Linear,none,445227.9704246473,287892.9092570891,37.99883446716453,25.524906155196238,0.4218382313473916,
2,tipo_imovel,quantile_median_ord,RandomForest,none,406081.9162908915,227362.12011739297,28.412624521412294,17.883383206017793,0.5190368649088442,
2,tipo_imovel,quantile_median_ord,GradientBoosting,none,451605.86775555764,231658.333918647,28.982666382129512,17.986732644756806,0.4051552370978979,
2,tipo_imovel,quantile_median_ord,MLP,none,992991.8308905925,810441.7141892074,90.12702352452033,90.6353902916207,-1.8759136456834016,
3,tem_elevador,quantile_median_ord,DecisionTree,none,463738.4773595005,227783.4510451868,28.728531080417085,17.93799533799534,0.3727643221049055,
3,tem_elevador,quantile_median_ord,Linear,none,444843.0157708876,286975.2037751728,37.817420386413026,25.69204329056286,0.42283758386026393,
3,tem_elevador,quantile_median_ord,KNeighbors,none,389875.6030714699,242319.21714285712,29.19692058232515,20.284526854219948,0.5566603141459663,
3,tem_elevador,quantile_median_ord,RandomForest,none,404819.9860960123,224557.49851586221,28.134675526657038,17.684078320888187,0.5220214787003236,
3,tem_elevador,quantile_median_ord,GradientBoosting,none,444312.48165180214,228103.07859667254,28.64317694614887,18.112185301717567,0.4242134479227555,
3,tem_elevador,quantile_median_ord,MLP,none,982986.7704289091,801731.0760661534,89.26658098316062,89.2289116115196,-1.818252078127069,
4,banheiros,quantile_median_ord,Linear,none,440388.9285438105,284486.2676499937,37.57892515974545,26.278595564943092,0.4343376486034004,
4,banheiros,quantile_median_ord,DecisionTree,none,462154.4061061342,219521.87913374236,26.52718692117608,15.426018725598528,0.37704211691204037,
4,banheiros,quantile_median_ord,RandomForest,none,406075.77589950117,215594.34779106104,26.125243628023075,16.793165103268386,0.5190514101493326,
4,banheiros,quantile_median_ord,GradientBoosting,none,439645.6834416526,218818.90886950455,26.660461721872586,17.415278502080078,0.43624537592485757,
4,banheiros,quantile_median_ord,KNeighbors,none,394886.79257906234,233125.7568831169,27.88656066241937,19.8125,0.545190311948032,
4,banheiros,quantile_median_ord,MLP,none,995833.9820238557,818787.5296530192,92.02286288249182,92.45542556423612,-1.8924001433800162,
5,quartos,quantile_median_ord,DecisionTree,none,465299.13289327023,209415.66217736746,25.19517211977241,12.68897023930581,0.3685354471586507,
5,quartos,quantile_median_ord,KNeighbors,none,406848.79081951006,240228.76675324677,28.119679705320806,19.229035907818734,0.5172185783353217,
5,quartos,quantile_median_ord,Linear,none,440774.4640808004,284678.8296204455,37.59583251334582,26.364525982612484,0.4333468044477776,
5,quartos,quantile_median_ord,RandomForest,none,401236.065430382,207813.99016596275,24.814859543700766,15.456377741767223,0.5304472199961843,
5,quartos,quantile_median_ord,GradientBoosting,none,425636.8284975763,213667.7085121003,25.706522868286463,17.65342379048955,0.4715999048420503,
5,quartos,quantile_median_ord,MLP,none,973671.2863825873,800734.586783372,90.42829248395194,91.66218999915156,-1.7650896446811855,
6,vagas,quantile_median_ord,Linear,none,440702.6737599969,284837.90587645175,37.62128998421899,26.288303607074326,0.43353137458579927,
6,vagas,quantile_median_ord,DecisionTree,none,448905.12559669616,192706.28253916718,23.44935486881452,10.72923551443049,0.4122486727433814,
6,vagas,quantile_median_ord,KNeighbors,none,379111.25654519524,221615.34103896108,26.6620429497433,18.19538670284939,0.5808033055044082,
6,vagas,quantile_median_ord,RandomForest,none,383127.70094310056,196560.77733323385,24.02995743555327,13.961395067291802,0.571874005989186,
6,vagas,quantile_median_ord,GradientBoosting,none,406988.8862289813,207595.31711003344,25.57985052082767,16.801637355338684,0.5168860365784422,
6,vagas,quantile_median_ord,MLP,none,980984.6935869154,799220.6727076543,88.88065395467471,91.13038405969584,-1.8067837422020125,
7,score_parque,quantile_median_ord,DecisionTree,none,428899.0481532602,220569.9436147186,26.70382051444204,13.22428510456679,0.4634692038330932,
7,score_parque,quantile_median_ord,Linear,none,440706.6458398187,284983.2170046496,37.64656673800471,26.29114903198723,0.4335211633078987,
7,score_parque,quantile_median_ord,KNeighbors,none,367417.16046351107,231872.0366233766,27.818027303525046,18.79326917617669,0.6062655973660109,
7,score_parque,quantile_median_ord,RandomForest,none,351345.72358426085,198967.75550722633,24.54160524480706,15.191963747437537,0.6399574459063038,
7,score_parque,quantile_median_ord,GradientBoosting,none,371169.77148389275,203156.36408908208,25.016603829668,17.01540360182948,0.5981817210709942,
7,score_parque,quantile_median_ord,MLP,none,973476.6494247646,785636.4301892763,86.44003117819611,91.27637214578455,-1.7639842719499539,
8,bairro,quantile_median_ord,DecisionTree,none,433871.29694335087,230336.85854978356,27.286059683408997,13.534599728629578,0.45095703631971107,
8,bairro,quantile_median_ord,Linear,none,440149.159658627,285134.9393920365,37.71228772571894,26.324197644681956,0.4349534284349743,
8,bairro,quantile_median_ord,KNeighbors,none,379377.1118739274,233258.32181818184,28.530051533494778,19.403243017924137,0.5802151681212158,
8,bairro,quantile_median_ord,RandomForest,none,345331.1299822659,197213.8405061159,24.245536932851344,14.435393653272321,0.6521788797111754,
8,bairro,quantile_median_ord,GradientBoosting,none,368833.9475936304,199583.68107154508,24.634027597717914,16.299609925368973,0.6032232061769947,
8,bairro,quantile_median_ord,MLP,none,809924.8112405965,578773.648047628,58.84872518160671,65.88340811790805,-0.9132595809826856,
9,metro_quadrado_bairro_mean,quantile_median_ord,Linear,none,433946.3942856058,281472.9497217964,37.013133044469775,25.178161585663823,0.45076695582361503,
9,metro_quadrado_bairro_mean,quantile_median_ord,DecisionTree,none,401965.1056730553,222581.30443722947,27.224406263987788,13.772391991570073,0.5287393283079449,
9,metro_quadrado_bairro_mean,quantile_median_ord,KNeighbors,none,392440.22509778646,237695.39818181816,29.374663621711385,19.445752379021997,0.5508085074008899,
9,metro_quadrado_bairro_mean,quantile_median_ord,RandomForest,none,340907.68079699174,195720.1260547367,23.913396253525388,14.206299425283001,0.6610324983054741,
9,metro_quadrado_bairro_mean,quantile_median_ord,GradientBoosting,none,366641.1699182206,201331.80915496303,24.491510304002503,16.263377437321015,0.6079269869812329,
9,metro_quadrado_bairro_mean,quantile_median_ord,MLP,none,743868.3819817151,527970.0899323897,57.80206693434688,59.7319592013889,-0.6139002507479181,
10,score_escola_publica,quantile_median_ord,DecisionTree,none,453873.9502161934,231713.39816017318,27.736322814735097,12.906608156943728,0.39916530216028157,
10,score_escola_publica,quantile_median_ord,Linear,none,434200.90291066794,281443.9146226807,36.96131114539003,25.720341632610534,0.4501225189050415,
10,score_escola_publica,quantile_median_ord,KNeighbors,none,385664.1703375609,237644.86181818182,29.48388700174033,19.445752379021997,0.5661864864816701,
10,score_escola_publica,quantile_median_ord,RandomForest,none,325048.5028721873,193767.65242861907,23.635718488909536,14.621284273145966,0.6918367609401148,
10,score_escola_publica,quantile_median_ord,GradientBoosting,none,354340.28913284815,196591.18222004554,24.012384143994478,15.94431582976617,0.6337939115174159,
10,score_escola_publica,quantile_median_ord,MLP,none,768195.8449259378,544115.8197635998,57.86246439129593,61.40572286581276,-0.721188349342365,
11,score_seguranca,quantile_median_ord,Linear,none,433873.1335102223,281271.7991128739,36.98567391567852,25.619790421736287,0.4509523881382831,
11,score_seguranca,quantile_median_ord,KNeighbors,none,388601.3599891473,239367.17922077922,29.652738776836113,19.491800198117883,0.5595535413500414,
11,score_seguranca,quantile_median_ord,DecisionTree,none,454131.1331682789,231132.94058441557,27.296139720024073,12.921746674378253,0.3984841957823292,
11,score_seguranca,quantile_median_ord,RandomForest,none,326325.06554336176,195247.4457969351,23.80092115281253,14.450560098119114,0.6894115095477895,
11,score_seguranca,quantile_median_ord,GradientBoosting,none,354054.64668845804,198457.1659200867,24.131893708741927,15.931608362359606,0.6343840890588286,
11,score_seguranca,quantile_median_ord,MLP,none,773386.6427490502,549122.6341853748,58.715754814863985,63.23339938339506,-0.7445275174441199,
12,lat,quantile_median_ord,DecisionTree,none,424603.90881413425,234644.83495671,27.709513387187872,15.364265364265364,0.4741613965417971,
12,lat,quantile_median_ord,Linear,none,434200.882214669,281647.3603095461,37.0502281472695,25.65895816419043,0.4501225713243866,
12,lat,quantile_median_ord,KNeighbors,none,389259.6541442479,240352.58727272725,29.848586791321523,19.687608339645955,0.5580600369904087,
12,lat,quantile_median_ord,RandomForest,none,316289.61788743205,192729.1653507914,23.720077872424955,14.496445037853428,0.7082207771340009,
12,lat,quantile_median_ord,GradientBoosting,none,318257.9201206283,193641.56373001132,23.34124674436684,16.1869624465855,0.7045779342646512,
12,lat,quantile_median_ord,MLP,none,759267.3165978594,541114.3241793149,58.95405455879583,62.74644993332205,-0.6814110662702393,
13,lng,quantile_median_ord,Linear,none,434443.044886776,280431.9169693082,36.83395905918534,25.37028030976709,0.4495090446095523,
13,lng,quantile_median_ord,DecisionTree,none,454068.2578554097,242949.621969697,28.339694184041136,15.202876219825374,0.3986507462496476,
13,lng,quantile_median_ord,RandomForest,none,318324.5475302369,194013.1817485296,23.94945990059235,14.2217013255305,0.7044542278863974,
13,lng,quantile_median_ord,KNeighbors,none,390176.3486670828,239054.96675324673,29.407426820196246,19.450133729569096,0.5559760759817971,
13,lng,quantile_median_ord,GradientBoosting,none,309941.7672027025,192192.52261173291,23.358142121503587,15.777343758971574,0.7198151168816231,
13,lng,quantile_median_ord,MLP,none,754910.2150856002,539785.0823594923,59.51723355424877,63.04566225961538,-0.6621686783349916,
14,score_mercado,quantile_median_ord,Linear,none,435640.6754776917,281027.23581832217,37.120901259394834,25.276809210897454,0.446469780695522,
14,score_mercado,quantile_median_ord,DecisionTree,none,436760.92167274444,240150.5488095238,28.430069579706124,15.26862807803006,0.44361932418335026,
14,score_mercado,quantile_median_ord,KNeighbors,none,394771.8564466953,242384.2997402597,29.63860494172591,19.580693392852034,0.545455028114892,
14,score_mercado,quantile_median_ord,RandomForest,none,321390.7693317962,197356.7469981323,24.35710355311317,14.835124296812818,0.6987331902261975,
14,score_mercado,quantile_median_ord,GradientBoosting,none,317419.50753491186,196986.17342193087,24.02912168655427,16.4439217924885,0.7061323925407519,
14,score_mercado,quantile_median_ord,MLP,none,762376.1646970224,543456.3928500485,59.31389577268499,62.898194091277574,-0.6952084550692696,
15,score_hospitais,quantile_median_ord,Linear,none,435825.67075752583,281324.58198010654,37.183746269358544,25.685461948925138,0.44599956647624184,
15,score_hospitais,quantile_median_ord,DecisionTree,none,430129.7062632333,236561.99816017319,28.28157147913727,14.682333539476398,0.46038580566942167,
15,score_hospitais,quantile_median_ord,KNeighbors,none,395176.08735340735,242360.00675324674,29.7062657682093,19.48287147235021,0.5445236790585704,
15,score_hospitais,quantile_median_ord,RandomForest,none,320950.1572260486,196893.26677681092,24.210947182892067,14.788723394517925,0.699558670138013,
15,score_hospitais,quantile_median_ord,GradientBoosting,none,316617.91921502165,198233.85791418908,24.09561973332308,16.456741659519185,0.7076147425663344,
15,score_hospitais,quantile_median_ord,MLP,none,743407.9427044567,533495.149580522,60.428780337770725,62.35891683355057,-0.6119029267582592,
16,valor_bairro_mean,quantile_median_ord,KNeighbors,none,396060.97759124165,243074.48077922076,29.82121275057966,19.48287147235021,0.5424815625445076,
16,valor_bairro_mean,quantile_median_ord,Linear,none,434691.0003513549,280913.44064111076,37.08600943955329,25.276536103269237,0.44888048722030993,
16,valor_bairro_mean,quantile_median_ord,DecisionTree,none,424973.4204877181,234402.33084415583,27.858957634504165,14.962969030935458,0.4732457759141816,
16,valor_bairro_mean,quantile_median_ord,GradientBoosting,none,325391.4050685291,198291.1336090547,23.864274289133032,16.955760963111725,0.6911862390178725,
16,valor_bairro_mean,quantile_median_ord,RandomForest,none,320702.60699889716,196679.91380943602,24.23504401975171,14.911398556031102,0.7000219547643891,
16,valor_bairro_mean,quantile_median_ord,MLP,none,805949.3451010697,575046.2256078151,58.91881470341331,63.85171144480519,-0.8945234426618063,
17,score_farmacia,quantile_median_ord,DecisionTree,none,512564.54568475106,245955.71266233767,29.42301917703381,14.962969030935458,0.2337303665589856,
17,score_farmacia,quantile_median_ord,KNeighbors,none,401321.0057095037,244851.23844155847,30.100408340246954,19.512187878787877,0.5302483935731447,
17,score_farmacia,quantile_median_ord,Linear,none,434572.2622819787,280976.6139574482,36.98899077510907,25.400788787923517,0.4491815283249547,
17,score_farmacia,quantile_median_ord,RandomForest,none,325399.11248228274,197090.98263155625,24.34486373035422,14.791844194407805,0.691171609352918,
17,score_farmacia,quantile_median_ord,GradientBoosting,none,322720.0432714536,198400.18514052374,24.248781825954556,16.407228109614202,0.6962359543226595,
17,score_farmacia,quantile_median_ord,MLP,none,734241.5330825573,522954.41303328477,59.54602657451481,58.27939806329423,-0.5723976439679148,
18,metro_quadrado_bairro_median,quantile_median_ord,Linear,none,434590.9779562742,281043.67051230156,37.00075133807816,25.444960821274677,0.4491340832301177,
18,metro_quadrado_bairro_median,quantile_median_ord,KNeighbors,none,401384.66448010923,244284.07844155843,29.933694877622123,19.512187878787877,0.530099354868234,
18,metro_quadrado_bairro_median,quantile_median_ord,RandomForest,none,328109.4616841405,197661.98570436935,24.400956337263125,14.454146783451327,0.6860055305193332,
18,metro_quadrado_bairro_median,quantile_median_ord,DecisionTree,none,428360.814870937,232423.66590909092,27.595755190051634,15.116906663313001,0.4648149635677794,
18,metro_quadrado_bairro_median,quantile_median_ord,GradientBoosting,none,327998.49161037296,199398.72473716974,24.29056442375174,16.401477195143183,0.686217887072296,
18,metro_quadrado_bairro_median,quantile_median_ord,MLP,none,724033.2464148087,516404.86282495275,59.90550357154327,57.31703627377877,-0.5289789543442414,
19,novo_lancamento,quantile_median_ord,KNeighbors,none,405220.43724951823,245523.27298701298,29.942917063810455,19.401241069793006,0.5210753706647921,
19,novo_lancamento,quantile_median_ord,Linear,none,434902.423136141,280407.28090693185,36.89366115920316,25.830089497085183,0.44834425546920764,
19,novo_lancamento,quantile_median_ord,DecisionTree,none,535686.9183152199,251304.41145021646,29.851451476986153,15.384615384615385,0.16303639781454782,
19,novo_lancamento,quantile_median_ord,GradientBoosting,none,325652.75706383423,199445.99922361205,24.216980043237957,16.546088053142327,0.6906899658906235,
19,novo_lancamento,quantile_median_ord,RandomForest,none,325063.20056657837,197218.98112999322,24.36027231319623,14.958076208616362,0.6918088919207501,
19,novo_lancamento,quantile_median_ord,MLP,none,739973.3824791951,528696.5770004966,60.19332058840925,58.45020441176471,-0.5970432817809186,
20,banheiros_por_quarto,quantile_median_ord,KNeighbors,none,410601.6942860701,250017.84779220776,30.632989450491348,19.678203950931223,0.5082708386762829,
20,banheiros_por_quarto,quantile_median_ord,Linear,none,436988.26300893066,280083.6521830719,36.62588256609539,25.68714521685828,0.4430399626167324,
20,banheiros_por_quarto,quantile_median_ord,DecisionTree,none,495816.5823209222,233417.4025757576,28.13783746139421,14.03125,0.28298773448205083,
20,banheiros_por_quarto,quantile_median_ord,RandomForest,none,322886.83617529727,197100.54754335852,24.401427843809735,14.790831693001975,0.6959218816072514,
20,banheiros_por_quarto,quantile_median_ord,GradientBoosting,none,325738.0401172817,201701.51120205803,24.965873862445385,16.58124117220998,0.6905279383462704,
20,banheiros_por_quarto,quantile_median_ord,MLP,none,721440.214128914,515619.2225271052,60.04644401270763,57.330243086040376,-0.5180468810040253,
21,vagas_por_metro,quantile_median_ord,Linear,none,433871.0439861838,280640.9459264429,36.90627827056224,25.24207811499823,0.4509576765294375,
21,vagas_por_metro,quantile_median_ord,DecisionTree,none,534968.3727959852,256336.90744588745,30.246628476971683,15.44439260512043,0.16528022002843,
21,vagas_por_metro,quantile_median_ord,RandomForest,none,322713.70096139924,195938.95896028198,24.24982039895744,14.314453084160462,0.6962478937535697,
21,vagas_por_metro,quantile_median_ord,GradientBoosting,none,317829.6875700531,197522.27357153493,24.431418388782426,17.180778583084535,0.7053724108464958,
21,vagas_por_metro,quantile_median_ord,KNeighbors,none,418558.98904064455,256772.79662337663,31.55862570619471,20.483484162895927,0.4890271360809151,
21,vagas_por_metro,quantile_median_ord,MLP,none,725765.9836377271,520466.2454735298,61.268805211217995,57.18663463755329,-0.536305935253409,
22,quartos_por_metro,quantile_median_ord,KNeighbors,none,416664.6679795534,258652.6696103896,32.312884034403396,19.93074112828662,0.4936418083670855,
22,quartos_por_metro,quantile_median_ord,Linear,none,430651.06615612766,279524.5155599444,36.78722893300862,25.507487993666306,0.45907688095977994,
22,quartos_por_metro,quantile_median_ord,DecisionTree,none,477985.20899091003,243825.50787878787,27.287512573314064,14.747395833333332,0.33363311657470607,
22,quartos_por_metro,quantile_median_ord,GradientBoosting,none,308108.6463583166,193269.81205395755,23.81446145996441,16.5218486933228,0.7231195691823502,
22,quartos_por_metro,quantile_median_ord,RandomForest,none,321739.17659805395,194878.05254942458,23.956127585011348,14.80970110872224,0.698079652856223,
22,quartos_por_metro,quantile_median_ord,MLP,none,715463.1424132464,512666.42517470324,60.564399965731894,56.493848529527966,-0.4929972971071648,
23,bairro_rank,quantile_median_ord,DecisionTree,none,453038.3098338754,240047.39294372295,27.471319100099574,14.987309644670049,0.4013756935599715,
23,bairro_rank,quantile_median_ord,KNeighbors,none,416860.51304889866,258148.9555844156,32.07735181902307,19.93074112828662,0.4931656889900059,
23,bairro_rank,quantile_median_ord,Linear,none,432298.01511853054,280579.6229962019,36.951857040009806,25.554451981757587,0.4549316398000962,
23,bairro_rank,quantile_median_ord,RandomForest,none,318788.7725626938,193461.08066096413,23.81187537907881,15.082543483684377,0.7035915876120478,
23,bairro_rank,quantile_median_ord,GradientBoosting,none,310307.0637048647,193652.33915121594,23.89083000188931,16.27899507791946,0.7191542774360262,
23,bairro_rank,quantile_median_ord,MLP,none,732272.5969513296,522848.82560664584,59.90223344385191,58.31012164530948,-0.5639758934766752,
24,score_educacao,quantile_median_ord,DecisionTree,none,453038.3098338754,240047.39294372295,27.471319100099574,14.987309644670049,0.4013756935599715,
24,score_educacao,quantile_median_ord,Linear,none,432298.01511853054,280579.6229962019,36.951857040009806,25.554451981757587,0.4549316398000962,
24,score_educacao,quantile_median_ord,RandomForest,none,318788.7725626938,193461.08066096413,23.81187537907881,15.082543483684377,0.7035915876120478,
24,score_educacao,quantile_median_ord,KNeighbors,none,416860.51304889866,258148.9555844156,32.07735181902307,19.93074112828662,0.4931656889900059,
24,score_educacao,quantile_median_ord,GradientBoosting,none,310307.0637048647,193652.33915121594,23.89083000188931,16.27899507791946,0.7191542774360262,
24,score_educacao,quantile_median_ord,MLP,none,715455.2570570245,513324.26215655834,60.91820746323343,56.157407121023,-0.4929643876532679,
25,score_escola_privada,quantile_median_ord,KNeighbors,none,416860.51304889866,258148.9555844156,32.07735181902307,19.93074112828662,0.4931656889900059,
25,score_escola_privada,quantile_median_ord,Linear,none,432298.01511853054,280579.6229962019,36.951857040009806,25.554451981757587,0.4549316398000962,
25,score_escola_privada,quantile_median_ord,DecisionTree,none,453038.3098338754,240047.39294372295,27.471319100099574,14.987309644670049,0.4013756935599715,
25,score_escola_privada,quantile_median_ord,RandomForest,none,318788.7725626938,193461.08066096413,23.81187537907881,15.082543483684386,0.7035915876120478,
25,score_escola_privada,quantile_median_ord,GradientBoosting,none,310307.0637048647,193652.33915121594,23.89083000188931,16.27899507791946,0.7191542774360262,
25,score_escola_privada,quantile_median_ord,MLP,none,717417.7067079884,515058.25069516664,60.92174470768765,56.45611815417374,-0.5011658387862981,
1,metragem,quantile_median_ord,DecisionTree,log,539504.2804753163,291179.19274823804,36.20088852153306,24.60362571881052,0.151065311697005,
1,metragem,quantile_median_ord,Linear,log,490051.71095657296,338438.27573058364,44.38366650954511,35.06302569656522,0.299564241068736,
1,metragem,quantile_median_ord,RandomForest,log,459828.4226125674,282797.24268491723,35.41470713340685,24.604919027188902,0.3832969244550132,
1,metragem,quantile_median_ord,KNeighbors,log,443861.23449205206,295281.7511688312,36.62193842124439,27.266931417710733,0.42538240048808307,
1,metragem,quantile_median_ord,GradientBoosting,log,514158.78311151464,284712.7799985609,35.93892419039183,26.286608605544902,0.2289562730557827,
1,metragem,quantile_median_ord,MLP,log,1017442.2810847785,841741.1647349965,95.03216567660819,95.55177078061237,-2.0192846061371457,
2,tipo_imovel,quantile_median_ord,Linear,log,445215.9907944175,287886.50284225924,37.99728826555891,25.52493526967282,0.4218693438177723,
2,tipo_imovel,quantile_median_ord,DecisionTree,log,462839.21786829265,230817.68419316094,28.89784404890307,18.260837105869264,0.3751945743999947,
2,tipo_imovel,quantile_median_ord,KNeighbors,log,393446.0041763288,242272.88025974028,29.33568046211369,20.739828927828924,0.5485031048650792,
2,tipo_imovel,quantile_median_ord,RandomForest,log,406105.0666957692,227387.70453297743,28.413787449393404,17.883383206017793,0.5189820246992898,
2,tipo_imovel,quantile_median_ord,GradientBoosting,log,449453.0945978114,230930.8608848475,28.944175745420548,17.986732644756806,0.4108128857093446,
2,tipo_imovel,quantile_median_ord,MLP,log,994144.5262228358,812394.3549053638,90.49650562757479,91.162671305956,-1.8825944183528516,
3,banheiros,quantile_median_ord,DecisionTree,log,441539.4003547436,217325.57577173726,26.767160349772457,15.63018597997139,0.43137831609352295,
3,banheiros,quantile_median_ord,Linear,log,440812.51181973174,285495.7394722024,37.77066095248201,26.55980013265279,0.43324897299367937,
3,banheiros,quantile_median_ord,KNeighbors,log,400504.82006308745,237262.12805194804,28.109051746744502,19.627314814814817,0.5321571630573282,
3,banheiros,quantile_median_ord,RandomForest,log,405263.70436079893,217393.30465846937,26.450664443793126,16.996821667786953,0.5209730915613766,
3,banheiros,quantile_median_ord,GradientBoosting,log,425591.76686086104,216196.0043210157,26.515481217779012,17.69544087777305,0.47171178102914924,
3,banheiros,quantile_median_ord,MLP,log,997003.020152176,819163.1170138272,91.94075530058726,93.14277363189933,-1.8991950727135247,
4,tem_elevador,quantile_median_ord,DecisionTree,log,462154.4061061342,219521.87913374236,26.52718692117608,15.426018725598528,0.37704211691204037,
4,tem_elevador,quantile_median_ord,KNeighbors,log,394886.79257906234,233125.7568831169,27.88656066241937,19.8125,0.545190311948032,
4,tem_elevador,quantile_median_ord,Linear,log,440375.42249132995,284480.17456548184,37.577632038214546,26.27823247110679,0.43437234406351577,
4,tem_elevador,quantile_median_ord,RandomForest,log,406075.77589950117,215594.34779106107,26.125243628023075,16.793165103268386,0.5190514101493326,
4,tem_elevador,quantile_median_ord,GradientBoosting,log,439736.51664258866,219128.16640173196,26.676824554265576,17.415278502080078,0.4360124022878362,
4,tem_elevador,quantile_median_ord,MLP,log,963658.2911527285,786696.9455942328,88.12630919043511,88.88829845906474,-1.7085110692484018,
5,quartos,quantile_median_ord,Linear,log,440758.68168035673,284671.5849377603,37.59443204046409,26.35962286695927,0.43338738296701684,
5,quartos,quantile_median_ord,DecisionTree,log,465299.13289327023,209415.66217736746,25.19517211977241,12.68897023930581,0.3685354471586507,
5,quartos,quantile_median_ord,RandomForest,log,401236.065430382,207813.99016596275,24.81485954370076,15.456377741767241,0.5304472199961843,
5,quartos,quantile_median_ord,KNeighbors,log,405030.33831422287,239475.52000000002,28.089549835190937,19.229035907818734,0.5215246160555944,
5,quartos,quantile_median_ord,GradientBoosting,log,425706.416409887,213764.0984840178,25.711622866800614,17.669639361570834,0.4714271130964435,
5,quartos,quantile_median_ord,MLP,log,980400.9574725742,805863.504175855,90.78329965486223,91.85328472222223,-1.8034443760039887,
6,vagas,quantile_median_ord,Linear,log,440686.79972262925,284831.3131469043,37.61997921272357,26.288818340451105,0.4335721820631079,
6,vagas,quantile_median_ord,DecisionTree,log,448905.12559669616,192706.28253916718,23.44935486881452,10.72923551443049,0.4122486727433814,
6,vagas,quantile_median_ord,KNeighbors,log,379111.25654519524,221615.34103896108,26.6620429497433,18.19538670284939,0.5808033055044082,
6,vagas,quantile_median_ord,RandomForest,log,383127.70094310056,196560.77733323385,24.02995743555327,13.961395067291802,0.571874005989186,
6,vagas,quantile_median_ord,GradientBoosting,log,406988.8862289813,207595.31711003344,25.57985052082767,16.801637355338684,0.5168860365784422,
6,vagas,quantile_median_ord,MLP,log,988381.4773005422,807930.5454388506,90.09874327286478,92.02004189177559,-1.84927052861471,
7,score_parque,quantile_median_ord,DecisionTree,log,428899.0481532602,220569.9436147186,26.70382051444204,13.22428510456679,0.4634692038330932,
7,score_parque,quantile_median_ord,Linear,log,440690.7368876323,284976.2784738878,37.64519086847373,26.29146366440213,0.43356206090792426,
7,score_parque,quantile_median_ord,KNeighbors,log,367417.16046351107,231872.0366233766,27.818027303525046,18.79326917617669,0.6062655973660109,
7,score_parque,quantile_median_ord,GradientBoosting,log,371169.77148389275,203156.36408908208,25.016603829668,17.01540360182948,0.5981817210709942,
7,score_parque,quantile_median_ord,RandomForest,log,351345.72358426085,198967.75550722633,24.54160524480706,15.191963747437537,0.6399574459063038,
7,score_parque,quantile_median_ord,MLP,log,923495.2949609061,728168.2341316123,78.87872579313063,85.70197402777778,-1.4874471624755046,
8,bairro,quantile_median_ord,Linear,log,440133.19804978295,285127.76412831136,37.710868570279956,26.323982927348546,0.4349944094916104,
8,bairro,quantile_median_ord,DecisionTree,log,433871.29694335087,230336.85854978356,27.286059683408997,13.534599728629578,0.45095703631971107,
8,bairro,quantile_median_ord,KNeighbors,log,379377.1118739274,233258.32181818184,28.530051533494778,19.403243017924137,0.5802151681212158,
8,bairro,quantile_median_ord,GradientBoosting,log,368843.55619937635,199603.55335460693,24.63507904126616,16.299609925368973,0.6032025328009901,
8,bairro,quantile_median_ord,RandomForest,log,345331.1299822659,197213.8405061159,24.24553693285134,14.435393653272321,0.6521788797111754,
8,bairro,quantile_median_ord,MLP,log,752325.5082124955,533599.1721880033,57.724033889257356,60.62574083895853,-0.6508060980025787,
9,score_escola_publica,quantile_median_ord,Linear,log,439840.4733343914,285127.1684887295,37.731200113205816,26.267269091519786,0.43574570978923755,
9,score_escola_publica,quantile_median_ord,DecisionTree,log,436320.7791138549,230473.59253246753,27.158658039217325,13.150240245596805,0.44474013610033025,
9,score_escola_publica,quantile_median_ord,KNeighbors,log,374021.52177022136,232047.14987012983,28.497901248043593,19.37906976744186,0.5919835471850712,
9,score_escola_publica,quantile_median_ord,RandomForest,log,333206.56860286713,197034.62758496497,23.97901987556503,14.932740881924673,0.6761740871074202,
9,score_escola_publica,quantile_median_ord,GradientBoosting,log,353455.2125477364,199647.0655409755,24.403563534872568,16.633332338501102,0.6356210570477673,
9,score_escola_publica,quantile_median_ord,MLP,log,786962.7258586263,557892.2415511886,57.931269200531744,63.16398936795113,-0.8063122011356036,
10,metro_quadrado_bairro_mean,quantile_median_ord,Linear,log,434184.46635437617,281436.40478093433,36.95999939924551,25.721325405695914,0.4501641490400493,
10,metro_quadrado_bairro_mean,quantile_median_ord,KNeighbors,log,385664.1703375609,237644.86181818182,29.48388700174033,19.445752379021997,0.5661864864816701,
10,metro_quadrado_bairro_mean,quantile_median_ord,DecisionTree,log,453882.4149225776,231713.39816017318,27.74134380708089,12.906608156943728,0.3991428909303534,
10,metro_quadrado_bairro_mean,quantile_median_ord,GradientBoosting,log,356217.4554080534,196878.85047608716,24.021257530607855,15.923919371219947,0.6299035800094417,
10,metro_quadrado_bairro_mean,quantile_median_ord,RandomForest,log,324025.8536864395,193418.072255699,23.606705236097945,14.717285531217767,0.693772762123784,
10,metro_quadrado_bairro_mean,quantile_median_ord,MLP,log,756129.8071813759,536145.3155923224,57.934319978034544,59.32674917020453,-0.6675436361318026,
11,score_seguranca,quantile_median_ord,DecisionTree,log,454534.713126073,231906.8814935065,27.238668144832666,12.709172259507831,0.39741460343898183,
11,score_seguranca,quantile_median_ord,Linear,log,433856.99404604937,281264.56034716894,36.984400145196155,25.62424452191739,0.45099323496083077,
11,score_seguranca,quantile_median_ord,KNeighbors,log,388601.3599891473,239367.17922077922,29.652738776836113,19.491800198117883,0.5595535413500414,
11,score_seguranca,quantile_median_ord,RandomForest,log,325579.75637255085,195115.75140091425,23.766206449127843,14.60369590292672,0.6908286247227066,
11,score_seguranca,quantile_median_ord,GradientBoosting,log,352489.94869466935,198114.3918581183,24.096170028422506,16.093516918784722,0.6376085312450308,
11,score_seguranca,quantile_median_ord,MLP,log,797126.4134871905,568272.5130818553,58.94596012885059,64.13435944667734,-0.8532708308578989,
12,score_mercado,quantile_median_ord,RandomForest,log,327891.2395132277,198217.01297342486,24.311107969572117,14.69022567016821,0.686423060500218,
12,score_mercado,quantile_median_ord,Linear,log,433968.47725985525,281335.7156885008,37.103173695498356,25.3835288254043,0.45071105487392105,
12,score_mercado,quantile_median_ord,KNeighbors,log,403228.39733406034,245103.86155844157,30.035615711733527,19.687608339645955,0.5257725275488919,
12,score_mercado,quantile_median_ord,GradientBoosting,log,349404.3041211142,201942.73019166852,24.530737163342348,15.653914560601612,0.6439254032332311,
12,score_mercado,quantile_median_ord,DecisionTree,log,480981.26827641885,246889.1594155844,28.572555905952147,14.429671671319099,0.3252532265576932,
12,score_mercado,quantile_median_ord,MLP,log,746767.7704572978,534870.391847348,59.97730745491351,62.494073733559134,-0.6265058224898541,
13,valor_bairro_mean,quantile_median_ord,Linear,log,432536.73571530153,281156.5125239332,37.04700973519263,25.82042756117413,0.4543294858859356,
13,valor_bairro_mean,quantile_median_ord,DecisionTree,log,414801.97125332634,230533.60270562768,27.735830241556688,15.20323782902399,0.4981590307372501,
13,valor_bairro_mean,quantile_median_ord,KNeighbors,log,404237.8441914077,246098.8303896104,30.184376533441398,19.800859068627446,0.523395181925935,
13,valor_bairro_mean,quantile_median_ord,RandomForest,log,329037.5493171153,198367.45917182163,24.242165031232386,14.533943416382339,0.6842266940994771,
13,valor_bairro_mean,quantile_median_ord,GradientBoosting,log,344147.30940873513,199200.1200572963,24.292118847421676,16.763305997636017,0.6545595051131361,
13,valor_bairro_mean,quantile_median_ord,MLP,log,754197.3817712017,534321.1428962213,57.84423355704176,60.79409178712864,-0.6590311136812466,
14,score_hospitais,quantile_median_ord,DecisionTree,log,454510.15344634245,244633.6786796537,28.78614321489985,15.731077622021466,0.3974797201576844,
14,score_hospitais,quantile_median_ord,Linear,log,432597.2493738961,281066.35284129635,37.03197942672874,26.030621963723743,0.45417679213152196,
14,score_hospitais,quantile_median_ord,RandomForest,log,328844.27124874014,198920.41565300024,24.312276470369635,14.768093006006271,0.6845975583336056,
14,score_hospitais,quantile_median_ord,KNeighbors,log,405223.9320959229,246914.56909090906,30.40808938079989,19.800859068627446,0.5210671096044763,
14,score_hospitais,quantile_median_ord,GradientBoosting,log,355412.5003747733,202054.65537954032,24.56870046070265,16.0287429934835,0.631574325631066,
14,score_hospitais,quantile_median_ord,MLP,log,748546.1228434107,532293.2374868417,58.6358665915857,61.247515805137844,-0.6342617667730281,
15,score_farmacia,quantile_median_ord,Linear,log,433637.7920622476,282361.1203614974,37.17754027096055,25.566690479698117,0.45154785536578035,
15,score_farmacia,quantile_median_ord,KNeighbors,log,402335.7936314329,244999.065974026,30.12147590714347,19.616471380471385,0.5278697443429584,
15,score_farmacia,quantile_median_ord,DecisionTree,log,517747.1368260138,250046.04859307362,30.33195132950624,15.071768555704299,0.21815637041952285,
15,score_farmacia,quantile_median_ord,GradientBoosting,log,356741.84237623354,205914.86978340242,25.256610999545888,15.838887629713103,0.6288131416581655,
15,score_farmacia,quantile_median_ord,RandomForest,log,331727.3487253307,198523.8716143006,24.463066202595318,14.851718332101822,0.6790428569747433,
15,score_farmacia,quantile_median_ord,MLP,log,729739.6822740698,519454.1630673099,59.25972923771175,57.6832180191136,-0.5531750898298127,
16,metro_quadrado_bairro_median,quantile_median_ord,DecisionTree,log,523517.41553170147,247230.94469696973,29.70943609191798,14.338382555371098,0.2006320024273559,
16,metro_quadrado_bairro_median,quantile_median_ord,Linear,log,433643.9045624849,282409.84456755203,37.18493900371244,25.49830875192226,0.4515323934408597,
16,metro_quadrado_bairro_median,quantile_median_ord,RandomForest,log,330581.6520087002,198418.24885588518,24.502034570509668,14.686328231171958,0.6812560271841357,
16,metro_quadrado_bairro_median,quantile_median_ord,KNeighbors,log,401568.61468472145,244338.98415584417,30.011980853944465,19.616471380471385,0.5296685555161961,
16,metro_quadrado_bairro_median,quantile_median_ord,GradientBoosting,log,353685.136263121,204715.25482072777,25.19301541115556,16.21488040256539,0.6351468435872574,
16,metro_quadrado_bairro_median,quantile_median_ord,MLP,log,733168.1475946545,521580.65695065586,59.26571772229619,57.92736269630914,-0.567803637637398,
17,novo_lancamento,quantile_median_ord,DecisionTree,log,524906.1527498417,252660.8090692641,30.46604249246862,15.564584912812737,0.19638540257743597,
17,novo_lancamento,quantile_median_ord,KNeighbors,log,403069.42859779485,243408.94909090907,29.678099653857863,19.445752379021997,0.526146372655764,
17,novo_lancamento,quantile_median_ord,Linear,log,434041.88386320363,281731.2185106691,37.077061542547604,25.819377997224347,0.45052521259248446,
17,novo_lancamento,quantile_median_ord,RandomForest,log,332332.956036391,199198.72922665993,24.602287592084217,15.016337427857074,0.677869897196789,
17,novo_lancamento,quantile_median_ord,GradientBoosting,log,355660.9034824254,206729.38954380224,25.294949428601093,17.218556619717585,0.6310591492428792,
17,novo_lancamento,quantile_median_ord,MLP,log,720976.9251925445,514083.6833424556,59.64314654835084,57.243110098627795,-0.5160978116479897,
18,quartos_por_metro,quantile_median_ord,KNeighbors,log,403142.0226006324,247559.95142857142,30.867539432735164,19.959230032969554,0.525975672390241,
18,quartos_por_metro,quantile_median_ord,DecisionTree,log,518907.1842940146,237254.77811688313,28.273451972566203,13.318181818181815,0.21464889841822787,
18,quartos_por_metro,quantile_median_ord,Linear,log,429535.94470571686,281556.2980247928,37.3542268234696,26.507733818087253,0.46187457063651305,
18,quartos_por_metro,quantile_median_ord,RandomForest,log,329781.9663356236,196447.43135631233,24.256011151880905,15.00439495838789,0.6827962620281898,
18,quartos_por_metro,quantile_median_ord,GradientBoosting,log,361859.67650259845,204381.08401897195,24.896087537647436,16.70508689259185,0.6180866221526049,
18,quartos_por_metro,quantile_median_ord,MLP,log,725496.914743447,518393.34917673876,59.20144416866262,57.66400985865454,-0.5351670130050517,
19,vagas_por_metro,quantile_median_ord,Linear,log,428040.42201154935,282030.30116929504,37.4731162110946,25.282563861899376,0.465615248434196,
19,vagas_por_metro,quantile_median_ord,DecisionTree,log,543567.9754142459,252735.39456709957,30.142632990753064,15.188847039129527,0.1382283271259882,
19,vagas_por_metro,quantile_median_ord,KNeighbors,log,411299.43090244825,250411.93376623376,30.75231280509847,19.959230032969554,0.5065982252448261,
19,vagas_por_metro,quantile_median_ord,RandomForest,log,327948.65451713477,194667.32716364422,23.999993914627787,14.729879710364974,0.6863132338545315,
19,vagas_por_metro,quantile_median_ord,GradientBoosting,log,346348.3289893384,200851.4959455093,24.714261095850116,16.728242832036752,0.6501267949458949,
19,vagas_por_metro,quantile_median_ord,MLP,log,727845.4237907856,517393.77114896895,58.83902112006689,56.93407247524183,-0.5451220906858758,
20,banheiros_por_quarto,quantile_median_ord,DecisionTree,log,550810.7780411029,257045.18471861474,30.11955677999303,15.642281641767447,0.11510987284121343,
20,banheiros_por_quarto,quantile_median_ord,Linear,log,429745.3918397608,281325.8347434373,37.07461441930499,25.678024824949148,0.46134964922098154,
20,banheiros_por_quarto,quantile_median_ord,KNeighbors,log,405641.75168193696,254404.91636363635,31.61810555216009,20.007362149400514,0.5200789611270664,
20,banheiros_por_quarto,quantile_median_ord,RandomForest,log,325028.242726,194219.78207681255,23.974005824395288,14.833113920598118,0.6918751751314887,
20,banheiros_por_quarto,quantile_median_ord,GradientBoosting,log,349185.289469095,201896.63721582884,24.921658679627193,17.570518534069056,0.6443716548186582,
20,banheiros_por_quarto,quantile_median_ord,MLP,log,711103.5642390433,510104.3482094703,60.427543025579666,56.16854106309941,-0.47485797536904406,
21,lat,quantile_median_ord,KNeighbors,log,405641.75168193696,254404.91636363635,31.61810555216009,20.007362149400514,0.5200789611270664,
21,lat,quantile_median_ord,Linear,log,429745.3918397608,281325.8347434373,37.07461441930499,25.67802482494905,0.46134964922098143,
21,lat,quantile_median_ord,RandomForest,log,330405.1371839682,195703.91722884853,24.122870745283382,14.826997623790566,0.6815963244466489,
21,lat,quantile_median_ord,DecisionTree,log,557293.0560482597,258747.89640692642,30.316913166738868,15.116906663313001,0.09415945927477964,
21,lat,quantile_median_ord,GradientBoosting,log,344884.9053019272,199861.53215948684,24.68766570084165,17.30354807090625,0.6530771832735116,
21,lat,quantile_median_ord,MLP,log,682616.9947079358,479621.8064592634,56.34702087349602,52.738090033059336,-0.35906016445214317,
22,lng,quantile_median_ord,KNeighbors,log,405641.75168193696,254404.91636363635,31.61810555216009,20.007362149400514,0.5200789611270664,
22,lng,quantile_median_ord,Linear,log,429745.3918397608,281325.83474343724,37.07461441930499,25.67802482494919,0.46134964922098154,
22,lng,quantile_median_ord,DecisionTree,log,545631.2151457071,258314.7044155844,30.185361007383253,15.960529664321543,0.1316737980795586,
22,lng,quantile_median_ord,RandomForest,log,329101.8393425732,195201.9923742988,24.02520104070684,14.548876960943474,0.6841032853443874,
22,lng,quantile_median_ord,GradientBoosting,log,346546.32504801993,200827.36954091807,24.767150216590785,17.36212238044516,0.6497266583750185,
22,lng,quantile_median_ord,MLP,log,636338.5024432341,440411.36568587663,54.20805879157059,46.694408553685896,-0.18102990131365382,
23,bairro_rank,quantile_median_ord,Linear,log,431296.34023411036,282325.2830044237,37.223728425645284,25.610155128930113,0.45745466198761464,
23,bairro_rank,quantile_median_ord,DecisionTree,log,562285.9927406366,260969.91621212123,30.78208136502495,15.319426336375491,0.0778554162656453,
23,bairro_rank,quantile_median_ord,KNeighbors,log,406423.6089664533,254246.79974025977,31.429757252755675,20.007362149400514,0.5182271232508712,
23,bairro_rank,quantile_median_ord,RandomForest,log,328631.50643104076,194928.44187281636,24.04132484387813,14.718841884112072,0.6850055619975832,
23,bairro_rank,quantile_median_ord,GradientBoosting,log,349596.9361569955,201999.5532332066,24.911201985174937,17.470242301749956,0.6435326760605078,
23,bairro_rank,quantile_median_ord,MLP,log,645650.5385075016,444963.161424513,53.33944646122981,47.693780376543536,-0.21584867345974512,
24,score_educacao,quantile_median_ord,KNeighbors,log,406423.6089664533,254246.79974025977,31.429757252755675,20.007362149400514,0.5182271232508712,
24,score_educacao,quantile_median_ord,Linear,log,431296.34023411036,282325.2830044237,37.223728425645284,25.610155128930113,0.45745466198761464,
24,score_educacao,quantile_median_ord,DecisionTree,log,562285.9927406366,260969.91621212123,30.78208136502495,15.319426336375491,0.0778554162656453,
24,score_educacao,quantile_median_ord,RandomForest,log,328631.50643104076,194928.44187281636,24.04132484387813,14.718841884112049,0.6850055619975832,
24,score_educacao,quantile_median_ord,GradientBoosting,log,349596.9361569955,201999.5532332066,24.911201985174937,17.470242301749956,0.6435326760605078,
24,score_educacao,quantile_median_ord,MLP,log,623277.7197866684,433015.74775771104,54.945616995806404,45.710345586845584,-0.133046399685103,
25,score_escola_privada,quantile_median_ord,Linear,log,431296.34023411036,282325.2830044237,37.223728425645284,25.610155128930113,0.45745466198761464,
25,score_escola_privada,quantile_median_ord,KNeighbors,log,406423.6089664533,254246.79974025977,31.429757252755675,20.007362149400514,0.5182271232508712,
25,score_escola_privada,quantile_median_ord,DecisionTree,log,562285.9927406366,260969.91621212123,30.78208136502495,15.319426336375491,0.0778554162656453,
25,score_escola_privada,quantile_median_ord,RandomForest,log,328631.50643104076,194928.4418728163,24.04132484387813,14.718841884112061,0.6850055619975832,
25,score_escola_privada,quantile_median_ord,GradientBoosting,log,349596.9361569955,201999.5532332066,24.911201985174937,17.470242301749956,0.6435326760605078,
25,score_escola_privada,quantile_median_ord,MLP,log,639091.9624699677,442411.4874492695,54.31517027753503,47.07759270833334,-0.19127273338079243,
1,metragem,quantile_median_ord,KNeighbors,sqrt,443845.0284176248,295155.77714285714,36.59277776708374,27.266931417710733,0.42542436011356033,
1,metragem,quantile_median_ord,Linear,sqrt,490055.7432402663,338441.12006169173,44.38435903005925,35.06325573981847,0.29955271425535845,
1,metragem,quantile_median_ord,DecisionTree,sqrt,540488.1510065336,292242.8291118744,36.25716557781011,24.771477791115963,0.14796615771388533,
1,metragem,quantile_median_ord,RandomForest,sqrt,460124.9703501334,283129.1134244717,35.42757762653027,24.604919027188902,0.38250123256669855,
1,metragem,quantile_median_ord,GradientBoosting,sqrt,514468.53762615507,285202.462694505,35.96483332774337,26.317437887170026,0.2280269639551512,
1,metragem,quantile_median_ord,MLP,sqrt,1020186.6409563682,843976.0385250736,95.2380598792115,95.75904275173612,-2.0355944816731477,
2,tipo_imovel,quantile_median_ord,Linear,sqrt,445221.36965185124,287889.50463098363,37.9980409611026,25.52490937470928,0.4218553744131386,
2,tipo_imovel,quantile_median_ord,DecisionTree,sqrt,462839.21786829265,230817.68419316094,28.89784404890307,18.260837105869264,0.3751945743999947,
2,tipo_imovel,quantile_median_ord,KNeighbors,sqrt,393446.0041763288,242272.88025974028,29.33568046211369,20.739828927828924,0.5485031048650792,
2,tipo_imovel,quantile_median_ord,GradientBoosting,sqrt,451605.86775555764,231658.333918647,28.982666382129512,17.986732644756806,0.4051552370978979,
2,tipo_imovel,quantile_median_ord,RandomForest,sqrt,406105.0666957692,227387.70453297743,28.413787449393404,17.883383206017793,0.5189820246992898,
2,tipo_imovel,quantile_median_ord,MLP,sqrt,994572.0491907357,812686.8971819395,90.50935124534409,91.1500462348255,-1.885074219376683,
3,tem_elevador,quantile_median_ord,DecisionTree,sqrt,463738.4773595005,227783.4510451868,28.728531080417085,17.93799533799534,0.3727643221049055,
3,tem_elevador,quantile_median_ord,Linear,sqrt,444836.6248183706,286972.2746234728,37.81671683241291,25.69053183537556,0.4228541676481111,
3,tem_elevador,quantile_median_ord,KNeighbors,sqrt,389875.6030714699,242319.21714285712,29.19692058232515,20.284526854219948,0.5566603141459663,
3,tem_elevador,quantile_median_ord,RandomForest,sqrt,404841.2288667597,224580.48552884924,28.135720390883723,17.684078320888187,0.5219713139115203,
3,tem_elevador,quantile_median_ord,GradientBoosting,sqrt,444312.48165180214,228103.07859667254,28.64317694614887,18.112185301717567,0.4242134479227555,
3,tem_elevador,quantile_median_ord,MLP,sqrt,995015.5207130469,814825.5266639214,91.0418944064916,90.96958037683824,-1.8876476548655106,
4,banheiros,quantile_median_ord,DecisionTree,sqrt,462154.4061061342,219521.87913374236,26.52718692117608,15.426018725598528,0.37704211691204037,
4,banheiros,quantile_median_ord,Linear,sqrt,440381.54681498476,284482.9568270088,37.57824826925097,26.278431746979038,0.4343566115283026,
4,banheiros,quantile_median_ord,KNeighbors,sqrt,394886.79257906234,233125.7568831169,27.88656066241937,19.8125,0.545190311948032,
4,banheiros,quantile_median_ord,RandomForest,sqrt,406075.77589950117,215594.34779106107,26.125243628023075,16.793165103268397,0.5190514101493326,
4,banheiros,quantile_median_ord,GradientBoosting,sqrt,439645.6834416526,218818.90886950455,26.660461721872586,17.415278502080078,0.43624537592485757,
4,banheiros,quantile_median_ord,MLP,sqrt,984579.3048455393,806930.9365958078,90.46546401491307,90.88159491128795,-1.8273911615724936,
5,quartos,quantile_median_ord,DecisionTree,sqrt,465299.13289327023,209415.66217736746,25.19517211977241,12.68897023930581,0.3685354471586507,
5,quartos,quantile_median_ord,Linear,sqrt,440765.9661286356,284674.95551554277,37.59510338876459,26.36204208078969,0.4333686539228395,
5,quartos,quantile_median_ord,KNeighbors,sqrt,405030.33831422287,239475.52000000002,28.089549835190937,19.229035907818734,0.5215246160555944,
5,quartos,quantile_median_ord,GradientBoosting,sqrt,425636.8284975763,213667.7085121003,25.706522868286463,17.65342379048955,0.4715999048420503,
5,quartos,quantile_median_ord,RandomForest,sqrt,401236.06543038203,207813.99016596275,24.814859543700766,15.456377741767241,0.5304472199961843,
5,quartos,quantile_median_ord,MLP,sqrt,969588.1635078772,795798.6296445574,89.68728562850467,90.85125854887333,-1.7419472802704505,
6,vagas,quantile_median_ord,Linear,sqrt,440694.1330626463,284834.3466463183,37.62060402504443,26.288544970343764,0.43355333038727895,
6,vagas,quantile_median_ord,DecisionTree,sqrt,448905.12559669616,192706.28253916718,23.44935486881452,10.72923551443049,0.4122486727433814,
6,vagas,quantile_median_ord,KNeighbors,sqrt,379111.25654519524,221615.34103896108,26.6620429497433,18.19538670284939,0.5808033055044082,
6,vagas,quantile_median_ord,RandomForest,sqrt,383127.7009431006,196560.77733323385,24.02995743555327,13.961395067291802,0.571874005989186,
6,vagas,quantile_median_ord,GradientBoosting,sqrt,406988.8862289813,207595.31711003344,25.57985052082767,16.801637355338684,0.5168860365784422,
6,vagas,quantile_median_ord,MLP,sqrt,966909.8766262738,784530.2893119911,87.06291834655813,90.01788238065328,-1.7268200768853865,
7,bairro,quantile_median_ord,DecisionTree,sqrt,481934.1611399385,220155.0443468076,26.79629694846267,13.151717321472695,0.3225770379952838,
7,bairro,quantile_median_ord,Linear,sqrt,440124.39584488975,285057.5419242494,37.699636433686074,26.326177315227035,0.4350170083106276,
7,bairro,quantile_median_ord,KNeighbors,sqrt,387625.3255564605,233318.51870129872,27.995675973744422,19.550120228662948,0.5617632661926992,
7,bairro,quantile_median_ord,GradientBoosting,sqrt,401869.54435236054,203242.41366391894,24.856800282758694,16.644768963839354,0.5289633723277911,
7,bairro,quantile_median_ord,RandomForest,sqrt,363772.8343534098,195071.86280702325,24.02156888946745,14.719239336628457,0.6140375825288971,
7,bairro,quantile_median_ord,MLP,sqrt,805406.1557713,577433.8628138257,59.09930427885186,65.05818147973149,-0.8919705821457105,
8,score_escola_publica,quantile_median_ord,DecisionTree,sqrt,455205.9664011087,229321.5708874459,27.286614668580384,12.314985485811414,0.3956335025410507,
8,score_escola_publica,quantile_median_ord,Linear,sqrt,440094.7080798998,285192.2289533882,37.72519338975112,26.375783845318175,0.43509322547441376,
8,score_escola_publica,quantile_median_ord,KNeighbors,sqrt,381517.1220862465,236019.49012987013,28.504819433991347,19.37906976744186,0.57546592252166,
8,score_escola_publica,quantile_median_ord,GradientBoosting,sqrt,347008.07261460647,199261.6540376864,24.485131408740436,16.12917988942276,0.6487926094276841,
8,score_escola_publica,quantile_median_ord,RandomForest,sqrt,330504.6133062376,194416.42164167683,23.709126602317724,14.939577780434874,0.6814045699766041,
8,score_escola_publica,quantile_median_ord,MLP,sqrt,736780.9205489758,522562.2583604689,57.6511893577513,59.69900111683849,-0.5832927826752019,
9,score_parque,quantile_median_ord,Linear,sqrt,439847.94850992097,285130.45679938706,37.7318625848317,26.26836328703519,0.43572653040052556,
9,score_parque,quantile_median_ord,DecisionTree,sqrt,436356.114427436,230552.29383116882,27.179235072969487,13.150240245596805,0.4446501973359137,
9,score_parque,quantile_median_ord,KNeighbors,sqrt,374021.52177022136,232047.14987012983,28.497901248043593,19.37906976744186,0.5919835471850712,
9,score_parque,quantile_median_ord,RandomForest,sqrt,331431.41663636017,196851.8934234085,23.953729351515854,14.927910256324328,0.6796152496456114,
9,score_parque,quantile_median_ord,GradientBoosting,sqrt,357404.2001586101,200444.12782715965,24.4363349009086,16.691199776167334,0.6274335067726742,
9,score_parque,quantile_median_ord,MLP,sqrt,746951.1686516282,530658.4413972334,58.53190053311771,60.81611742424242,-0.6273048255324216,
10,metro_quadrado_bairro_mean,quantile_median_ord,Linear,sqrt,434192.09139615257,281439.96809989394,36.960635684299895,25.720863209680594,0.45014483670406025,
10,metro_quadrado_bairro_mean,quantile_median_ord,DecisionTree,sqrt,421462.8479527626,225839.03452380953,27.485282289079404,13.21080033303646,0.48191253460865835,
10,metro_quadrado_bairro_mean,quantile_median_ord,KNeighbors,sqrt,385664.1703375609,237644.86181818182,29.48388700174033,19.445752379021997,0.5661864864816701,
10,metro_quadrado_bairro_mean,quantile_median_ord,RandomForest,sqrt,323728.5108426824,193256.3549926877,23.60256671638303,14.658511801006558,0.6943345240854724,
10,metro_quadrado_bairro_mean,quantile_median_ord,GradientBoosting,sqrt,354735.23416465556,196640.48915399713,24.00083676396655,15.895481022846432,0.632977115447819,
10,metro_quadrado_bairro_mean,quantile_median_ord,MLP,sqrt,774539.5782300953,548839.3317833839,57.824589586577424,61.878534812920535,-0.7497327453774076,
11,score_mercado,quantile_median_ord,Linear,sqrt,434194.71949723066,281066.4180379708,37.02762143911678,25.445525285020445,0.45013818029852215,
11,score_mercado,quantile_median_ord,DecisionTree,sqrt,479161.08324019,245266.6130952381,28.26635807503543,14.422826999815547,0.33035047329434386,
11,score_mercado,quantile_median_ord,KNeighbors,sqrt,401403.2711461011,244376.01844155844,29.992447705941146,19.75855831469718,0.5300557882460893,
11,score_mercado,quantile_median_ord,RandomForest,sqrt,328384.03970417625,197990.0864679217,24.306397433732783,15.064725240964503,0.685479778813421,
11,score_mercado,quantile_median_ord,GradientBoosting,sqrt,357584.803099945,202670.8998628817,24.80261967918143,16.57214060284461,0.6270568821830829,
11,score_mercado,quantile_median_ord,MLP,sqrt,793530.0241827794,564764.2726603124,58.88931758817105,63.48118753111221,-0.8365857784541746,
12,valor_bairro_mean,quantile_median_ord,Linear,sqrt,432520.5735318587,280995.8534632464,36.994821226275526,26.013580165964008,0.454370264212725,
12,valor_bairro_mean,quantile_median_ord,KNeighbors,sqrt,402748.62146414083,245402.28025974025,30.165162308557854,19.89652083333333,0.5269003625035358,
12,valor_bairro_mean,quantile_median_ord,DecisionTree,sqrt,467935.90409753454,241206.24556277058,28.035457114445244,14.707572365736866,0.3613583640924949,
12,valor_bairro_mean,quantile_median_ord,RandomForest,sqrt,328841.63325281,198457.14776112902,24.218237927393567,14.773977998840094,0.6846026186438676,
12,valor_bairro_mean,quantile_median_ord,GradientBoosting,sqrt,346359.84275266365,200970.4866130441,24.412251387350246,16.00451221903556,0.6501035326755293,
12,valor_bairro_mean,quantile_median_ord,MLP,sqrt,782042.8177151599,557099.8346946816,58.77973043048381,61.894858327346746,-0.7837975116066447,
13,score_farmacia,quantile_median_ord,Linear,sqrt,432620.2623703615,281053.20717029035,37.000376488711076,26.01780109716571,0.45411871796818504,
13,score_farmacia,quantile_median_ord,DecisionTree,sqrt,493290.94808711915,236219.09816017316,28.94588353547637,15.384615384615385,0.2902738902899811,
13,score_farmacia,quantile_median_ord,KNeighbors,sqrt,396547.3208056218,243598.6651948052,30.24047491360886,19.616471380471385,0.5413572528228763,
13,score_farmacia,quantile_median_ord,RandomForest,sqrt,332549.488682488,197955.4398089685,24.490816619411042,14.794816483385183,0.6774499905594775,
13,score_farmacia,quantile_median_ord,GradientBoosting,sqrt,351688.874164587,204129.76931107522,25.18279656555073,17.181861761929127,0.6392538133495429,
13,score_farmacia,quantile_median_ord,MLP,sqrt,764875.2650258188,544728.5588399317,59.39533433962241,60.765579654977664,-0.706340596675356,
14,score_seguranca,quantile_median_ord,Linear,sqrt,432903.53973623336,281379.96095589397,37.07347479105202,25.934236819376466,0.4534036038024998,
14,score_seguranca,quantile_median_ord,DecisionTree,sqrt,510808.07000620366,250273.2972943723,30.422667225818273,15.564584912812737,0.2389731319308599,
14,score_seguranca,quantile_median_ord,RandomForest,sqrt,333881.8820650934,198432.39265121086,24.54352824956701,14.627858669535513,0.6748601538079717,
14,score_seguranca,quantile_median_ord,KNeighbors,sqrt,398997.30466973333,245215.62337662338,30.48819885285327,19.863381201226307,0.5356724911741721,
14,score_seguranca,quantile_median_ord,GradientBoosting,sqrt,346529.41478131455,201110.98679711606,24.895268686691562,16.291120227385825,0.6497608418055286,
14,score_seguranca,quantile_median_ord,MLP,sqrt,775328.5762705276,556114.229297846,60.71373907377095,62.83039356303419,-0.7532993516539785,
15,score_hospitais,quantile_median_ord,Linear,sqrt,432809.5685977392,281244.776830731,37.05472173438816,26.044031776930645,0.4536408793434229,
15,score_hospitais,quantile_median_ord,DecisionTree,sqrt,504421.03330514755,241169.2050865801,29.371413878121523,14.707572365736866,0.25788558924792804,
15,score_hospitais,quantile_median_ord,KNeighbors,sqrt,400050.6727371724,246694.37142857144,30.833724031130423,20.02509803921569,0.5332175703190083,
15,score_hospitais,quantile_median_ord,GradientBoosting,sqrt,354641.81276158965,204426.8873425079,25.02779430751555,17.424088923258537,0.6331704048343496,
15,score_hospitais,quantile_median_ord,RandomForest,sqrt,334081.25440901413,198551.9375817799,24.52195557038435,15.01575849093914,0.6744717335251862,
15,score_hospitais,quantile_median_ord,MLP,sqrt,774101.2707707477,555654.5474131299,61.03397816679552,63.719725623627085,-0.7477529784612609,
16,novo_lancamento,quantile_median_ord,Linear,sqrt,433181.4054402914,280658.86786436517,36.97193883741202,25.970574815706264,0.45270169623239986,
16,novo_lancamento,quantile_median_ord,DecisionTree,sqrt,504009.2807855645,244960.32140692644,29.76127659443059,15.297759433962266,0.25909665200241994,
16,novo_lancamento,quantile_median_ord,KNeighbors,sqrt,401115.3834629527,244907.44363636363,30.366846355973966,19.62962962962963,0.5307296374368363,
16,novo_lancamento,quantile_median_ord,GradientBoosting,sqrt,343859.8041310808,200886.781606884,24.724599244951705,16.570521243695126,0.6551364352691286,
16,novo_lancamento,quantile_median_ord,RandomForest,sqrt,333317.5122771394,199102.91160005543,24.584104897491336,14.988502574767729,0.6759584105813399,
16,novo_lancamento,quantile_median_ord,MLP,sqrt,762128.8755024477,546195.8251207625,60.73927173662976,63.36292700097263,-0.6941088961779649,
17,metro_quadrado_bairro_median,quantile_median_ord,Linear,sqrt,433169.3908877869,280646.3293872631,36.97176545729285,25.889205295131063,0.4527320551210098,
17,metro_quadrado_bairro_median,quantile_median_ord,KNeighbors,sqrt,401255.69367706316,243780.61376623376,30.071903980571058,19.581681517851727,0.5304012783472508,
17,metro_quadrado_bairro_median,quantile_median_ord,DecisionTree,sqrt,537921.157958185,248753.0934848485,29.685554298207684,15.188847039129527,0.1560402332998907,
17,metro_quadrado_bairro_median,quantile_median_ord,RandomForest,sqrt,332130.79504100024,199325.61334381747,24.635079915769488,15.102650328107792,0.6782616870200125,
17,metro_quadrado_bairro_median,quantile_median_ord,GradientBoosting,sqrt,345243.67464267014,202116.6255079155,24.83546592506452,16.626979806985908,0.6523550292659663,
17,metro_quadrado_bairro_median,quantile_median_ord,MLP,sqrt,753766.0509638201,538069.6549059583,59.893450898258735,62.043392379679155,-0.6571340330994573,
18,quartos_por_metro,quantile_median_ord,DecisionTree,sqrt,517650.37327978894,236492.23006493508,28.43072903672002,13.896551724137932,0.2184485860097064,
18,quartos_por_metro,quantile_median_ord,Linear,sqrt,428721.3048657588,280452.2623984993,37.24273907613818,26.716121605262945,0.4639138072312823,
18,quartos_por_metro,quantile_median_ord,KNeighbors,sqrt,404154.18537569826,249175.90727272723,31.346849669322413,20.076575399009357,0.5235924324770675,
18,quartos_por_metro,quantile_median_ord,GradientBoosting,sqrt,353401.7023412575,200950.59715804784,24.53468132245494,15.68213206485764,0.635731376634884,
18,quartos_por_metro,quantile_median_ord,RandomForest,sqrt,330062.63195393217,196311.43914635695,24.226282277979358,14.915425151205536,0.6822561107968406,
18,quartos_por_metro,quantile_median_ord,MLP,sqrt,745040.5489527744,530638.0008004325,58.83716108500294,60.7343930584919,-0.6189905358199588,
19,vagas_por_metro,quantile_median_ord,DecisionTree,sqrt,491004.5202147605,228843.73612554112,28.764782978469572,14.3378696613703,0.29683787380093707,
19,vagas_por_metro,quantile_median_ord,Linear,sqrt,427060.3349038896,280756.6704547048,37.303062573730735,25.47839719532924,0.46805961569001464,
19,vagas_por_metro,quantile_median_ord,KNeighbors,sqrt,413703.6067768646,252615.13948051946,31.336451810565073,20.07892393335077,0.5008131864926615,
19,vagas_por_metro,quantile_median_ord,RandomForest,sqrt,327775.54445432033,194820.57908092346,24.09326031535605,14.469641721494197,0.6866443100953024,
19,vagas_por_metro,quantile_median_ord,GradientBoosting,sqrt,347493.2490037479,202247.05346307965,24.95687134127073,17.09029901171763,0.6478098273575139,
19,vagas_por_metro,quantile_median_ord,MLP,sqrt,768991.4405848377,555151.9213956759,61.54182992611076,62.263267156862746,-0.7247553540172664,
20,banheiros_por_quarto,quantile_median_ord,Linear,sqrt,428861.187377206,280457.8304478684,36.93985630842531,25.520682959217144,0.46356392344521746,
20,banheiros_por_quarto,quantile_median_ord,DecisionTree,sqrt,542051.728966267,250076.44813852813,29.304690692465485,15.055178268251273,0.14302933041970045,
20,banheiros_por_quarto,quantile_median_ord,RandomForest,sqrt,329725.5699610455,196123.37796357158,24.16429475812913,14.510086635350932,0.6829047434676222,
20,banheiros_por_quarto,quantile_median_ord,KNeighbors,sqrt,407910.96965558734,256667.32805194805,32.17081558791278,20.87925587925588,0.5146944484095817,
20,banheiros_por_quarto,quantile_median_ord,GradientBoosting,sqrt,349749.3912577612,201126.66394459366,24.81471275434241,16.7700480086967,0.6432217058783758,
20,banheiros_por_quarto,quantile_median_ord,MLP,sqrt,742334.9294112173,536415.2481936368,61.628323332019406,60.82186254321741,-0.6072531377356831,
21,lat,quantile_median_ord,Linear,sqrt,428861.187377206,280457.8304478684,36.9398563084253,25.520682959217066,0.46356392344521746,
21,lat,quantile_median_ord,KNeighbors,sqrt,407910.96965558734,256667.32805194805,32.17081558791278,20.87925587925588,0.5146944484095817,
21,lat,quantile_median_ord,DecisionTree,sqrt,532001.5226917117,245360.63331168832,29.012818138655618,14.684741049704552,0.174512995216197,
21,lat,quantile_median_ord,RandomForest,sqrt,328124.5141346905,195011.7046134735,24.05766888901445,14.781712388405493,0.6859767200448339,
21,lat,quantile_median_ord,GradientBoosting,sqrt,349629.49364731833,201196.31075756616,24.824755329310015,16.668084762213272,0.6434662783283773,
21,lat,quantile_median_ord,MLP,sqrt,685998.7082398916,484457.6585595069,57.03368247619876,54.44996984970675,-0.37255920258183006,
22,lng,quantile_median_ord,KNeighbors,sqrt,407910.96965558734,256667.32805194805,32.17081558791278,20.87925587925588,0.5146944484095817,
22,lng,quantile_median_ord,Linear,sqrt,428861.18737720593,280457.8304478684,36.93985630842532,25.520682959217083,0.4635639234452177,
22,lng,quantile_median_ord,DecisionTree,sqrt,535638.6082043234,249630.1112337662,29.5460549012472,14.939024390243901,0.16318735158931774,
22,lng,quantile_median_ord,RandomForest,sqrt,328455.37275331176,195604.81102457573,24.097178111727228,14.711395137219906,0.6853431209953232,
22,lng,quantile_median_ord,GradientBoosting,sqrt,351972.93440822465,201913.79297429736,24.933128460684383,16.858640640128986,0.6386708262757306,
22,lng,quantile_median_ord,MLP,sqrt,652687.6316691834,450409.7595982143,53.70091178141973,47.252991414133625,-0.24249673458539478,
23,bairro_rank,quantile_median_ord,Linear,sqrt,430444.25497155567,281467.2845931171,37.09397502788947,25.570539530810155,0.459596290284109,
23,bairro_rank,quantile_median_ord,KNeighbors,sqrt,408581.30743665004,256387.38415584416,31.942594296696402,21.04874835309618,0.5130980904985241,
23,bairro_rank,quantile_median_ord,DecisionTree,sqrt,541524.8938776517,254414.22952380954,29.866009145973845,15.414315414315416,0.1446943479466184,
23,bairro_rank,quantile_median_ord,RandomForest,sqrt,327038.08913855295,194775.3854254314,24.05696605486429,14.684747953028596,0.6880527486782596,
23,bairro_rank,quantile_median_ord,GradientBoosting,sqrt,353200.09465259034,202124.30775281508,24.93226676230783,16.455757222168533,0.6361468721289778,
23,bairro_rank,quantile_median_ord,MLP,sqrt,653462.3007443369,450426.59040178574,53.27641298547796,47.5392287043026,-0.24544790128427785,
24,score_educacao,quantile_median_ord,Linear,sqrt,430444.25497155567,281467.2845931171,37.09397502788947,25.570539530810155,0.459596290284109,
24,score_educacao,quantile_median_ord,DecisionTree,sqrt,541524.8938776517,254414.22952380954,29.866009145973845,15.414315414315416,0.1446943479466184,
24,score_educacao,quantile_median_ord,KNeighbors,sqrt,408581.30743665004,256387.38415584416,31.942594296696402,21.04874835309618,0.5130980904985241,
24,score_educacao,quantile_median_ord,RandomForest,sqrt,327038.089138553,194775.38542543142,24.05696605486429,14.684747953028596,0.6880527486782595,
24,score_educacao,quantile_median_ord,GradientBoosting,sqrt,353200.09465259034,202124.30775281508,24.93226676230783,16.455757222168533,0.6361468721289778,
24,score_educacao,quantile_median_ord,MLP,sqrt,652775.8449615819,451600.12929180195,53.98589967200059,47.344150490971124,-0.24283261389178246,
25,score_escola_privada,quantile_median_ord,Linear,sqrt,430444.25497155567,281467.2845931171,37.09397502788947,25.570539530810155,0.459596290284109,
25,score_escola_privada,quantile_median_ord,KNeighbors,sqrt,408581.30743665004,256387.38415584416,31.942594296696402,21.04874835309618,0.5130980904985241,
25,score_escola_privada,quantile_median_ord,DecisionTree,sqrt,541524.8938776517,254414.22952380954,29.866009145973845,15.414315414315416,0.1446943479466184,
25,score_escola_privada,quantile_median_ord,RandomForest,sqrt,327038.089138553,194775.38542543142,24.05696605486429,14.684747953028596,0.6880527486782595,
25,score_escola_privada,quantile_median_ord,GradientBoosting,sqrt,353200.09465259034,202124.30775281508,24.93226676230783,16.455757222168533,0.6361468721289778,
25,score_escola_privada,quantile_median_ord,MLP,sqrt,637847.758505595,440721.4299512987,54.09700738822912,45.9327341595422,-0.18663883540838033,
1,metragem,quantile_median_ord,Linear,boxcox,490047.09441216965,338435.25473320176,44.382938108268746,35.062803291325174,0.2995774379517563,
1,metragem,quantile_median_ord,DecisionTree,boxcox,539504.2804753163,291179.19274823804,36.20088852153306,24.60362571881052,0.151065311697005,
1,metragem,quantile_median_ord,KNeighbors,boxcox,443861.23449205206,295281.7511688312,36.62193842124439,27.266931417710733,0.42538240048808307,
1,metragem,quantile_median_ord,RandomForest,boxcox,459417.8145379827,282759.58034725493,35.41026582000327,24.6049190271889,0.3843978142258806,
1,metragem,quantile_median_ord,GradientBoosting,boxcox,514158.78311151464,284712.7799985609,35.93892419039183,26.286608605544902,0.2289562730557827,
1,metragem,quantile_median_ord,MLP,boxcox,1016725.5472008565,840638.7949624594,94.83201275707864,95.40480688441333,-2.0150322541305976,
2,tipo_imovel,quantile_median_ord,Linear,boxcox,445209.77084977657,287883.4170144726,37.99655818575191,25.52485686313005,0.4218854973955066,
2,tipo_imovel,quantile_median_ord,DecisionTree,boxcox,462839.21786829265,230817.68419316094,28.89784404890307,18.260837105869264,0.3751945743999947,
2,tipo_imovel,quantile_median_ord,KNeighbors,boxcox,393446.0041763288,242272.88025974028,29.33568046211369,20.739828927828924,0.5485031048650792,
2,tipo_imovel,quantile_median_ord,RandomForest,boxcox,404541.67724048725,227264.71751999043,28.399284263899656,17.883383206017793,0.5226784617200826,
2,tipo_imovel,quantile_median_ord,GradientBoosting,boxcox,449453.0945978114,230930.8608848475,28.944175745420548,17.986732644756806,0.4108128857093446,
2,tipo_imovel,quantile_median_ord,MLP,boxcox,1007153.960480746,826798.9590668913,92.49036371488319,93.0504705375243,-1.9585316512825193,
3,banheiros,quantile_median_ord,DecisionTree,yeojohnson,441539.4003547436,217325.57577173726,26.767160349772457,15.63018597997139,0.43137831609352295,
3,banheiros,quantile_median_ord,KNeighbors,yeojohnson,400504.82006308745,237262.12805194804,28.109051746744502,19.627314814814817,0.5321571630573282,
3,banheiros,quantile_median_ord,Linear,yeojohnson,440806.47679226147,285493.40270271606,37.77010550629514,26.55896273805387,0.4332644913127448,
3,banheiros,quantile_median_ord,RandomForest,yeojohnson,404999.996640344,217375.11634678105,26.448519595716675,16.996821667786953,0.5215963005636823,
3,banheiros,quantile_median_ord,GradientBoosting,yeojohnson,425591.76686086104,216196.0043210157,26.515481217779012,17.69544087777305,0.47171178102914924,
3,banheiros,quantile_median_ord,MLP,yeojohnson,999730.7740772435,822669.2208718436,92.49635392395109,93.78551595052083,-1.915080900413173,
4,tem_elevador,quantile_median_ord,Linear,yeojohnson,440369.6452794799,284478.3208753022,37.57717416366125,26.277825462515313,0.43438718471626414,
4,tem_elevador,quantile_median_ord,DecisionTree,yeojohnson,462154.4061061342,219521.87913374236,26.52718692117608,15.426018725598528,0.37704211691204037,
4,tem_elevador,quantile_median_ord,KNeighbors,yeojohnson,394886.79257906234,233125.7568831169,27.88656066241937,19.8125,0.545190311948032,
4,tem_elevador,quantile_median_ord,RandomForest,yeojohnson,405436.94534815033,215550.25038846364,26.120043462622437,16.793165103268386,0.5205634578772473,
4,tem_elevador,quantile_median_ord,GradientBoosting,yeojohnson,439736.51664258866,219128.16640173196,26.676824554265576,17.415278502080078,0.4360124022878362,
4,tem_elevador,quantile_median_ord,MLP,yeojohnson,985279.5735589537,807943.4801044018,90.6510858085128,91.10605358369119,-1.8314144792712757,
5,quartos,quantile_median_ord,DecisionTree,yeojohnson,465299.13289327023,209415.66217736746,25.19517211977241,12.68897023930581,0.3685354471586507,
5,quartos,quantile_median_ord,Linear,yeojohnson,440752.45414185035,284669.48011866416,37.59394392448976,26.3579309948063,0.4334033943451673,
5,quartos,quantile_median_ord,KNeighbors,yeojohnson,405030.33831422287,239475.52000000002,28.089549835190937,19.229035907818734,0.5215246160555944,
5,quartos,quantile_median_ord,RandomForest,yeojohnson,401062.7036469475,207802.17198414457,24.813465890184467,15.456377741767241,0.5308528910143608,
5,quartos,quantile_median_ord,GradientBoosting,yeojohnson,425706.416409887,213764.0984840178,25.711622866800614,17.669639361570834,0.4714271130964435,
5,quartos,quantile_median_ord,MLP,yeojohnson,966785.9365743388,792229.8666018003,89.12833067310929,90.28650138888888,-1.7261210653852515,
6,vagas,quantile_median_ord,DecisionTree,yeojohnson,448905.12559669616,192706.28253916718,23.44935486881452,10.72923551443049,0.4122486727433814,
6,vagas,quantile_median_ord,Linear,yeojohnson,440680.51231427654,284829.4814764942,37.61953009074261,26.2890479382924,0.4335883447327882,
6,vagas,quantile_median_ord,KNeighbors,yeojohnson,379111.25654519524,221615.34103896108,26.6620429497433,18.19538670284939,0.5808033055044082,
6,vagas,quantile_median_ord,RandomForest,yeojohnson,383003.94586902705,196552.7253851819,24.029007913377335,13.961395067291802,0.5721505414989969,
6,vagas,quantile_median_ord,GradientBoosting,yeojohnson,406988.8862289813,207595.31711003344,25.57985052082767,16.801637355338684,0.5168860365784422,
6,vagas,quantile_median_ord,MLP,yeojohnson,948934.1947784357,766157.4275010147,84.73372844187156,87.64013915892403,-1.6263746838658184,
7,score_parque,quantile_median_ord,DecisionTree,yeojohnson,428899.0481532602,220569.9436147186,26.70382051444204,13.22428510456679,0.4634692038330932,
7,score_parque,quantile_median_ord,Linear,yeojohnson,440684.43547065323,284974.26252835937,37.644708697960894,26.29155406815469,0.43357825973321895,
7,score_parque,quantile_median_ord,KNeighbors,yeojohnson,367417.16046351107,231872.0366233766,27.818027303525046,18.79326917617669,0.6062655973660109,
7,score_parque,quantile_median_ord,RandomForest,yeojohnson,351371.6367789716,198969.8983643692,24.54185794022485,15.191963747437528,0.6399043347042048,
7,score_parque,quantile_median_ord,GradientBoosting,yeojohnson,371169.77148389275,203156.36408908208,25.016603829668,17.01540360182948,0.5981817210709942,
7,score_parque,quantile_median_ord,MLP,yeojohnson,965883.3493390802,777215.8080682531,85.345031141093,90.33979691343343,-1.7210332514293287,
8,bairro,quantile_median_ord,KNeighbors,yeojohnson,379377.1118739274,233258.32181818184,28.530051533494778,19.403243017924137,0.5802151681212158,
8,bairro,quantile_median_ord,Linear,yeojohnson,440126.88207450276,285125.6280244278,37.71036292594207,26.323926153145898,0.43501062519973666,
8,bairro,quantile_median_ord,RandomForest,yeojohnson,345357.02257514826,197215.98336325877,24.245789628269137,14.435393653272332,0.6521267191758988,
8,bairro,quantile_median_ord,DecisionTree,yeojohnson,433871.29694335087,230336.85854978356,27.286059683408997,13.534599728629578,0.45095703631971107,
8,bairro,quantile_median_ord,GradientBoosting,yeojohnson,368843.55619937635,199603.55335460693,24.63507904126616,16.299609925368973,0.6032025328009901,
8,bairro,quantile_median_ord,MLP,yeojohnson,731388.8630097822,520842.20223955426,58.61350881162962,59.86702575287974,-0.5602032422035643,
9,metro_quadrado_bairro_mean,quantile_median_ord,Linear,yeojohnson,433926.75754876476,281463.4966244936,37.01107846908238,25.163756574832163,0.4508166619664603,
9,metro_quadrado_bairro_mean,quantile_median_ord,DecisionTree,yeojohnson,401965.1056730553,222581.30443722947,27.224406263987788,13.772391991570073,0.5287393283079449,
9,metro_quadrado_bairro_mean,quantile_median_ord,RandomForest,yeojohnson,340775.38025590836,195709.0221586328,23.912086831815024,14.206299425283012,0.6612955424344321,
9,metro_quadrado_bairro_mean,quantile_median_ord,KNeighbors,yeojohnson,392440.22509778646,237695.39818181816,29.374663621711385,19.445752379021997,0.5508085074008899,
9,metro_quadrado_bairro_mean,quantile_median_ord,GradientBoosting,yeojohnson,366640.8373725969,201327.78972856552,24.49129763593914,16.263377437321015,0.6079276982058102,
9,metro_quadrado_bairro_mean,quantile_median_ord,MLP,yeojohnson,783099.7608087487,555349.6953265797,57.64088695735862,62.4684394306129,-0.7886224303264213,
10,score_escola_publica,quantile_median_ord,DecisionTree,yeojohnson,453873.9502161934,231713.39816017318,27.736322814735097,12.906608156943728,0.39916530216028157,
10,score_escola_publica,quantile_median_ord,Linear,yeojohnson,434181.2091459364,281434.99729522294,36.959368714957904,25.722336923984066,0.4501723986362248,
10,score_escola_publica,quantile_median_ord,KNeighbors,yeojohnson,385664.1703375609,237644.86181818182,29.48388700174033,19.445752379021997,0.5661864864816701,
10,score_escola_publica,quantile_median_ord,RandomForest,yeojohnson,324947.76170043956,193756.54853251518,23.63440906719917,14.621284273145974,0.6920277472989216,
10,score_escola_publica,quantile_median_ord,GradientBoosting,yeojohnson,354340.28913284815,196591.18222004554,24.012384143994478,15.94431582976617,0.6337939115174159,
10,score_escola_publica,quantile_median_ord,MLP,yeojohnson,741858.4955367633,528531.9005129529,58.63117654059613,60.17428977272728,-0.6051907152940701,
11,score_mercado,quantile_median_ord,Linear,yeojohnson,434182.76709775225,281060.36506292364,37.02617230874198,25.438419213841367,0.4501684527885983,
11,score_mercado,quantile_median_ord,KNeighbors,yeojohnson,401403.2711461011,244376.01844155844,29.992447705941146,19.75855831469718,0.5300557882460893,
11,score_mercado,quantile_median_ord,DecisionTree,yeojohnson,458420.0632355927,234965.81720779222,28.135373917716848,13.291081547179108,0.3870688073490167,
11,score_mercado,quantile_median_ord,RandomForest,yeojohnson,329142.7193285996,198010.09930246984,24.28804244479573,14.882446035807867,0.6840248010954653,
11,score_mercado,quantile_median_ord,GradientBoosting,yeojohnson,356666.79503624456,203241.0841562469,24.830176893663054,16.637465846071446,0.6289692974715353,
11,score_mercado,quantile_median_ord,MLP,yeojohnson,788794.7999776865,560782.0637022539,58.83817708997394,63.05494692774262,-0.8147322947456221,
12,score_seguranca,quantile_median_ord,Linear,yeojohnson,433964.12967487297,281333.8106891884,37.10247401293523,25.383809455736873,0.45072206059683295,
12,score_seguranca,quantile_median_ord,DecisionTree,yeojohnson,453756.97907470126,242111.5633116883,28.681722386906085,14.723239238546594,0.3994749531732812,
12,score_seguranca,quantile_median_ord,KNeighbors,yeojohnson,403392.7741969336,245531.06155844152,30.087245804171292,19.800859068627446,0.5253858091859264,
12,score_seguranca,quantile_median_ord,RandomForest,yeojohnson,327499.17405941937,198203.34650711797,24.31298319338583,14.701887483715698,0.6871725113417901,
12,score_seguranca,quantile_median_ord,GradientBoosting,yeojohnson,352861.6711154466,202102.261048458,24.568403087594845,15.628130736808188,0.6368437998588921,
12,score_seguranca,quantile_median_ord,MLP,yeojohnson,746559.3819155304,531057.8966453453,58.951107066940786,61.52333198051948,-0.6255981831997661,
13,valor_bairro_mean,quantile_median_ord,DecisionTree,yeojohnson,425645.8848412338,238110.29296536793,28.684709294280005,15.071768555704299,0.47157741889422067,
13,valor_bairro_mean,quantile_median_ord,Linear,yeojohnson,432532.79553016875,281154.1811512237,37.04640255094615,25.82060799841014,0.45433942739090705,
13,valor_bairro_mean,quantile_median_ord,KNeighbors,yeojohnson,404301.69929673895,246205.847012987,30.198337993335233,19.800859068627446,0.5232445970412668,
13,valor_bairro_mean,quantile_median_ord,GradientBoosting,yeojohnson,343584.7204357531,199142.76730077202,24.269890059994275,16.797123436810043,0.6556879879465016,
13,valor_bairro_mean,quantile_median_ord,RandomForest,yeojohnson,328423.62153427006,198539.29890518516,24.237263387640688,14.681988973376958,0.6854039527394391,
13,valor_bairro_mean,quantile_median_ord,MLP,yeojohnson,760851.272643979,543707.155236539,59.321090581084455,63.38878227266631,-0.688433781950706,
14,score_farmacia,quantile_median_ord,DecisionTree,yeojohnson,532805.4286981041,254038.94015151518,30.326772362322803,15.861937853022548,0.17201632809922807,
14,score_farmacia,quantile_median_ord,KNeighbors,yeojohnson,399577.843130512,245684.87402597402,30.28478467725732,20.07892393335077,0.5343203212316031,
14,score_farmacia,quantile_median_ord,Linear,yeojohnson,433239.4451243775,281699.63000896206,37.14373229843437,25.700813086237428,0.4525550272005989,
14,score_farmacia,quantile_median_ord,RandomForest,yeojohnson,331805.3887648249,198288.44091703687,24.522708840800824,14.653285019610912,0.6788918265910766,
14,score_farmacia,quantile_median_ord,GradientBoosting,yeojohnson,358810.55056400184,203644.06916491303,25.161541179556345,16.673065657324603,0.6244957130801735,
14,score_farmacia,quantile_median_ord,MLP,yeojohnson,781628.3728626586,554342.2741866867,59.403436231603315,63.44073567708334,-0.7819073598476256,
15,score_hospitais,quantile_median_ord,DecisionTree,yeojohnson,526323.8497689166,248295.27781385285,30.132063186193314,14.560634920634921,0.1920386425602677,
15,score_hospitais,quantile_median_ord,KNeighbors,yeojohnson,400845.8438200944,246216.81090909088,30.390721390469384,20.07892393335077,0.5313601017525011,
15,score_hospitais,quantile_median_ord,Linear,yeojohnson,433247.9471175695,281614.21259938396,37.12814785861392,25.83078405329845,0.45253354061089257,
15,score_hospitais,quantile_median_ord,RandomForest,yeojohnson,332317.59219947155,198099.42974826778,24.486790830792536,14.988662602208148,0.6778996808211699,
15,score_hospitais,quantile_median_ord,GradientBoosting,yeojohnson,351971.07045962906,205194.14522448194,25.11058773110866,16.864476440989932,0.6386746532587553,
15,score_hospitais,quantile_median_ord,MLP,yeojohnson,732433.6384849678,523500.8248986975,60.580650305318116,60.553760071458164,-0.5646638688907923,
16,metro_quadrado_bairro_median,quantile_median_ord,DecisionTree,yeojohnson,520736.3656699084,252353.8628787879,30.68151909807812,15.655646587538708,0.20910231275807412,
16,metro_quadrado_bairro_median,quantile_median_ord,KNeighbors,yeojohnson,401560.56941142236,246011.31844155843,30.334741330101426,20.07892393335077,0.5296874011478949,
16,metro_quadrado_bairro_median,quantile_median_ord,Linear,yeojohnson,433251.05086032854,281577.824342144,37.122134040123456,25.772577184423422,0.45252569659844255,
16,metro_quadrado_bairro_median,quantile_median_ord,RandomForest,yeojohnson,332607.5944359651,198789.02054149032,24.57624187885454,14.989961702997324,0.677337263585906,
16,metro_quadrado_bairro_median,quantile_median_ord,GradientBoosting,yeojohnson,348818.9887984385,204841.2180058713,25.401982750642656,17.214804663951437,0.6451173825414017,
16,metro_quadrado_bairro_median,quantile_median_ord,MLP,yeojohnson,762643.7230951593,543928.731747159,60.36109082106954,63.06184944142841,-0.6963985417225695,
17,novo_lancamento,quantile_median_ord,DecisionTree,yeojohnson,545211.0479455156,252792.26880952384,30.346153350381943,15.364265364265364,0.13301060471498694,
17,novo_lancamento,quantile_median_ord,Linear,yeojohnson,433630.4428795358,280983.34583803546,37.03542767301553,25.965691237318318,0.4515664452624081,
17,novo_lancamento,quantile_median_ord,KNeighbors,yeojohnson,403382.5048655556,245258.6553246753,29.996850411395958,19.674836947564224,0.5254099737653368,
17,novo_lancamento,quantile_median_ord,RandomForest,yeojohnson,330813.00767229084,198158.77744511748,24.602757065993988,14.93781839367882,0.680809728805003,
17,novo_lancamento,quantile_median_ord,GradientBoosting,yeojohnson,350127.55059959606,203519.89729678736,25.19958840005338,17.102768639214563,0.6424497703869494,
17,novo_lancamento,quantile_median_ord,MLP,yeojohnson,754653.0518717925,539643.5261414566,60.781506780963404,63.061316507049746,-0.6610364222742893,
18,quartos_por_metro,quantile_median_ord,Linear,yeojohnson,429183.3801291465,280812.644860047,37.30778937574146,26.39779091735234,0.46275759848758136,
18,quartos_por_metro,quantile_median_ord,DecisionTree,yeojohnson,481550.5413538341,221311.2685930736,27.571783626315877,13.375076027456773,0.3236550666692618,
18,quartos_por_metro,quantile_median_ord,KNeighbors,yeojohnson,404652.572985328,249109.27818181817,31.213146105284768,20.050833333333333,0.5224167325304172,
18,quartos_por_metro,quantile_median_ord,GradientBoosting,yeojohnson,347961.8523640987,201309.40272500686,24.75324856782275,16.342180713418614,0.646859312333358,
18,quartos_por_metro,quantile_median_ord,RandomForest,yeojohnson,330959.45187291113,196831.55753958135,24.272555662670182,15.18296007382853,0.6805270681523692,
18,quartos_por_metro,quantile_median_ord,MLP,yeojohnson,736588.4035611126,527700.5490469004,60.287565168501004,61.98095724374022,-0.5824654785846628,
19,vagas_por_metro,quantile_median_ord,KNeighbors,yeojohnson,413173.2936535831,252499.89948051947,31.17468887225161,20.076575399009357,0.5020921487374892,
19,vagas_por_metro,quantile_median_ord,Linear,yeojohnson,427565.478397409,281049.9189801415,37.35214795494508,25.49541452319575,0.4668004720975947,
19,vagas_por_metro,quantile_median_ord,DecisionTree,yeojohnson,502004.6049305564,234927.08093073592,29.375302824306505,15.27417746759721,0.26497875500075807,
19,vagas_por_metro,quantile_median_ord,GradientBoosting,yeojohnson,355608.0147000577,202903.49097241834,24.987371920480637,17.304496118260126,0.6311688682552141,
19,vagas_por_metro,quantile_median_ord,RandomForest,yeojohnson,327320.78374050354,194366.62976109184,24.05907376642695,14.641372185461002,0.6875132156925645,
19,vagas_por_metro,quantile_median_ord,MLP,yeojohnson,744279.5068208402,534408.4486236968,61.339281055816144,60.962963952361626,-0.615684700401254,
20,banheiros_por_quarto,quantile_median_ord,DecisionTree,yeojohnson,540420.6129271381,251812.2212987013,29.578421517919523,15.364265364265364,0.14817908054616757,
20,banheiros_por_quarto,quantile_median_ord,KNeighbors,yeojohnson,407699.62650134275,256248.90779220776,32.005892400632,19.903342776203964,0.5151972024092836,
20,banheiros_por_quarto,quantile_median_ord,Linear,yeojohnson,429451.92774926114,280797.1067156806,36.99789267514436,25.419934460096783,0.46208506402891825,
20,banheiros_por_quarto,quantile_median_ord,RandomForest,yeojohnson,326264.2896847449,194796.46003745275,24.049067279577635,14.508807018616166,0.6895271888282746,
20,banheiros_por_quarto,quantile_median_ord,GradientBoosting,yeojohnson,341804.18282195844,197478.72992898303,24.094252390011672,16.393312465979403,0.6592473544692548,
20,banheiros_por_quarto,quantile_median_ord,MLP,yeojohnson,749254.8404350148,537831.7920563635,60.980857741081174,61.080089261444925,-0.6373578441678618,
21,lat,quantile_median_ord,KNeighbors,yeojohnson,407699.62650134275,256248.90779220776,32.005892400632,19.903342776203964,0.5151972024092836,
21,lat,quantile_median_ord,Linear,yeojohnson,429451.92774926114,280797.1067156805,36.997892675144335,25.419934460096762,0.46208506402891825,
21,lat,quantile_median_ord,DecisionTree,yeojohnson,541182.7226439967,248523.08601731603,29.465112876413908,15.116906663313001,0.1457748837895344,
21,lat,quantile_median_ord,GradientBoosting,yeojohnson,341140.66743614303,197687.54402606344,24.180211826834007,16.346265853773946,0.6605690186576341,
21,lat,quantile_median_ord,RandomForest,yeojohnson,327715.0320154074,194997.8013454553,24.05181727259921,14.794173351760486,0.6867600000363763,
21,lat,quantile_median_ord,MLP,yeojohnson,678055.566078845,480782.3101518111,58.026276429956155,54.19717395076008,-0.3409576459073471,
22,lng,quantile_median_ord,KNeighbors,yeojohnson,407699.62650134275,256248.90779220776,32.005892400632,19.903342776203964,0.5151972024092836,
22,lng,quantile_median_ord,Linear,yeojohnson,429451.92774926114,280797.10671568057,36.99789267514434,25.419934460096773,0.46208506402891825,
22,lng,quantile_median_ord,RandomForest,yeojohnson,325535.5853387783,194214.8277017548,23.977356574036477,14.752677533885569,0.6909125088869777,
22,lng,quantile_median_ord,DecisionTree,yeojohnson,530530.1903087602,250532.08580086578,29.81446367515025,16.356805078707005,0.17907270482417126,
22,lng,quantile_median_ord,GradientBoosting,yeojohnson,343041.6885886664,198320.7469799814,24.207842231909783,16.24673281806826,0.6567754905208187,
22,lng,quantile_median_ord,MLP,yeojohnson,654510.9527995279,453054.39002637984,54.24390739327567,48.372231403988906,-0.24944840580702787,
23,bairro_rank,quantile_median_ord,KNeighbors,yeojohnson,408800.1123491419,256225.59636363634,31.824462983134254,19.903342776203964,0.5125764559833303,
23,bairro_rank,quantile_median_ord,Linear,yeojohnson,431009.66233473475,281782.7291530654,37.144564545880044,25.407651156993143,0.45817567003644444,
23,bairro_rank,quantile_median_ord,DecisionTree,yeojohnson,549259.7416799904,257346.8236796537,30.19966897080813,16.078901359201396,0.12008640707149765,
23,bairro_rank,quantile_median_ord,RandomForest,yeojohnson,327345.96181598975,194809.21853390854,24.019481608688825,14.851959832667006,0.6874651398059266,
23,bairro_rank,quantile_median_ord,GradientBoosting,yeojohnson,345438.7959343057,198782.77602525288,24.25745539799455,16.449944320060414,0.6519619613590559,
23,bairro_rank,quantile_median_ord,MLP,yeojohnson,666474.5608267062,460369.6357345779,53.69332698825927,49.63768500205566,-0.29554244010175834,
24,score_educacao,quantile_median_ord,KNeighbors,yeojohnson,408800.1123491419,256225.59636363634,31.824462983134254,19.903342776203964,0.5125764559833303,
24,score_educacao,quantile_median_ord,Linear,yeojohnson,431009.66233473475,281782.7291530654,37.144564545880044,25.407651156993143,0.45817567003644444,
24,score_educacao,quantile_median_ord,DecisionTree,yeojohnson,549259.7416799904,257346.8236796537,30.19966897080813,16.078901359201396,0.12008640707149765,
24,score_educacao,quantile_median_ord,RandomForest,yeojohnson,327345.96181598975,194809.21853390854,24.019481608688825,14.851959832666994,0.6874651398059266,
24,score_educacao,quantile_median_ord,GradientBoosting,yeojohnson,345438.7959343057,198782.77602525288,24.25745539799455,16.449944320060414,0.6519619613590559,
24,score_educacao,quantile_median_ord,MLP,yeojohnson,636003.2197036676,441924.01371753245,54.774959387552045,47.21204567307692,-0.17978567478987584,
25,score_escola_privada,quantile_median_ord,Linear,yeojohnson,431009.66233473475,281782.7291530654,37.144564545880044,25.407651156993143,0.45817567003644444,
25,score_escola_privada,quantile_median_ord,DecisionTree,yeojohnson,549259.7416799904,257346.8236796537,30.19966897080813,16.078901359201396,0.12008640707149765,
25,score_escola_privada,quantile_median_ord,KNeighbors,yeojohnson,408800.1123491419,256225.59636363634,31.824462983134254,19.903342776203964,0.5125764559833303,
25,score_escola_privada,quantile_median_ord,RandomForest,yeojohnson,327345.96181598975,194809.21853390854,24.019481608688825,14.851959832667006,0.6874651398059266,
25,score_escola_privada,quantile_median_ord,GradientBoosting,yeojohnson,345438.7959343057,198782.77602525288,24.25745539799455,16.449944320060414,0.6519619613590559,
25,score_escola_privada,quantile_median_ord,MLP,yeojohnson,655196.1734347953,453474.0045758929,54.190350883250204,48.61607935468349,-0.2520659204134954,
1,metragem,quantile_median_ord,DecisionTree,yeojohnson,539504.2804753163,291179.19274823804,36.20088852153306,24.60362571881052,0.151065311697005,
1,metragem,quantile_median_ord,Linear,yeojohnson,490047.7190557819,338435.49330726947,44.38296839105246,35.06279681985061,0.29957565234884964,
1,metragem,quantile_median_ord,KNeighbors,yeojohnson,443861.23449205206,295281.7511688312,36.62193842124439,27.266931417710733,0.42538240048808307,
1,metragem,quantile_median_ord,RandomForest,yeojohnson,459417.8145379827,282759.58034725493,35.410265820003275,24.6049190271889,0.3843978142258806,
1,metragem,quantile_median_ord,GradientBoosting,yeojohnson,514158.78311151464,284712.7799985609,35.93892419039183,26.286608605544902,0.2289562730557827,
1,metragem,quantile_median_ord,MLP,yeojohnson,1023259.292050325,847169.1460793235,95.66560167189141,96.09987633106407,-2.053907540455346,
2,tipo_imovel,quantile_median_ord,Linear,yeojohnson,445210.68362153566,287883.6173975569,37.99655897456031,25.524917588065076,0.4218831268853922,
2,tipo_imovel,quantile_median_ord,DecisionTree,yeojohnson,462839.21786829265,230817.68419316094,28.89784404890307,18.260837105869264,0.3751945743999947,
2,tipo_imovel,quantile_median_ord,KNeighbors,yeojohnson,393446.0041763288,242272.88025974028,29.33568046211369,20.739828927828924,0.5485031048650792,
2,tipo_imovel,quantile_median_ord,GradientBoosting,yeojohnson,449453.0945978114,230930.8608848475,28.944175745420548,17.986732644756806,0.4108128857093446,
2,tipo_imovel,quantile_median_ord,RandomForest,yeojohnson,404541.67724048725,227264.71751999043,28.399284263899656,17.883383206017793,0.5226784617200826,
2,tipo_imovel,quantile_median_ord,MLP,yeojohnson,977096.5534382872,793704.946168102,87.96441511579891,88.82895737196016,-1.7845784184792355,
3,banheiros,quantile_median_ord,DecisionTree,yeojohnson,441539.4003547436,217325.57577173726,26.767160349772457,15.63018597997139,0.43137831609352295,
3,banheiros,quantile_median_ord,Linear,yeojohnson,440806.47679226147,285493.40270271606,37.77010550629514,26.55896273805387,0.4332644913127448,
3,banheiros,quantile_median_ord,KNeighbors,yeojohnson,400504.82006308745,237262.12805194804,28.109051746744502,19.627314814814817,0.5321571630573282,
3,banheiros,quantile_median_ord,RandomForest,yeojohnson,404999.996640344,217375.11634678105,26.448519595716675,16.996821667786953,0.5215963005636823,
3,banheiros,quantile_median_ord,GradientBoosting,yeojohnson,425591.76686086104,216196.0043210157,26.515481217779012,17.69544087777305,0.47171178102914924,
3,banheiros,quantile_median_ord,MLP,yeojohnson,977848.1636567255,800196.7372174944,89.65566188232847,91.18379655699944,-1.7888640186108002,
4,tem_elevador,quantile_median_ord,Linear,yeojohnson,440369.6452794799,284478.3208753022,37.57717416366125,26.277825462515313,0.43438718471626414,
4,tem_elevador,quantile_median_ord,DecisionTree,yeojohnson,462154.4061061342,219521.87913374236,26.52718692117608,15.426018725598528,0.37704211691204037,
4,tem_elevador,quantile_median_ord,KNeighbors,yeojohnson,394886.79257906234,233125.7568831169,27.88656066241937,19.8125,0.545190311948032,
4,tem_elevador,quantile_median_ord,RandomForest,yeojohnson,405436.94534815033,215550.2503884636,26.120043462622437,16.793165103268386,0.5205634578772473,
4,tem_elevador,quantile_median_ord,GradientBoosting,yeojohnson,439736.51664258866,219128.16640173196,26.676824554265576,17.415278502080078,0.4360124022878362,
4,tem_elevador,quantile_median_ord,MLP,yeojohnson,996222.4888798834,819878.0593067516,92.27215719641978,92.7429142293952,-1.8946574202062534,
5,quartos,quantile_median_ord,Linear,yeojohnson,440752.45414185035,284669.48011866416,37.59394392448976,26.3579309948063,0.4334033943451673,
5,quartos,quantile_median_ord,KNeighbors,yeojohnson,405030.33831422287,239475.52000000002,28.089549835190937,19.229035907818734,0.5215246160555944,
5,quartos,quantile_median_ord,DecisionTree,yeojohnson,465299.13289327023,209415.66217736746,25.19517211977241,12.68897023930581,0.3685354471586507,
5,quartos,quantile_median_ord,RandomForest,yeojohnson,401062.7036469475,207802.17198414454,24.81346589018447,15.456377741767252,0.5308528910143608,
5,quartos,quantile_median_ord,GradientBoosting,yeojohnson,425706.416409887,213764.0984840178,25.711622866800614,17.669639361570834,0.4714271130964435,
5,quartos,quantile_median_ord,MLP,yeojohnson,972501.9499164219,798633.3584383085,90.00204714452383,91.28177577473589,-1.7584521302321887,
6,vagas,quantile_median_ord,Linear,yeojohnson,440680.51231427654,284829.4814764942,37.61953009074261,26.2890479382924,0.4335883447327882,
6,vagas,quantile_median_ord,DecisionTree,yeojohnson,448905.12559669616,192706.28253916718,23.44935486881452,10.72923551443049,0.4122486727433814,
6,vagas,quantile_median_ord,RandomForest,yeojohnson,383003.94586902705,196552.72538518187,24.029007913377335,13.961395067291802,0.5721505414989969,
6,vagas,quantile_median_ord,KNeighbors,yeojohnson,379111.25654519524,221615.34103896108,26.6620429497433,18.19538670284939,0.5808033055044082,
6,vagas,quantile_median_ord,GradientBoosting,yeojohnson,406988.8862289813,207595.31711003344,25.57985052082767,16.801637355338684,0.5168860365784422,
6,vagas,quantile_median_ord,MLP,yeojohnson,961675.2477143027,781241.8033976766,86.79257059275139,88.66501556611182,-1.697375236646935,
7,score_parque,quantile_median_ord,DecisionTree,yeojohnson,428899.0481532602,220569.9436147186,26.70382051444204,13.22428510456679,0.4634692038330932,
7,score_parque,quantile_median_ord,Linear,yeojohnson,440684.43547065323,284974.26252835937,37.644708697960894,26.29155406815469,0.43357825973321895,
7,score_parque,quantile_median_ord,KNeighbors,yeojohnson,367417.16046351107,231872.0366233766,27.818027303525046,18.79326917617669,0.6062655973660109,
7,score_parque,quantile_median_ord,GradientBoosting,yeojohnson,371169.77148389275,203156.36408908208,25.016603829668,17.01540360182948,0.5981817210709942,
7,score_parque,quantile_median_ord,RandomForest,yeojohnson,351371.6367789716,198969.8983643692,24.54185794022485,15.191963747437548,0.6399043347042048,
7,score_parque,quantile_median_ord,MLP,yeojohnson,935176.7214122543,743221.6734781835,80.93217823384101,86.819780069668,-1.5507733189067423,
8,bairro,quantile_median_ord,KNeighbors,yeojohnson,379377.1118739274,233258.32181818184,28.530051533494778,19.403243017924137,0.5802151681212158,
8,bairro,quantile_median_ord,Linear,yeojohnson,440126.88207450276,285125.6280244278,37.71036292594207,26.323926153145898,0.43501062519973666,
8,bairro,quantile_median_ord,DecisionTree,yeojohnson,433871.29694335087,230336.85854978356,27.286059683408997,13.534599728629578,0.45095703631971107,
8,bairro,quantile_median_ord,RandomForest,yeojohnson,345357.02257514826,197215.98336325877,24.245789628269137,14.435393653272321,0.6521267191758989,
8,bairro,quantile_median_ord,GradientBoosting,yeojohnson,368843.55619937635,199603.55335460693,24.63507904126616,16.299609925368973,0.6032025328009901,
8,bairro,quantile_median_ord,MLP,yeojohnson,750525.6275450408,532318.8528327843,57.70328907372998,60.58282765106702,-0.6429166945427935,
9,metro_quadrado_bairro_mean,quantile_median_ord,DecisionTree,yeojohnson,401965.1056730553,222581.30443722947,27.224406263987788,13.772391991570073,0.5287393283079449,
9,metro_quadrado_bairro_mean,quantile_median_ord,KNeighbors,yeojohnson,392440.22509778646,237695.39818181816,29.374663621711385,19.445752379021997,0.5508085074008899,
9,metro_quadrado_bairro_mean,quantile_median_ord,Linear,yeojohnson,433926.75754876476,281463.4966244936,37.01107846908238,25.163756574832163,0.4508166619664603,
9,metro_quadrado_bairro_mean,quantile_median_ord,RandomForest,yeojohnson,340775.38025590836,195709.0221586328,23.91208683181502,14.206299425283012,0.6612955424344321,
9,metro_quadrado_bairro_mean,quantile_median_ord,GradientBoosting,yeojohnson,366640.8373725969,201327.78972856552,24.49129763593914,16.263377437321015,0.6079276982058102,
9,metro_quadrado_bairro_mean,quantile_median_ord,MLP,yeojohnson,746449.086349723,529430.6094377988,57.694789593100346,59.821295005115616,-0.6251178917956182,
10,score_escola_publica,quantile_median_ord,Linear,yeojohnson,434181.2091459364,281434.99729522294,36.959368714957904,25.722336923984066,0.4501723986362248,
10,score_escola_publica,quantile_median_ord,DecisionTree,yeojohnson,453873.9502161934,231713.39816017318,27.736322814735097,12.906608156943728,0.39916530216028157,
10,score_escola_publica,quantile_median_ord,KNeighbors,yeojohnson,385664.1703375609,237644.86181818182,29.48388700174033,19.445752379021997,0.5661864864816701,
10,score_escola_publica,quantile_median_ord,RandomForest,yeojohnson,324947.7617004396,193756.54853251518,23.634409067199172,14.621284273145966,0.6920277472989216,
10,score_escola_publica,quantile_median_ord,GradientBoosting,yeojohnson,354340.28913284815,196591.18222004554,24.012384143994478,15.94431582976617,0.6337939115174159,
10,score_escola_publica,quantile_median_ord,MLP,yeojohnson,725428.852650565,522379.6856809542,60.1540374418194,59.88517978206769,-0.5348789848231941,
11,score_mercado,quantile_median_ord,Linear,yeojohnson,434182.76709775225,281060.36506292364,37.02617230874198,25.438419213841367,0.4501684527885983,
11,score_mercado,quantile_median_ord,DecisionTree,yeojohnson,458420.0632355927,234965.81720779222,28.135373917716848,13.291081547179108,0.3870688073490167,
11,score_mercado,quantile_median_ord,RandomForest,yeojohnson,329142.7193285996,198010.09930246987,24.28804244479573,14.882446035807867,0.6840248010954653,
11,score_mercado,quantile_median_ord,KNeighbors,yeojohnson,401403.2711461011,244376.01844155844,29.992447705941146,19.75855831469718,0.5300557882460893,
11,score_mercado,quantile_median_ord,GradientBoosting,yeojohnson,356666.79503624456,203241.0841562469,24.830176893663054,16.637465846071446,0.6289692974715353,
11,score_mercado,quantile_median_ord,MLP,yeojohnson,763219.9412796663,544039.5513621739,59.355176452361306,62.94984753787879,-0.6989629500654828,
12,score_seguranca,quantile_median_ord,Linear,yeojohnson,433964.12967487297,281333.8106891884,37.10247401293523,25.383809455736873,0.45072206059683295,
12,score_seguranca,quantile_median_ord,DecisionTree,yeojohnson,453756.97907470126,242111.5633116883,28.681722386906085,14.723239238546594,0.3994749531732812,
12,score_seguranca,quantile_median_ord,KNeighbors,yeojohnson,403392.7741969336,245531.06155844152,30.087245804171292,19.800859068627446,0.5253858091859264,
12,score_seguranca,quantile_median_ord,RandomForest,yeojohnson,327499.17405941937,198203.34650711797,24.312983193385826,14.701887483715698,0.6871725113417901,
12,score_seguranca,quantile_median_ord,GradientBoosting,yeojohnson,352861.6711154466,202102.261048458,24.568403087594845,15.628130736808188,0.6368437998588921,
12,score_seguranca,quantile_median_ord,MLP,yeojohnson,740074.7787464454,534871.8517062695,61.39645612474987,62.75748288690477,-0.5974809875847158,
13,valor_bairro_mean,quantile_median_ord,DecisionTree,yeojohnson,425645.8848412338,238110.29296536793,28.684709294280005,15.071768555704299,0.47157741889422067,
13,valor_bairro_mean,quantile_median_ord,Linear,yeojohnson,432532.79553016875,281154.1811512237,37.04640255094615,25.82060799841014,0.45433942739090705,
13,valor_bairro_mean,quantile_median_ord,KNeighbors,yeojohnson,404301.69929673895,246205.847012987,30.198337993335233,19.800859068627446,0.5232445970412668,
13,valor_bairro_mean,quantile_median_ord,RandomForest,yeojohnson,328423.62153427,198539.29890518516,24.237263387640688,14.681988973376948,0.6854039527394391,
13,valor_bairro_mean,quantile_median_ord,GradientBoosting,yeojohnson,343584.7204357531,199142.76730077202,24.269890059994275,16.797123436810043,0.6556879879465016,
13,valor_bairro_mean,quantile_median_ord,MLP,yeojohnson,736253.2083162534,530239.459794042,60.18586135291426,61.57836476147405,-0.5810255585154349,
14,score_farmacia,quantile_median_ord,Linear,yeojohnson,433239.4451243775,281699.63000896206,37.14373229843437,25.700813086237428,0.4525550272005989,
14,score_farmacia,quantile_median_ord,DecisionTree,yeojohnson,532805.4286981041,254038.94015151518,30.326772362322803,15.861937853022548,0.17201632809922807,
14,score_farmacia,quantile_median_ord,RandomForest,yeojohnson,331805.3887648249,198288.44091703687,24.522708840800824,14.653285019610912,0.6788918265910766,
14,score_farmacia,quantile_median_ord,KNeighbors,yeojohnson,399577.843130512,245684.87402597402,30.28478467725732,20.07892393335077,0.5343203212316031,
14,score_farmacia,quantile_median_ord,GradientBoosting,yeojohnson,358810.55056400184,203644.06916491303,25.161541179556345,16.673065657324603,0.6244957130801735,
14,score_farmacia,quantile_median_ord,MLP,yeojohnson,753323.1423665917,538349.4359108467,60.50146595069579,63.07844580252422,-0.6551871603952182,
15,score_hospitais,quantile_median_ord,Linear,yeojohnson,433247.9471175695,281614.21259938396,37.12814785861392,25.83078405329845,0.45253354061089257,
15,score_hospitais,quantile_median_ord,DecisionTree,yeojohnson,526323.8497689166,248295.27781385285,30.132063186193314,14.560634920634921,0.1920386425602677,
15,score_hospitais,quantile_median_ord,KNeighbors,yeojohnson,400845.8438200944,246216.81090909088,30.390721390469384,20.07892393335077,0.5313601017525011,
15,score_hospitais,quantile_median_ord,RandomForest,yeojohnson,332317.59219947155,198099.42974826778,24.486790830792536,14.988662602208148,0.6778996808211699,
15,score_hospitais,quantile_median_ord,GradientBoosting,yeojohnson,351971.07045962906,205194.14522448194,25.11058773110866,16.864476440989932,0.6386746532587553,
15,score_hospitais,quantile_median_ord,MLP,yeojohnson,744148.5430607611,533105.4561023068,61.02871941836072,62.507722533700985,-0.6151161571987314,
16,metro_quadrado_bairro_median,quantile_median_ord,DecisionTree,yeojohnson,520736.3656699084,252353.8628787879,30.68151909807812,15.655646587538708,0.20910231275807412,
16,metro_quadrado_bairro_median,quantile_median_ord,Linear,yeojohnson,433251.05086032854,281577.824342144,37.122134040123456,25.772577184423422,0.45252569659844255,
16,metro_quadrado_bairro_median,quantile_median_ord,KNeighbors,yeojohnson,401560.56941142236,246011.31844155843,30.334741330101426,20.07892393335077,0.5296874011478949,
16,metro_quadrado_bairro_median,quantile_median_ord,GradientBoosting,yeojohnson,348818.9887984385,204841.2180058713,25.401982750642656,17.214804663951437,0.6451173825414017,
16,metro_quadrado_bairro_median,quantile_median_ord,RandomForest,yeojohnson,332607.5944359651,198789.02054149032,24.57624187885454,14.989961702997324,0.677337263585906,
16,metro_quadrado_bairro_median,quantile_median_ord,MLP,yeojohnson,755065.3700385474,542669.1920561555,61.95417926129028,64.0182946763264,-0.6628519919266531,
17,novo_lancamento,quantile_median_ord,DecisionTree,yeojohnson,545211.0479455156,252792.26880952384,30.346153350381943,15.364265364265364,0.13301060471498694,
17,novo_lancamento,quantile_median_ord,KNeighbors,yeojohnson,403382.5048655556,245258.6553246753,29.996850411395958,19.674836947564224,0.5254099737653368,
17,novo_lancamento,quantile_median_ord,Linear,yeojohnson,433630.4428795358,280983.34583803546,37.03542767301553,25.965691237318318,0.4515664452624081,
17,novo_lancamento,quantile_median_ord,RandomForest,yeojohnson,330813.0076722909,198158.77744511754,24.602757065993988,14.93781839367882,0.680809728805003,
17,novo_lancamento,quantile_median_ord,GradientBoosting,yeojohnson,350127.55059959606,203519.89729678736,25.19958840005338,17.102768639214563,0.6424497703869494,
17,novo_lancamento,quantile_median_ord,MLP,yeojohnson,736890.312462256,525889.3392790757,60.36048070488428,61.23038173218826,-0.5837629693471127,
18,quartos_por_metro,quantile_median_ord,KNeighbors,yeojohnson,404652.572985328,249109.27818181817,31.213146105284768,20.050833333333333,0.5224167325304172,
18,quartos_por_metro,quantile_median_ord,Linear,yeojohnson,429183.3801291465,280812.644860047,37.30778937574146,26.39779091735234,0.46275759848758136,
18,quartos_por_metro,quantile_median_ord,DecisionTree,yeojohnson,481550.5413538341,221311.2685930736,27.571783626315877,13.375076027456773,0.3236550666692618,
18,quartos_por_metro,quantile_median_ord,RandomForest,yeojohnson,330959.4518729111,196831.55753958135,24.272555662670182,15.18296007382853,0.6805270681523692,
18,quartos_por_metro,quantile_median_ord,GradientBoosting,yeojohnson,347961.8523640987,201309.40272500686,24.75324856782275,16.342180713418614,0.646859312333358,
18,quartos_por_metro,quantile_median_ord,MLP,yeojohnson,728167.2618324294,523385.639556647,60.942346656136095,60.50106458333333,-0.5464888342133247,
19,vagas_por_metro,quantile_median_ord,KNeighbors,yeojohnson,413173.2936535831,252499.89948051947,31.17468887225161,20.076575399009357,0.5020921487374892,
19,vagas_por_metro,quantile_median_ord,DecisionTree,yeojohnson,502004.6049305564,234927.08093073592,29.375302824306505,15.27417746759721,0.26497875500075807,
19,vagas_por_metro,quantile_median_ord,Linear,yeojohnson,427565.478397409,281049.9189801415,37.35214795494508,25.49541452319575,0.4668004720975947,
19,vagas_por_metro,quantile_median_ord,RandomForest,yeojohnson,327320.78374050354,194366.62976109184,24.05907376642695,14.641372185460993,0.6875132156925645,
19,vagas_por_metro,quantile_median_ord,GradientBoosting,yeojohnson,355608.0147000577,202903.49097241834,24.987371920480637,17.304496118260126,0.6311688682552141,
19,vagas_por_metro,quantile_median_ord,MLP,yeojohnson,740086.0898181988,532823.1611748831,61.66597609591194,61.03254622767342,-0.5975298187587439,
20,banheiros_por_quarto,quantile_median_ord,Linear,yeojohnson,429451.92774926114,280797.1067156806,36.99789267514436,25.419934460096783,0.46208506402891825,
20,banheiros_por_quarto,quantile_median_ord,KNeighbors,yeojohnson,407699.62650134275,256248.90779220776,32.005892400632,19.903342776203964,0.5151972024092836,
20,banheiros_por_quarto,quantile_median_ord,DecisionTree,yeojohnson,540420.6129271381,251812.2212987013,29.578421517919523,15.364265364265364,0.14817908054616757,
20,banheiros_por_quarto,quantile_median_ord,RandomForest,yeojohnson,326264.2896847449,194796.46003745275,24.049067279577635,14.508807018616166,0.6895271888282746,
20,banheiros_por_quarto,quantile_median_ord,GradientBoosting,yeojohnson,341804.18282195844,197478.72992898303,24.094252390011672,16.393312465979403,0.6592473544692548,
20,banheiros_por_quarto,quantile_median_ord,MLP,yeojohnson,752303.9450781773,538815.4002948018,60.616181113882725,60.846547809829055,-0.6507114686350979,
21,lat,quantile_median_ord,Linear,yeojohnson,429451.92774926114,280797.1067156805,36.997892675144335,25.419934460096762,0.46208506402891825,
21,lat,quantile_median_ord,KNeighbors,yeojohnson,407699.62650134275,256248.90779220776,32.005892400632,19.903342776203964,0.5151972024092836,
21,lat,quantile_median_ord,DecisionTree,yeojohnson,541182.7226439967,248523.08601731603,29.465112876413908,15.116906663313001,0.1457748837895344,
21,lat,quantile_median_ord,GradientBoosting,yeojohnson,341140.66743614303,197687.54402606344,24.180211826834007,16.346265853773946,0.6605690186576341,
21,lat,quantile_median_ord,RandomForest,yeojohnson,327715.0320154074,194997.8013454553,24.051817272599212,14.794173351760486,0.6867600000363762,
21,lat,quantile_median_ord,MLP,yeojohnson,705506.5183617974,497036.766599026,56.934915203010064,55.48142083333334,-0.45173233937857216,
22,lng,quantile_median_ord,KNeighbors,yeojohnson,407699.62650134275,256248.90779220776,32.005892400632,19.903342776203964,0.5151972024092836,
22,lng,quantile_median_ord,Linear,yeojohnson,429451.92774926114,280797.10671568057,36.99789267514434,25.419934460096773,0.46208506402891825,
22,lng,quantile_median_ord,DecisionTree,yeojohnson,530530.1903087602,250532.08580086578,29.81446367515025,16.356805078707005,0.17907270482417126,
22,lng,quantile_median_ord,RandomForest,yeojohnson,325535.5853387783,194214.8277017548,23.977356574036477,14.752677533885553,0.6909125088869777,
22,lng,quantile_median_ord,GradientBoosting,yeojohnson,343041.6885886664,198320.7469799814,24.207842231909783,16.24673281806826,0.6567754905208187,
22,lng,quantile_median_ord,MLP,yeojohnson,658859.2218747422,456534.12228084414,54.3220601556459,49.03633623046875,-0.2661050707815893,
23,bairro_rank,quantile_median_ord,DecisionTree,yeojohnson,549259.7416799904,257346.8236796537,30.19966897080813,16.078901359201396,0.12008640707149765,
23,bairro_rank,quantile_median_ord,KNeighbors,yeojohnson,408800.1123491419,256225.59636363634,31.824462983134254,19.903342776203964,0.5125764559833303,
23,bairro_rank,quantile_median_ord,Linear,yeojohnson,431009.66233473475,281782.7291530654,37.144564545880044,25.407651156993143,0.45817567003644444,
23,bairro_rank,quantile_median_ord,RandomForest,yeojohnson,327345.96181598975,194809.21853390854,24.01948160868882,14.851959832666994,0.6874651398059266,
23,bairro_rank,quantile_median_ord,GradientBoosting,yeojohnson,345438.7959343057,198782.77602525288,24.25745539799455,16.449944320060414,0.6519619613590559,
23,bairro_rank,quantile_median_ord,MLP,yeojohnson,660983.7188189795,457537.5065137987,54.17208019261178,49.9908713565516,-0.274283367340733,
24,score_educacao,quantile_median_ord,KNeighbors,yeojohnson,408800.1123491419,256225.59636363634,31.824462983134254,19.903342776203964,0.5125764559833303,
24,score_educacao,quantile_median_ord,DecisionTree,yeojohnson,549259.7416799904,257346.8236796537,30.19966897080813,16.078901359201396,0.12008640707149765,
24,score_educacao,quantile_median_ord,Linear,yeojohnson,431009.66233473475,281782.7291530654,37.144564545880044,25.407651156993143,0.45817567003644444,
24,score_educacao,quantile_median_ord,RandomForest,yeojohnson,327345.96181598975,194809.21853390854,24.01948160868882,14.851959832667006,0.6874651398059266,
24,score_educacao,quantile_median_ord,GradientBoosting,yeojohnson,345438.7959343057,198782.77602525288,24.25745539799455,16.449944320060414,0.6519619613590559,
24,score_educacao,quantile_median_ord,MLP,yeojohnson,653222.5344130906,453061.22000811686,54.43879368184932,48.657913754017876,-0.2445341173062252,
25,score_escola_privada,quantile_median_ord,DecisionTree,yeojohnson,549259.7416799904,257346.8236796537,30.19966897080813,16.078901359201396,0.12008640707149765,
25,score_escola_privada,quantile_median_ord,Linear,yeojohnson,431009.66233473475,281782.7291530654,37.144564545880044,25.407651156993143,0.45817567003644444,
25,score_escola_privada,quantile_median_ord,KNeighbors,yeojohnson,408800.1123491419,256225.59636363634,31.824462983134254,19.903342776203964,0.5125764559833303,
25,score_escola_privada,quantile_median_ord,RandomForest,yeojohnson,327345.96181598975,194809.21853390854,24.019481608688825,14.851959832666994,0.6874651398059266,
25,score_escola_privada,quantile_median_ord,GradientBoosting,yeojohnson,345438.7959343057,198782.77602525288,24.25745539799455,16.449944320060414,0.6519619613590559,
25,score_escola_privada,quantile_median_ord,MLP,yeojohnson,638852.5605417516,445014.3141132305,55.10654559357477,47.315255553270255,-0.19038040617303875,
1,metragem,power_median_ohe,DecisionTree,none,470777.1163041243,282154.6202374155,35.2571314014759,24.45649964277466,0.3535794136676874,
1,metragem,power_median_ohe,KNeighbors,none,464442.90456808533,300827.4005194805,37.05869819656584,27.465029738091427,0.3708573099321857,
1,metragem,power_median_ohe,Linear,none,494825.6829735894,339651.15228558896,44.40962571331813,35.044691165608214,0.2858507973565906,
1,metragem,power_median_ohe,RandomForest,none,436061.00591285666,281616.0110801974,35.3203856831811,24.317331780191036,0.4454011116963359,
1,metragem,power_median_ohe,GradientBoosting,none,449238.7849761607,276736.1362971441,35.017803745077494,26.15862616955726,0.4113746278141419,
1,metragem,power_median_ohe,MLP,none,1006127.0394703898,829830.9339590097,93.43386058938563,94.02670597081749,-1.9525015317022292,
2,tipo_imovel,power_median_ohe,DecisionTree,none,464142.1110790825,232031.8183922952,29.05854360310267,18.260837105869264,0.3716719665552901,
2,tipo_imovel,power_median_ohe,Linear,none,451341.15799746045,290157.0549586119,38.475989827616665,25.714425648415713,0.4058523718183116,
2,tipo_imovel,power_median_ohe,RandomForest,none,387747.32450690604,226878.13094942717,28.305697609816576,17.90353268937854,0.5614873665979778,
2,tipo_imovel,power_median_ohe,KNeighbors,none,399563.04118058796,247612.54597402597,29.996408581948746,20.452303258087575,0.5343548218413483,
2,tipo_imovel,power_median_ohe,GradientBoosting,none,411689.8976592189,228730.52496675923,28.693097765269098,17.778026126845027,0.5056609594687764,
2,tipo_imovel,power_median_ohe,MLP,none,987648.0582358646,806518.8257156372,89.79123451159502,90.18157352941176,-1.8450435493569421,
3,banheiros,power_median_ohe,Linear,none,440397.0265245649,286991.741552141,38.20267459641823,26.81677458091046,0.43431684533313675,
3,banheiros,power_median_ohe,DecisionTree,none,435152.8795223672,214492.52382368533,26.562847586177746,15.745614035087721,0.4477086853686253,
3,banheiros,power_median_ohe,KNeighbors,none,408818.7271533524,239398.21584415587,28.567035814835716,19.627314814814817,0.512532065093296,
3,banheiros,power_median_ohe,RandomForest,none,395981.47880318295,216044.823641871,26.328457330171883,16.53318562630312,0.5426652136132786,
3,banheiros,power_median_ohe,GradientBoosting,none,356493.7085525965,210355.88595074744,25.873764245111254,17.687083878884795,0.6293293243526011,
3,banheiros,power_median_ohe,MLP,none,969290.5773248395,792946.9057680402,88.86126928244948,89.2024730986456,-1.7402644206032862,
4,tem_elevador,power_median_ohe,DecisionTree,none,462845.0233466514,219468.77090863412,26.59122556519135,15.523877734023927,0.3751789002004645,
4,tem_elevador,power_median_ohe,Linear,none,439644.6036798934,285710.75747540704,37.94182638572029,26.393287948356516,0.4362481450635529,
4,tem_elevador,power_median_ohe,KNeighbors,none,407547.53054278565,237820.64155844157,28.443103662560613,20.03266070063733,0.5155588548974518,
4,tem_elevador,power_median_ohe,GradientBoosting,none,374766.0979789698,213745.81745173002,26.0635434760914,17.37937542086641,0.5903574282736341,
4,tem_elevador,power_median_ohe,RandomForest,none,394430.97206363553,213599.09777753468,25.996635945742497,16.414742726839957,0.5462396857925578,
4,tem_elevador,power_median_ohe,MLP,none,917856.8647396644,730549.1991304472,79.47640730654133,80.34890599035266,-1.457165511059992,
5,quartos,power_median_ohe,Linear,none,439392.65916011756,285613.5453173958,37.92895634239649,26.49587249189605,0.43689409177519944,
5,quartos,power_median_ohe,DecisionTree,none,456106.0020195242,204464.37593741695,24.496447342731756,12.052697615839383,0.3932412266649392,
5,quartos,power_median_ohe,KNeighbors,none,402243.91219376225,240855.4251948052,28.08920715985172,20.085384615384616,0.5280853605222666,
5,quartos,power_median_ohe,GradientBoosting,none,381435.7477888515,211078.57153917823,25.435255126194285,17.758478420902925,0.575647002090973,
5,quartos,power_median_ohe,RandomForest,none,390413.37055391766,205547.68148550048,24.583197811551162,15.015795502129963,0.5554364463762212,
5,quartos,power_median_ohe,MLP,none,932366.1478350422,752179.7284281545,83.22331372415833,83.91636880390696,-1.5354642058975245,
6,vagas,power_median_ohe,Linear,none,438580.1888077943,285705.5651643516,37.968897855374486,26.168693714368697,0.438974617535856,
6,vagas,power_median_ohe,DecisionTree,none,443903.72293681494,190981.14979334155,22.954032560290834,10.0,0.425272385128422,
6,vagas,power_median_ohe,KNeighbors,none,374527.8153509762,219651.6672727273,26.230691786568382,18.19538670284939,0.5908781780308026,
6,vagas,power_median_ohe,RandomForest,none,373106.63721061556,194965.57483773943,23.877127191150045,14.052434323097252,0.5939771833046368,
6,vagas,power_median_ohe,GradientBoosting,none,349210.41778280074,203791.47837579358,25.214627461895965,16.53484330386768,0.6443204690303019,
6,vagas,power_median_ohe,MLP,none,940876.2666437315,763903.9365817974,85.13412862312207,86.01822231401421,-1.581960045669482,
7,score_parque,power_median_ohe,DecisionTree,none,408391.36467888916,214236.68777056277,25.708332119173132,12.786095336430908,0.5135506907165791,
7,score_parque,power_median_ohe,KNeighbors,none,369747.1904849198,232307.9228571429,28.284634937320373,19.382530303030304,0.6012559133753165,
7,score_parque,power_median_ohe,Linear,none,438593.806736381,285697.5496292699,37.95970828974885,26.20089708501935,0.4389397772836061,
7,score_parque,power_median_ohe,RandomForest,none,342895.3303174743,198289.17186597508,24.458190154034206,14.858906664819777,0.6570683005869362,
7,score_parque,power_median_ohe,GradientBoosting,none,330859.9300301332,199670.20199033374,24.62963844630055,16.837625168648856,0.6807191747944047,
7,score_parque,power_median_ohe,MLP,none,958159.029012881,782192.084085182,87.54626683036884,88.2154133781058,-1.6776862161603217,
8,bairro,power_median_ohe,DecisionTree,none,383993.86734561186,211493.28214285715,25.57239876168139,13.159596300357034,0.5699360227460166,
8,bairro,power_median_ohe,KNeighbors,none,364188.6398715415,222997.45688311686,27.254694545123453,18.885178186299683,0.6131547402269601,
8,bairro,power_median_ohe,Linear,none,431679.7269846358,283726.60650507675,37.60766128121676,25.86683216281577,0.45648967747826674,
8,bairro,power_median_ohe,RandomForest,none,335348.5515574965,195394.617600838,23.81568130249106,14.745162455403987,0.6719973444304892,
8,bairro,power_median_ohe,GradientBoosting,none,313407.0696651781,194709.1356627547,24.061017216330377,16.89054425453993,0.7135148812763441,
8,bairro,power_median_ohe,MLP,none,890428.797301099,704325.0042150324,76.50063469870695,77.75036255950849,-1.3125060850618313,
9,metro_quadrado_bairro_mean,power_median_ohe,DecisionTree,none,440251.5933485673,234790.6286796537,28.127105532266423,14.866991370292887,0.4346903969644804,
9,metro_quadrado_bairro_mean,power_median_ohe,KNeighbors,none,352161.9744690145,222643.64103896104,27.196160529625857,19.0013977445755,0.638282591696688,
9,metro_quadrado_bairro_mean,power_median_ohe,Linear,none,431830.4319396765,283916.63836705126,37.65506986989075,25.86683216281584,0.4561101183214924,
9,metro_quadrado_bairro_mean,power_median_ohe,RandomForest,none,334997.03479859664,194756.67783878354,23.760387322315694,14.296912099147352,0.6726846174256826,
9,metro_quadrado_bairro_mean,power_median_ohe,GradientBoosting,none,324250.1018359638,196060.2924789387,23.713419884317965,16.346449836300287,0.6933487548840331,
9,metro_quadrado_bairro_mean,power_median_ohe,MLP,none,891704.1768695384,711246.6418890024,78.2218146880581,79.866182421875,-1.3191353297805035,
10,score_escola_publica,power_median_ohe,KNeighbors,none,365556.2085252206,229413.46181818182,27.4256705717206,18.79176470588235,0.610243991839146,
10,score_escola_publica,power_median_ohe,DecisionTree,none,389372.330070186,218241.37435064936,26.56444266209823,12.5,0.5578041502010223,
10,score_escola_publica,power_median_ohe,Linear,none,432180.4942104552,283773.1940450942,37.60454369641334,26.008869866841778,0.4552279549319014,
10,score_escola_publica,power_median_ohe,RandomForest,none,318467.28953839856,192712.11835494026,23.461152981805185,14.632371566304517,0.7041891132040871,
10,score_escola_publica,power_median_ohe,GradientBoosting,none,315068.659778749,190344.60865038255,23.149716939527615,15.004331429518897,0.7104691127096017,
10,score_escola_publica,power_median_ohe,MLP,none,898294.5537246428,717485.7252244826,78.9015555373974,80.59597304756761,-1.3535423816773604,
11,score_mercado,power_median_ohe,DecisionTree,none,423503.74366064626,228754.68863636363,27.647397470394715,12.54341163968956,0.47688280266120364,
11,score_mercado,power_median_ohe,Linear,none,432795.89183027,282697.0058098495,37.53075760392413,25.225259783610017,0.4536754086566629,
11,score_mercado,power_median_ohe,KNeighbors,none,375545.46744191146,233237.71194805193,27.495129682630253,18.928902272240126,0.5886518583998921,
11,score_mercado,power_median_ohe,RandomForest,none,327587.0337281011,198466.32768967576,24.261608042457468,14.916278359473504,0.6870046415672287,
11,score_mercado,power_median_ohe,GradientBoosting,none,323706.39448385034,195317.85392377691,23.787189788429725,16.079145872930052,0.6943762873296777,
11,score_mercado,power_median_ohe,MLP,none,863846.5910764004,682351.3004689799,74.65241267647501,76.34791874556109,-1.1764953199998018,
12,score_hospitais,power_median_ohe,Linear,none,432426.5180117707,282890.4627853211,37.56782367622832,25.2349073807065,0.45460754267655323,
12,score_hospitais,power_median_ohe,DecisionTree,none,442374.4099509894,239549.9206709957,28.76789702716968,14.899737380931183,0.42922560436936097,
12,score_hospitais,power_median_ohe,KNeighbors,none,369859.9697327586,231083.32103896106,27.443872343769954,18.96771682811094,0.6010126286789215,
12,score_hospitais,power_median_ohe,RandomForest,none,326341.11079757294,199160.37248657818,24.368282329111643,14.916037467358898,0.6893809658088732,
12,score_hospitais,power_median_ohe,GradientBoosting,none,323545.7543067599,197886.05531085993,24.072380143978332,16.67215113153031,0.6946795452590131,
12,score_hospitais,power_median_ohe,MLP,none,926728.8453587275,748038.0363343672,82.92469292589912,84.23053455295914,-1.5048968826647124,
13,lat,power_median_ohe,Linear,none,432426.5180117707,282890.4627853211,37.567823676228315,25.23490738070649,0.45460754267655334,
13,lat,power_median_ohe,DecisionTree,none,419579.1820113257,230043.3397186147,27.621828136344174,13.636363636363635,0.4865332165464793,
13,lat,power_median_ohe,RandomForest,none,325393.94379329897,199202.74045280914,24.357629444549964,14.692635737531438,0.6911814202292355,
13,lat,power_median_ohe,KNeighbors,none,369859.9697327586,231083.32103896106,27.443872343769954,18.96771682811094,0.6010126286789215,
13,lat,power_median_ohe,GradientBoosting,none,323462.74850096274,197968.89996595765,24.116626802557192,16.660662521307266,0.6948361853577218,
13,lat,power_median_ohe,MLP,none,872002.8238558908,689549.2510877337,75.29142521148607,77.25779591346154,-1.2177892435670903,
14,valor_bairro_mean,power_median_ohe,DecisionTree,none,453221.06991319003,235701.87413419914,27.705822964694306,13.636363636363635,0.40089261435542434,
14,valor_bairro_mean,power_median_ohe,Linear,none,432393.13442213484,282850.16130265757,37.557769381150145,25.23490738070649,0.45469174868347284,
14,valor_bairro_mean,power_median_ohe,KNeighbors,none,365453.80261794844,228582.29168831167,27.30053175505996,18.885178186299683,0.6104623315970079,
14,valor_bairro_mean,power_median_ohe,RandomForest,none,324846.38232521206,198826.10285175295,24.337054929634263,15.039377654346275,0.6922198838070996,
14,valor_bairro_mean,power_median_ohe,GradientBoosting,none,325457.8927142663,198296.87456300104,24.231716547798754,16.053984518689884,0.6910600254958508,
14,valor_bairro_mean,power_median_ohe,MLP,none,849219.5446661193,670506.7440352007,73.59506607936085,76.03548257853306,-1.1034125062964573,
15,score_farmacia,power_median_ohe,Linear,none,432351.3711869446,282368.3481587665,37.49264928366374,25.19331160494976,0.4547970821641327,
15,score_farmacia,power_median_ohe,DecisionTree,none,479047.20205269364,233092.5221861472,28.870868237004714,14.422826999815547,0.3306687438035395,
15,score_farmacia,power_median_ohe,RandomForest,none,334467.1860397979,199148.93001103422,24.654666647465987,14.89547741418723,0.6737191967209614,
15,score_farmacia,power_median_ohe,KNeighbors,none,367016.5306952518,230190.58857142855,27.52571580116543,18.928902272240126,0.6071237811367722,
15,score_farmacia,power_median_ohe,GradientBoosting,none,358524.2826584026,203948.86131119684,24.984575312503047,16.227448188313716,0.6250946472228833,
15,score_farmacia,power_median_ohe,MLP,none,896599.7352769778,719038.169564859,79.54070731036836,81.0964365062618,-1.3446698706379951,
16,score_seguranca,power_median_ohe,DecisionTree,none,506276.58258378255,238784.2698051948,28.87000619102303,13.675455384224696,0.2524157038924467,
16,score_seguranca,power_median_ohe,Linear,none,431882.65729545703,281916.19362077076,37.42787533008595,24.861176775743026,0.4559785548275431,
16,score_seguranca,power_median_ohe,KNeighbors,none,363822.29044723016,229895.58363636362,27.664029045151267,19.057670679522843,0.6139326297161651,
16,score_seguranca,power_median_ohe,RandomForest,none,331972.4721693377,199783.10505809457,24.659873751162607,14.869183572517358,0.6785683517044873,
16,score_seguranca,power_median_ohe,GradientBoosting,none,350595.303143924,200271.9965777435,24.62569495559044,16.58925785570033,0.6414937945161368,
16,score_seguranca,power_median_ohe,MLP,none,915737.4689837141,737423.4990722656,81.56651124200364,83.31322171978131,-1.4458310778240606,
17,lng,power_median_ohe,Linear,none,431882.65729545703,281916.1936207707,37.42787533008593,24.861176775743093,0.4559785548275431,
17,lng,power_median_ohe,KNeighbors,none,363822.29044723016,229895.58363636362,27.664029045151267,19.057670679522843,0.6139326297161651,
17,lng,power_median_ohe,DecisionTree,none,496422.65373276424,236591.1133116883,28.711817532491512,13.636363636363635,0.2812337542863117,
17,lng,power_median_ohe,RandomForest,none,334556.9379571116,198946.5429531901,24.63846199243917,14.772562077304885,0.6735440629080129,
17,lng,power_median_ohe,GradientBoosting,none,346739.43295805977,199061.1761303214,24.504138132585616,16.677443216411035,0.6493361801392865,
17,lng,power_median_ohe,MLP,none,866914.1532528627,686089.4733785258,75.00307608145718,77.32974455094538,-1.1919804516036598,
18,metro_quadrado_bairro_median,power_median_ohe,KNeighbors,none,363819.87685250613,228281.07142857142,27.331406273619113,19.03136206927431,0.6139377520360543,
18,metro_quadrado_bairro_median,power_median_ohe,Linear,none,431872.82926332246,281904.35169692064,37.42492104183615,24.86117677574315,0.4560033143279294,
18,metro_quadrado_bairro_median,power_median_ohe,DecisionTree,none,476713.2347595361,230162.76331168832,28.721223705784656,13.976744186046513,0.3371749572231013,
18,metro_quadrado_bairro_median,power_median_ohe,RandomForest,none,334111.75594925764,199304.75043392318,24.643570508606892,14.812384182545607,0.6744122895027989,
18,metro_quadrado_bairro_median,power_median_ohe,GradientBoosting,none,351656.2994822512,203573.8455472903,24.949327653879248,16.506765052107585,0.6393206374607301,
18,metro_quadrado_bairro_median,power_median_ohe,MLP,none,889580.0563442621,708732.6961837966,77.71805883387688,79.56058979833738,-1.3080997064295166,
19,novo_lancamento,power_median_ohe,Linear,none,432022.99593545514,280837.4084110454,37.264278006408176,25.097737831999446,0.45562494195225156,
19,novo_lancamento,power_median_ohe,KNeighbors,none,367518.0145403684,232046.76987012988,27.90290518166479,19.445752379021997,0.6060494116565083,
19,novo_lancamento,power_median_ohe,DecisionTree,none,496090.58154839353,236440.85538961037,28.38526369631746,14.503217720206266,0.2821950417882464,
19,novo_lancamento,power_median_ohe,GradientBoosting,none,347804.0945572109,202125.02856792553,25.03278925650438,16.671194860681876,0.6471794512857352,
19,novo_lancamento,power_median_ohe,RandomForest,none,333972.06759905256,199965.9756240604,24.741954117616434,15.065703342993913,0.6746844816768862,
19,novo_lancamento,power_median_ohe,MLP,none,892447.2964965557,709372.251504794,77.54707431352126,79.10202013315437,-1.3230023366622543,
20,banheiros_por_quarto,power_median_ohe,DecisionTree,none,508523.5862153801,241837.29413419915,28.469321550369482,14.19946587399271,0.24576498188460183,
20,banheiros_por_quarto,power_median_ohe,Linear,none,430197.0118741835,277237.575353457,36.23039578417921,23.749938683020922,0.4602169175221694,
20,banheiros_por_quarto,power_median_ohe,KNeighbors,none,371786.12323381245,233009.568051948,27.888257302890036,18.833238797504254,0.5968461218524732,
20,banheiros_por_quarto,power_median_ohe,RandomForest,none,333033.53393097344,199362.28818235433,24.661685132319196,14.887303984741019,0.6765103263465424,
20,banheiros_por_quarto,power_median_ohe,GradientBoosting,none,345547.92108238005,202112.46187029005,24.947209486179375,16.884186401399475,0.651742034113477,
20,banheiros_por_quarto,power_median_ohe,MLP,none,878258.8286438778,699381.5299030255,77.11018955881876,80.14640357607887,-1.2497255392265814,
21,vagas_por_metro,power_median_ohe,Linear,none,428307.6005057836,276751.9673050695,36.1600431322435,23.728741009302677,0.46494792513657135,
21,vagas_por_metro,power_median_ohe,KNeighbors,none,377422.45946689445,239623.62025974024,28.940294495334694,19.133754592302154,0.5845297121595268,
21,vagas_por_metro,power_median_ohe,DecisionTree,none,508159.03893978725,242927.81880952383,29.28478283705061,13.870589420301432,0.24684597704264766,
21,vagas_por_metro,power_median_ohe,RandomForest,none,331907.9299537388,197904.34169793353,24.50381890938262,14.551414822528312,0.6786933252837424,
21,vagas_por_metro,power_median_ohe,GradientBoosting,none,356030.88797440304,202211.17344936868,25.305075457920235,16.73773616268372,0.630291151457416,
21,vagas_por_metro,power_median_ohe,MLP,none,811069.2619814988,628456.5441754626,68.2694739785006,71.54588254630153,-0.9186704001738073,
22,quartos_por_metro,power_median_ohe,Linear,none,428547.52025038475,277119.8314657234,36.24669490032877,23.887897413474164,0.46434833030992106,
22,quartos_por_metro,power_median_ohe,KNeighbors,none,374350.3625055406,239605.85064935064,29.46727078473993,20.918006430868168,0.5912657734478121,
22,quartos_por_metro,power_median_ohe,DecisionTree,none,532064.6245823401,252722.14023809525,29.581890584593566,14.309245341813066,0.17431715788223312,
22,quartos_por_metro,power_median_ohe,RandomForest,none,330202.4191017514,196153.7143683259,24.198458309688466,15.075965771002378,0.6819869139033876,
22,quartos_por_metro,power_median_ohe,GradientBoosting,none,350045.472387509,199812.559883493,24.471521277431254,16.501647342368493,0.6426173872665756,
22,quartos_por_metro,power_median_ohe,MLP,none,845077.4236821993,667737.1200315995,73.4944709364755,76.17430749295491,-1.0829434979274573,
23,bairro_rank,power_median_ohe,KNeighbors,none,374431.2760680971,240146.0077922078,29.54260661478908,20.814701760588765,0.591089063499627,
23,bairro_rank,power_median_ohe,Linear,none,428597.5394735903,277185.29835963104,36.26302738801152,23.88789741347409,0.4642232825951792,
23,bairro_rank,power_median_ohe,DecisionTree,none,533630.5410620223,247663.71664502163,29.35594535215526,14.058823529411764,0.16944988068615374,
23,bairro_rank,power_median_ohe,RandomForest,none,329800.69962605985,195853.29168135577,24.12894307691088,15.034132710220117,0.6827602234382544,
23,bairro_rank,power_median_ohe,GradientBoosting,none,350491.3056803838,200170.1064217371,24.478287155676053,16.470228241616276,0.6417064511372723,
23,bairro_rank,power_median_ohe,MLP,none,877025.5500472569,702093.5585399678,78.01166548723926,80.64237774963676,-1.2434117050390334,
24,score_educacao,power_median_ohe,Linear,none,428597.5394735903,277185.29835963104,36.26302738801152,23.88789741347409,0.4642232825951792,
24,score_educacao,power_median_ohe,KNeighbors,none,374431.2760680971,240146.0077922078,29.54260661478908,20.814701760588765,0.591089063499627,
24,score_educacao,power_median_ohe,DecisionTree,none,533630.5410620223,247663.71664502163,29.35594535215526,14.058823529411764,0.16944988068615374,
24,score_educacao,power_median_ohe,RandomForest,none,329800.69962605985,195853.29168135577,24.128943076910872,15.034132710220117,0.6827602234382544,
24,score_educacao,power_median_ohe,GradientBoosting,none,350491.3056803838,200170.1064217371,24.478287155676053,16.470228241616276,0.6417064511372723,
24,score_educacao,power_median_ohe,MLP,none,829734.2844959158,651645.096270098,71.63378088460173,75.06283376245175,-1.007994694580645,
25,score_escola_privada,power_median_ohe,DecisionTree,none,533630.5410620223,247663.71664502163,29.35594535215526,14.058823529411764,0.16944988068615374,
25,score_escola_privada,power_median_ohe,Linear,none,428597.5394735903,277185.29835963104,36.26302738801152,23.88789741347409,0.4642232825951792,
25,score_escola_privada,power_median_ohe,KNeighbors,none,374431.2760680971,240146.0077922078,29.54260661478908,20.814701760588765,0.591089063499627,
25,score_escola_privada,power_median_ohe,RandomForest,none,329800.69962605985,195853.29168135577,24.12894307691088,15.034132710220117,0.6827602234382544,
25,score_escola_privada,power_median_ohe,GradientBoosting,none,350491.3056803838,200170.1064217371,24.478287155676053,16.470228241616276,0.6417064511372723,
25,score_escola_privada,power_median_ohe,MLP,none,883089.9993879426,709278.1238214865,78.96759314033595,81.506355078125,-1.274544423359072,
1,metragem,power_median_ohe,DecisionTree,log,470777.1163041243,282154.6202374155,35.2571314014759,24.45649964277466,0.3535794136676874,
1,metragem,power_median_ohe,Linear,log,495828.07729183254,339823.358691509,44.4569501838963,35.28120821057996,0.2829544877897471,
1,metragem,power_median_ohe,KNeighbors,log,464442.90456808533,300827.4005194805,37.05869819656584,27.465029738091427,0.3708573099321857,
1,metragem,power_median_ohe,RandomForest,log,436061.00591285666,281616.0110801974,35.320385683181094,24.317331780191036,0.4454011116963359,
1,metragem,power_median_ohe,GradientBoosting,log,449238.7849761607,276736.1362971441,35.017803745077494,26.15862616955726,0.4113746278141419,
1,metragem,power_median_ohe,MLP,log,1026613.6208705388,850499.6776711204,96.0798911745356,96.42253400814744,-2.0739622815877605,
2,tipo_imovel,power_median_ohe,DecisionTree,log,464142.1110790825,232031.8183922952,29.05854360310267,18.260837105869264,0.3716719665552901,
2,tipo_imovel,power_median_ohe,Linear,log,452919.95955091104,290135.041171582,38.36505678338516,25.517326888279236,0.401688418115711,
2,tipo_imovel,power_median_ohe,KNeighbors,log,399563.04118058796,247612.54597402597,29.996408581948746,20.452303258087575,0.5343548218413483,
2,tipo_imovel,power_median_ohe,RandomForest,log,387747.32450690604,226878.13094942717,28.305697609816576,17.90353268937854,0.5614873665979778,
2,tipo_imovel,power_median_ohe,GradientBoosting,log,411689.8976592189,228730.52496675923,28.693097765269098,17.778026126845027,0.5056609594687764,
2,tipo_imovel,power_median_ohe,MLP,log,984773.1592306673,803710.0586845299,89.45142777889666,89.824859776005,-1.8285046445200255,
3,banheiros,power_median_ohe,DecisionTree,log,435152.8795223672,214492.52382368533,26.562847586177746,15.745614035087721,0.4477086853686253,
3,banheiros,power_median_ohe,Linear,log,440852.9206096751,286804.8823921333,38.087361569194385,26.975035467758136,0.4331450613656104,
3,banheiros,power_median_ohe,KNeighbors,log,406940.7702469975,238622.47038961036,28.49226485453389,19.75054097409468,0.5170002614600291,
3,banheiros,power_median_ohe,RandomForest,log,395963.79039413447,216037.74052498786,26.328595542627497,16.53318562630312,0.5427060707974047,
3,banheiros,power_median_ohe,GradientBoosting,log,356496.2207896447,210360.0103786745,25.873929222228337,17.687083878884795,0.6293241000478638,
3,banheiros,power_median_ohe,MLP,log,973289.6645433522,796901.7838511281,89.33976898398652,89.57919271057145,-1.762922564643362,
4,tem_elevador,power_median_ohe,Linear,log,440052.42434095015,285477.4939217922,37.81545479376279,26.78262048328291,0.4352017713063012,
4,tem_elevador,power_median_ohe,DecisionTree,log,462845.0233466514,219468.77090863412,26.59122556519135,15.523877734023927,0.3751789002004645,
4,tem_elevador,power_median_ohe,KNeighbors,log,406799.84801701014,236777.03714285718,28.351150507464627,19.740018885741268,0.5173347259315373,
4,tem_elevador,power_median_ohe,RandomForest,log,394414.20471533143,213593.05362169055,25.99687875510126,16.414742726839965,0.5462782638762138,
4,tem_elevador,power_median_ohe,GradientBoosting,log,374766.0979789698,213745.81745173002,26.0635434760914,17.37937542086641,0.5903574282736341,
4,tem_elevador,power_median_ohe,MLP,log,929322.040283936,744299.6062872949,81.50731277988102,82.35208911276399,-1.5189350214558885,
5,quartos,power_median_ohe,Linear,log,439121.11027203605,285118.1039217093,37.7674833409592,26.54261254978218,0.43758988643583707,
5,quartos,power_median_ohe,DecisionTree,log,456106.0020195242,204464.37593741695,24.496447342731756,12.052697615839383,0.3932412266649392,
5,quartos,power_median_ohe,KNeighbors,log,398175.3286369513,238749.23974025977,27.938375412061024,20.30621785881253,0.5375836466792263,
5,quartos,power_median_ohe,GradientBoosting,log,381435.7477888515,211078.57153917823,25.435255126194285,17.758478420902925,0.575647002090973,
5,quartos,power_median_ohe,RandomForest,log,390361.8590833277,205533.19577121476,24.58301642199326,15.01579550212995,0.5555537508202499,
5,quartos,power_median_ohe,MLP,log,931829.5024923554,753255.5158100871,83.6076036779114,84.14144371323529,-1.5325463533240185,
6,vagas,power_median_ohe,DecisionTree,log,443903.72293681494,190981.14979334155,22.954032560290834,10.0,0.425272385128422,
6,vagas,power_median_ohe,Linear,log,438376.42292651307,285132.73742450064,37.80211659433796,26.227411010571842,0.4394958051232778,
6,vagas,power_median_ohe,KNeighbors,log,376403.78745420027,220058.32857142857,26.286532850104127,18.114383588710076,0.5867694135481021,
6,vagas,power_median_ohe,RandomForest,log,373116.6606379027,194975.92873384332,23.87816956466297,14.052434323097243,0.5939553675852659,
6,vagas,power_median_ohe,GradientBoosting,log,349076.5982814939,203774.74796575613,25.210423565409634,16.53484330386768,0.6445930138075321,
6,vagas,power_median_ohe,MLP,log,930420.4597532379,754338.4239234627,84.10169610260432,85.12546482802014,-1.5248930904521556,
7,bairro,power_median_ohe,Linear,log,432921.5039090712,283612.5317724426,37.51834073872137,26.353104720210734,0.4533582387039736,
7,bairro,power_median_ohe,KNeighbors,log,365524.3123846031,221995.4187012987,27.043585538195224,18.898477109744714,0.6103120041983745,
7,bairro,power_median_ohe,DecisionTree,log,443665.03244100505,200690.82696894737,24.248574650110967,12.25578231292517,0.42589029000437506,
7,bairro,power_median_ohe,RandomForest,log,347513.336744536,194196.12131687655,23.617941005780256,14.789663513861296,0.6477691076635217,
7,bairro,power_median_ohe,GradientBoosting,log,328688.22540067404,198751.46928886263,24.42644450102288,16.496609013656045,0.6848968219566147,
7,bairro,power_median_ohe,MLP,log,923287.8726629401,740004.676664833,81.22873772690552,82.09827111768459,-1.4863298983888407,
8,score_parque,power_median_ohe,Linear,log,431456.13695921097,283192.9828478785,37.44870123065988,25.78691141307058,0.45705255781514176,
8,score_parque,power_median_ohe,DecisionTree,log,383971.281594519,211367.2237012987,25.551230345557435,13.150240245596805,0.5699866122637735,
8,score_parque,power_median_ohe,KNeighbors,log,364411.0952573994,222916.70805194802,27.281900914673606,18.367901388483187,0.6126820066784098,
8,score_parque,power_median_ohe,GradientBoosting,log,313571.5093213267,194823.4014251421,24.07731099478111,16.89054425453993,0.7132141741272184,
8,score_parque,power_median_ohe,RandomForest,log,335440.3602506183,195418.41389748422,23.82013245620366,14.745162455403987,0.6718177246461866,
8,score_parque,power_median_ohe,MLP,log,914016.6698032466,731350.7796312209,80.2825146074205,81.25551068585463,-1.4366475949836555,
9,score_escola_publica,power_median_ohe,DecisionTree,log,411613.8318304524,222043.68430735933,26.339015144480314,12.8959451502761,0.5058436155661481,
9,score_escola_publica,power_median_ohe,KNeighbors,log,359099.3180622385,224978.83870129872,26.826528617233787,18.151826074062093,0.623891064936658,
9,score_escola_publica,power_median_ohe,RandomForest,log,324076.8794116352,194667.0074088963,23.65953728205509,15.025772195823773,0.6936763087265394,
9,score_escola_publica,power_median_ohe,GradientBoosting,log,318770.3929661109,194640.8958416243,23.71023463866468,15.835631994700744,0.7036257651644926,
9,score_escola_publica,power_median_ohe,Linear,log,431835.3981355918,283025.2531095041,37.39019322606961,25.675932793220053,0.4560976084146374,
9,score_escola_publica,power_median_ohe,MLP,log,897288.4444257268,712096.7767238072,77.5521867255019,78.65493219033816,-1.3482732974899352,
10,metro_quadrado_bairro_mean,power_median_ohe,DecisionTree,log,428694.00303545967,229701.09599567103,27.56636287738538,13.574938574938574,0.4639820831395025,
10,metro_quadrado_bairro_mean,power_median_ohe,Linear,log,431983.85544812167,283220.5421224288,37.438913353263516,25.67593279322007,0.4557235762382613,
10,metro_quadrado_bairro_mean,power_median_ohe,KNeighbors,log,365587.057041667,229021.99714285714,27.238908791578258,18.79176470588235,0.6101782076907066,
10,metro_quadrado_bairro_mean,power_median_ohe,GradientBoosting,log,319929.49809347076,191103.06206938697,23.184289902869548,15.056140750261088,0.7014665090447034,
10,metro_quadrado_bairro_mean,power_median_ohe,RandomForest,log,321742.7699993136,193747.3762496084,23.5402904829951,14.812216127918918,0.6980729087162909,
10,metro_quadrado_bairro_mean,power_median_ohe,MLP,log,909565.7932671634,729750.1597638018,80.54336701265672,81.96925855914918,-1.4129744779787554,
11,score_mercado,power_median_ohe,Linear,log,432590.24042389105,282051.4099944454,37.35169029044191,25.13334092891293,0.45419447886711484,
11,score_mercado,power_median_ohe,DecisionTree,log,433173.4125492362,231088.04837662337,27.98615190722512,13.636363636363635,0.4527218931074436,
11,score_mercado,power_median_ohe,KNeighbors,log,368110.66527953715,230507.71922077922,27.284190568298794,18.840336134453782,0.6047778366788826,
11,score_mercado,power_median_ohe,RandomForest,log,323977.17930916644,197238.22558582883,24.176997001630248,14.613445814588232,0.6938647566384816,
11,score_mercado,power_median_ohe,GradientBoosting,log,324117.6217586504,196091.9267016642,23.852698058049203,16.13470085134887,0.6935992829871251,
11,score_mercado,power_median_ohe,MLP,log,914470.2961166503,735270.1718206232,81.32125680233054,82.62038861955915,-1.4390668107135576,
12,score_farmacia,power_median_ohe,Linear,log,432602.29991400684,281923.02507612813,37.33402088359253,25.07613898058866,0.454164047167929,
12,score_farmacia,power_median_ohe,KNeighbors,log,365895.19711589767,230884.26051948048,27.471635473412082,18.928902272240126,0.6095207974461105,
12,score_farmacia,power_median_ohe,RandomForest,log,334062.7509322196,198583.05120583563,24.628147525263376,14.529018316457625,0.6745077920459118,
12,score_farmacia,power_median_ohe,DecisionTree,log,503304.6232178852,242696.70530303032,29.99353761172239,14.90766795442494,0.2611669241486395,
12,score_farmacia,power_median_ohe,GradientBoosting,log,348106.64071238897,200521.15336365128,24.904294052273954,16.768809062057464,0.6465653646240245,
12,score_farmacia,power_median_ohe,MLP,log,926357.3853394336,748089.3457335435,83.0152556073767,84.04657558105015,-1.5028892132813265,
13,valor_bairro_mean,power_median_ohe,KNeighbors,log,367494.92826352944,230547.36311688306,27.43429075298828,18.96771682811094,0.6060989034709454,
13,valor_bairro_mean,power_median_ohe,Linear,log,432569.53857257095,281882.91413796233,37.32401412499389,25.07613898058879,0.4542467172827235,
13,valor_bairro_mean,power_median_ohe,DecisionTree,log,491412.070695662,235545.5273809524,29.01548239602273,13.969949916527547,0.29567009230810404,
13,valor_bairro_mean,power_median_ohe,GradientBoosting,log,346912.8223848222,202109.54015699582,24.99966015425772,17.192394851074713,0.6489853887668087,
13,valor_bairro_mean,power_median_ohe,RandomForest,log,334218.56230073405,198454.18253639282,24.569310941669052,14.679925084391677,0.6742040933342754,
13,valor_bairro_mean,power_median_ohe,MLP,log,890186.0710918114,714249.1841303045,79.23373269962903,80.96106466879358,-1.3112455028947392,
14,score_seguranca,power_median_ohe,DecisionTree,log,479511.88641880197,227802.69101731598,28.32138411931583,13.677304412991532,0.3293695873929694,
14,score_seguranca,power_median_ohe,Linear,log,432617.807112712,282052.795802102,37.353705332112256,25.136027053448135,0.45412491405055444,
14,score_seguranca,power_median_ohe,KNeighbors,log,367027.80980639847,230775.15714285718,27.526845919204092,19.318352059925093,0.6070996331093137,
14,score_seguranca,power_median_ohe,RandomForest,log,333716.34088558884,199055.95210113478,24.567707516415854,14.749377552831099,0.6751824875035102,
14,score_seguranca,power_median_ohe,GradientBoosting,log,348608.291272793,200793.1383428388,24.75279309901347,16.991021001688893,0.645545973353355,
14,score_seguranca,power_median_ohe,MLP,log,906365.4930725996,728688.1975616851,80.66853443936749,82.25650973925066,-1.3960242860896526,
15,score_hospitais,power_median_ohe,Linear,log,431749.60817323916,281462.82643032627,37.28414835828799,25.09591497574306,0.4563136941312892,
15,score_hospitais,power_median_ohe,DecisionTree,log,500535.05038215587,238035.91785714286,28.549289057743216,13.946694102574059,0.2692758184013825,
15,score_hospitais,power_median_ohe,KNeighbors,log,363144.7188465215,229822.00805194804,27.52261197388134,19.146184655124582,0.6153692909976812,
15,score_hospitais,power_median_ohe,RandomForest,log,335450.02416944044,199188.59091197248,24.628875974113352,14.777041177141431,0.6717988147418996,
15,score_hospitais,power_median_ohe,GradientBoosting,log,352179.44813280273,200922.6452065303,24.72194968934588,16.680985032949934,0.6382466952306066,
15,score_hospitais,power_median_ohe,MLP,log,894551.3842889991,715243.4981998592,78.70730132242653,80.74563606510804,-1.3339689511956894,
16,novo_lancamento,power_median_ohe,Linear,log,431887.1578394723,280382.55669112055,37.12602555725715,25.071620281496294,0.4559672165384273,
16,novo_lancamento,power_median_ohe,DecisionTree,log,482128.61018441577,228533.86556277057,27.806457064621387,13.857851494035827,0.32203027940416185,
16,novo_lancamento,power_median_ohe,KNeighbors,log,367776.61939313356,233324.7888311688,28.126186522859076,19.445752379021997,0.6054948082191922,
16,novo_lancamento,power_median_ohe,GradientBoosting,log,339747.4691874544,197654.75490953558,24.444258980306284,16.81257083692716,0.6633357894179623,
16,novo_lancamento,power_median_ohe,RandomForest,log,335184.30708917417,200745.8658970272,24.77472294192678,15.047026973324702,0.6723185590524716,
16,novo_lancamento,power_median_ohe,MLP,log,862400.7437234239,676530.6040784167,73.13826072135205,75.05409642627332,-1.1692156791158936,
17,bairro_rank,power_median_ohe,DecisionTree,log,486854.7540819555,234196.54283549785,28.010005864117566,14.390537931027115,0.3086733155202206,
17,bairro_rank,power_median_ohe,KNeighbors,log,366806.6733911267,231905.93948051948,27.856169325913267,19.334146341463416,0.6075729400475756,
17,bairro_rank,power_median_ohe,Linear,log,431922.70751852734,280427.33927750296,37.137197784879916,25.071620281496276,0.4558776515376375,
17,bairro_rank,power_median_ohe,RandomForest,log,333103.6918182532,199618.7407712008,24.731051961525246,15.106543317394372,0.676374017294842,
17,bairro_rank,power_median_ohe,GradientBoosting,log,347159.8167838645,200785.75195946466,24.87327241280752,16.69108325385539,0.6484853812655793,
17,bairro_rank,power_median_ohe,MLP,log,853666.4262733844,668564.61983056,72.35027624944595,74.89995884004632,-1.1254989414628724,
18,quartos_por_metro,power_median_ohe,KNeighbors,log,365364.92753768957,232710.3722077922,28.205729323241858,19.328192302348203,0.6106517726789475,
18,quartos_por_metro,power_median_ohe,Linear,log,432384.7965112279,280706.3024282179,37.1871269067179,24.86583044228081,0.4547127790256159,
18,quartos_por_metro,power_median_ohe,DecisionTree,log,498028.2119291308,227091.4361255411,27.56539264707146,13.19773996146889,0.2765768868834729,
18,quartos_por_metro,power_median_ohe,RandomForest,log,332068.69623983896,197292.8929947932,24.36219421668857,15.187504312612274,0.6783819871910494,
18,quartos_por_metro,power_median_ohe,GradientBoosting,log,342425.12037337077,198537.58894726026,24.27324050503657,16.35870459766161,0.6580081753565463,
18,quartos_por_metro,power_median_ohe,MLP,log,883958.6231605689,705059.5811626484,77.63230442675452,80.02572146760117,-1.2790211925185968,
19,vagas_por_metro,power_median_ohe,Linear,log,430881.3376224245,280642.42435924447,37.1528594581262,24.874633205683,0.4584982572395728,
19,vagas_por_metro,power_median_ohe,DecisionTree,log,529226.8498738518,248889.89413419916,29.58384156210404,15.202876219825374,0.1831012540013256,
19,vagas_por_metro,power_median_ohe,KNeighbors,log,367582.4703910275,232215.2,28.345070198536042,20.0,0.605911216270352,
19,vagas_por_metro,power_median_ohe,GradientBoosting,log,362248.1075236914,205429.41192195538,25.16925340647895,17.149604822667584,0.6172662675620055,
19,vagas_por_metro,power_median_ohe,RandomForest,log,331401.74519905815,195570.24120559418,24.181403722881036,14.681677004707739,0.6796726120441665,
19,vagas_por_metro,power_median_ohe,MLP,log,865214.5301714527,689276.9477264008,76.20206699628663,78.7528995718993,-1.1833939300593204,
20,banheiros_por_quarto,power_median_ohe,Linear,log,427303.1507102066,276163.1898905449,36.081272403298634,23.52182757372927,0.46745454777645035,
20,banheiros_por_quarto,power_median_ohe,DecisionTree,log,546446.6446711092,249788.49543290044,29.038049861348853,13.780445867882815,0.1290764836685807,
20,banheiros_por_quarto,power_median_ohe,KNeighbors,log,372849.5245772108,237981.3535064935,29.44400625514797,20.123267557477657,0.5945365816949271,
20,banheiros_por_quarto,power_median_ohe,RandomForest,log,330175.7478780019,196160.1963704745,24.185752868637262,14.99291352639261,0.6820382851540904,
20,banheiros_por_quarto,power_median_ohe,GradientBoosting,log,348723.4182255365,199844.68626814403,24.409256136126,16.157986666999548,0.645311819713104,
20,banheiros_por_quarto,power_median_ohe,MLP,log,819571.7471759109,642181.4413285293,70.62202043206806,73.65013616247155,-0.9591083132806422,
21,lat,power_median_ohe,Linear,log,427303.1507102066,276163.1898905449,36.081272403298634,23.521827573729293,0.46745454777645035,
21,lat,power_median_ohe,DecisionTree,log,522867.9241924513,247388.28006493507,30.19600357019642,14.852941176470589,0.202614211687985,
21,lat,power_median_ohe,KNeighbors,log,372849.5245772108,237981.3535064935,29.44400625514797,20.123267557477657,0.5945365816949271,
21,lat,power_median_ohe,RandomForest,log,329579.4050062854,196459.8585526382,24.197673252217015,15.023197951598505,0.6831858132124866,
21,lat,power_median_ohe,GradientBoosting,log,347189.7442936195,199415.52391636133,24.440537860465785,16.403076024769657,0.6484247728073531,
21,lat,power_median_ohe,MLP,log,869148.5016588186,693373.4857180509,76.73609315712862,79.20598073173909,-1.2032940505487777,
22,lng,power_median_ohe,Linear,log,427303.1507102066,276163.1898905449,36.08127240329863,23.521827573729233,0.46745454777645035,
22,lng,power_median_ohe,KNeighbors,log,372849.5245772108,237981.3535064935,29.44400625514797,20.123267557477657,0.5945365816949271,
22,lng,power_median_ohe,DecisionTree,log,529253.1788946559,242385.45474025974,28.632270893670604,13.75555142083558,0.1830199706004617,
22,lng,power_median_ohe,RandomForest,log,328606.50359643216,195677.64312899616,24.141049946543095,14.76000594276008,0.685053490781535,
22,lng,power_median_ohe,GradientBoosting,log,351926.97706627374,200444.94112771735,24.45656210132467,16.15798666699954,0.6387651781003165,
22,lng,power_median_ohe,MLP,log,810406.0317374029,631514.4922110818,69.1509180757631,72.13111628174896,-0.9155338001009434,
23,metro_quadrado_bairro_median,power_median_ohe,DecisionTree,log,545104.078098685,252102.18547619047,29.65167805147697,14.000000000000002,0.1333507761962931,
23,metro_quadrado_bairro_median,power_median_ohe,KNeighbors,log,372849.5245772108,237981.3535064935,29.44400625514797,20.123267557477657,0.5945365816949271,
23,metro_quadrado_bairro_median,power_median_ohe,Linear,log,427303.1507102066,276163.1898905448,36.081272403298605,23.521827573729215,0.46745454777645035,
23,metro_quadrado_bairro_median,power_median_ohe,RandomForest,log,330198.18717633386,195552.38906377245,24.136465727247998,14.95503784256775,0.681995065261223,
23,metro_quadrado_bairro_median,power_median_ohe,GradientBoosting,log,348576.70735422464,199473.0940184361,24.41304982214916,16.143866370623893,0.6456101975285014,
23,metro_quadrado_bairro_median,power_median_ohe,MLP,log,876562.7642917412,700573.5338552103,77.57606166189073,80.1271390193809,-1.241044738514684,
24,score_educacao,power_median_ohe,KNeighbors,log,372849.5245772108,237981.3535064935,29.44400625514797,20.123267557477657,0.5945365816949271,
24,score_educacao,power_median_ohe,Linear,log,427303.1507102066,276163.1898905448,36.081272403298605,23.521827573729215,0.46745454777645035,
24,score_educacao,power_median_ohe,DecisionTree,log,545104.078098685,252102.18547619047,29.65167805147697,14.000000000000002,0.1333507761962931,
24,score_educacao,power_median_ohe,RandomForest,log,330198.18717633386,195552.38906377237,24.136465727247998,14.95503784256775,0.681995065261223,
24,score_educacao,power_median_ohe,GradientBoosting,log,348576.70735422464,199473.0940184361,24.41304982214916,16.143866370623893,0.6456101975285014,
24,score_educacao,power_median_ohe,MLP,log,869373.7172846132,694900.0506218452,77.1492941808908,79.38716788140127,-1.2044360430570005,
25,score_escola_privada,power_median_ohe,Linear,log,427303.1507102066,276163.1898905448,36.081272403298605,23.521827573729215,0.46745454777645035,
25,score_escola_privada,power_median_ohe,DecisionTree,log,545104.078098685,252102.18547619047,29.65167805147697,14.000000000000002,0.1333507761962931,
25,score_escola_privada,power_median_ohe,KNeighbors,log,372849.5245772108,237981.3535064935,29.44400625514797,20.123267557477657,0.5945365816949271,
25,score_escola_privada,power_median_ohe,RandomForest,log,330198.18717633386,195552.38906377245,24.136465727247998,14.95503784256775,0.681995065261223,
25,score_escola_privada,power_median_ohe,GradientBoosting,log,348576.70735422464,199473.0940184361,24.41304982214916,16.143866370623893,0.6456101975285014,
25,score_escola_privada,power_median_ohe,MLP,log,846735.20905744,670894.7848238462,74.13593604078454,76.68077925857844,-1.091123719318365,
1,metragem,power_median_ohe,Linear,sqrt,494443.49868640315,339493.0105583406,44.37198132058302,35.032374805130175,0.28695353397874945,
1,metragem,power_median_ohe,KNeighbors,sqrt,464442.90456808533,300827.4005194805,37.05869819656584,27.465029738091427,0.3708573099321857,
1,metragem,power_median_ohe,RandomForest,sqrt,436061.00591285666,281616.0110801974,35.3203856831811,24.317331780191036,0.4454011116963359,
1,metragem,power_median_ohe,DecisionTree,sqrt,470777.1163041243,282154.6202374155,35.2571314014759,24.45649964277466,0.3535794136676874,
1,metragem,power_median_ohe,GradientBoosting,sqrt,449238.7849761607,276736.1362971441,35.017803745077494,26.15862616955726,0.4113746278141419,
1,metragem,power_median_ohe,MLP,sqrt,1008795.6591048017,832786.9696774173,93.84873327948367,94.39676156868194,-1.968184546652711,
2,tipo_imovel,power_median_ohe,Linear,sqrt,450763.56799978425,290029.22359204385,38.48048052151387,25.740530749590917,0.40737208318555684,
2,tipo_imovel,power_median_ohe,DecisionTree,sqrt,464142.1110790825,232031.8183922952,29.05854360310267,18.260837105869264,0.3716719665552901,
2,tipo_imovel,power_median_ohe,KNeighbors,sqrt,399563.04118058796,247612.54597402597,29.996408581948746,20.452303258087575,0.5343548218413483,
2,tipo_imovel,power_median_ohe,GradientBoosting,sqrt,411689.8976592189,228730.52496675923,28.693097765269098,17.778026126845027,0.5056609594687764,
2,tipo_imovel,power_median_ohe,RandomForest,sqrt,387747.32450690604,226878.13094942717,28.305697609816576,17.90353268937854,0.5614873665979778,
2,tipo_imovel,power_median_ohe,MLP,sqrt,965405.8850094831,782707.9227875548,86.58571038340443,87.10559081392974,-1.7183437440415785,
3,banheiros,power_median_ohe,Linear,sqrt,439873.01862502244,286303.5149704345,38.03777570811242,26.620833328507942,0.43566220451685467,
3,banheiros,power_median_ohe,DecisionTree,sqrt,435152.8795223672,214492.52382368533,26.562847586177746,15.745614035087721,0.4477086853686253,
3,banheiros,power_median_ohe,KNeighbors,sqrt,404591.22159758327,236950.62077922077,28.21464354602729,19.627314814814817,0.5225615390977766,
3,banheiros,power_median_ohe,RandomForest,sqrt,396320.3469916183,216102.87991892727,26.3310897990135,16.53318562630312,0.5418821339456978,
3,banheiros,power_median_ohe,GradientBoosting,sqrt,356493.7085525965,210355.88595074744,25.873764245111254,17.687083878884795,0.6293293243526011,
3,banheiros,power_median_ohe,MLP,sqrt,966980.5387584263,789943.8645653861,88.36233976887802,88.82630649210904,-1.727218645492362,
4,tem_elevador,power_median_ohe,Linear,sqrt,439132.70668002684,285094.3797369719,37.792229976742156,26.963769051967194,0.4375601815407689,
4,tem_elevador,power_median_ohe,DecisionTree,sqrt,462845.0233466514,219468.77090863412,26.59122556519135,15.523877734023927,0.3751789002004645,
4,tem_elevador,power_median_ohe,KNeighbors,sqrt,400725.0045416056,235408.85766233763,28.246450429080472,20.04340276755917,0.531642612209684,
4,tem_elevador,power_median_ohe,RandomForest,sqrt,394639.9043759338,213656.81639225333,26.000264389495285,16.414742726839965,0.545758839673385,
4,tem_elevador,power_median_ohe,GradientBoosting,sqrt,374766.0979789698,213745.81745173002,26.0635434760914,17.37937542086641,0.5903574282736341,
4,tem_elevador,power_median_ohe,MLP,sqrt,936184.0428992251,751603.5273766456,82.44768457789924,83.12077592329545,-1.5562713869165177,
5,quartos,power_median_ohe,Linear,sqrt,438734.36332780164,284946.80468450434,37.771884353938674,27.00302874942173,0.4385801126118274,
5,quartos,power_median_ohe,DecisionTree,sqrt,456106.0020195242,204464.37593741695,24.496447342731756,12.052697615839383,0.3932412266649392,
5,quartos,power_median_ohe,KNeighbors,sqrt,402234.2240176732,240332.45636363633,28.046099237127358,19.97995991983968,0.5281080926851595,
5,quartos,power_median_ohe,RandomForest,sqrt,391026.9737098851,205653.63927770825,24.587532783016176,15.01579550212995,0.5540379288798795,
5,quartos,power_median_ohe,GradientBoosting,sqrt,381435.7477888515,211078.57153917823,25.435255126194285,17.758478420902925,0.575647002090973,
5,quartos,power_median_ohe,MLP,sqrt,942840.9987254043,762629.7398634477,84.46834171488086,85.01302174326095,-1.5927545708854685,
6,vagas,power_median_ohe,Linear,sqrt,438356.5798203288,284999.8243355071,37.79779063043257,26.76241472377906,0.4395465464129644,
6,vagas,power_median_ohe,DecisionTree,sqrt,443903.72293681494,190981.14979334155,22.954032560290834,10.0,0.425272385128422,
6,vagas,power_median_ohe,KNeighbors,sqrt,374743.02897135745,219524.00675324674,26.29199549366918,17.75807542108868,0.5904078584315597,
6,vagas,power_median_ohe,RandomForest,sqrt,373332.7749772773,194987.40869795816,23.875933875311652,14.032391466970074,0.5934848580081942,
6,vagas,power_median_ohe,GradientBoosting,sqrt,349210.41778280074,203791.47837579358,25.214627461895965,16.53484330386768,0.6443204690303019,
6,vagas,power_median_ohe,MLP,sqrt,925090.3384213708,747417.819984436,83.00269113388494,84.0130233865496,-1.4960471255097407,
7,bairro,power_median_ohe,Linear,sqrt,432870.3388220532,283513.1167913282,37.51525741169902,26.401757548554315,0.45348744143595576,
7,bairro,power_median_ohe,KNeighbors,sqrt,368797.22979015624,224848.04987012985,27.408792382650795,19.0013977445755,0.6033022013305891,
7,bairro,power_median_ohe,DecisionTree,sqrt,443665.03244100505,200690.82696894737,24.248574650110967,12.25578231292517,0.42589029000437506,
7,bairro,power_median_ohe,RandomForest,sqrt,347601.72798852844,194210.3502439019,23.618019032641595,14.789663513861282,0.6475899025338687,
7,bairro,power_median_ohe,GradientBoosting,sqrt,328688.22540067404,198751.46928886263,24.42644450102288,16.496609013656045,0.6848968219566147,
7,bairro,power_median_ohe,MLP,sqrt,982237.4719883795,800895.4909187615,89.03508066006042,89.55756185513519,-1.8139571941948516,
8,score_parque,power_median_ohe,KNeighbors,sqrt,366995.24138000765,223912.15844155845,27.455433163143354,19.191145833333334,0.6071693585012288,
8,score_parque,power_median_ohe,Linear,sqrt,431350.709404233,282877.75742878846,37.40708915911436,25.920133898373532,0.4573178669524117,
8,score_parque,power_median_ohe,DecisionTree,sqrt,383975.50943072414,211432.15876623377,25.55664160096869,13.150240245596805,0.5699771426171332,
8,score_parque,power_median_ohe,RandomForest,sqrt,335526.89312273945,195493.09324852173,23.82336616499261,14.936434851518731,0.6716483817692394,
8,score_parque,power_median_ohe,GradientBoosting,sqrt,313496.822344835,194777.09898266304,24.07545889708195,16.89054425453993,0.713350772094651,
8,score_parque,power_median_ohe,MLP,sqrt,867513.4074425083,678939.8387008865,73.06458758346113,74.3260483957617,-1.1950119108573038,
9,score_escola_publica,power_median_ohe,DecisionTree,sqrt,411600.60998322576,222006.021969697,26.326461031926208,12.8959451502761,0.505875361609545,
9,score_escola_publica,power_median_ohe,KNeighbors,sqrt,357404.20647489734,224876.62545454546,27.042049807992907,19.221712113899613,0.6274334936041832,
9,score_escola_publica,power_median_ohe,Linear,sqrt,431674.7807624466,282692.4375517246,37.35594040129272,25.550122300771328,0.4565021325798051,
9,score_escola_publica,power_median_ohe,RandomForest,sqrt,324978.6806238366,195037.1101886526,23.68640863749442,15.025772195823784,0.6919691371182624,
9,score_escola_publica,power_median_ohe,GradientBoosting,sqrt,318800.1202526289,194678.49986057126,23.711584587834476,15.924212960687568,0.7035704851711067,
9,score_escola_publica,power_median_ohe,MLP,sqrt,883736.2827115443,695890.0860922281,75.17870579843165,76.61544819361372,-1.2778748608803983,
10,metro_quadrado_bairro_mean,power_median_ohe,Linear,sqrt,431827.47933799133,282888.15425861394,37.404767228316,25.55012230077126,0.45611755589222547,
10,metro_quadrado_bairro_mean,power_median_ohe,KNeighbors,sqrt,365219.30899989064,230369.4509090909,27.700149532877827,19.431600372179574,0.6109620653039021,
10,metro_quadrado_bairro_mean,power_median_ohe,DecisionTree,sqrt,435163.064143099,232092.00508658012,27.708738466488352,13.675455384224696,0.4476828326457688,
10,metro_quadrado_bairro_mean,power_median_ohe,GradientBoosting,sqrt,319818.9342945904,191050.14757321504,23.17865360094836,15.056140750261088,0.701672812581192,
10,metro_quadrado_bairro_mean,power_median_ohe,RandomForest,sqrt,322469.62528229173,193967.60230186614,23.567045112704673,14.812216127918918,0.6967071891914636,
10,metro_quadrado_bairro_mean,power_median_ohe,MLP,sqrt,916685.5707302295,736443.0057727764,81.2617476266188,82.85486946975129,-1.4508982443889122,
11,score_mercado,power_median_ohe,KNeighbors,sqrt,363033.3255255898,229673.07688311685,27.662209896358014,19.354166666666668,0.6156052229469353,
11,score_mercado,power_median_ohe,Linear,sqrt,432181.3971863309,281629.26198809204,37.3177277689809,24.565231650098927,0.4552256784916874,
11,score_mercado,power_median_ohe,RandomForest,sqrt,324344.8460028743,197396.0632845844,24.188340260352597,14.692209568023468,0.6931695249549537,
11,score_mercado,power_median_ohe,DecisionTree,sqrt,434340.19526480354,231924.02240259742,28.101961578537953,13.640845324233924,0.44976965913892597,
11,score_mercado,power_median_ohe,GradientBoosting,sqrt,324186.72052528,196113.37144722443,23.854307280616403,16.13470085134887,0.6934686256760582,
11,score_mercado,power_median_ohe,MLP,sqrt,896782.6755429568,715119.9499497451,78.47334960774354,79.97466690230792,-1.345626770963357,
12,score_seguranca,power_median_ohe,KNeighbors,sqrt,370090.541026361,231976.01688311688,28.016207275213063,19.41493370551291,0.6005150148964492,
12,score_seguranca,power_median_ohe,DecisionTree,sqrt,399186.94879764685,218225.07608225106,26.529413370975046,13.636363636363635,0.5352309948970417,
12,score_seguranca,power_median_ohe,Linear,sqrt,432177.3620546708,281607.9143590286,37.31437189600052,24.57552071311896,0.4552358511916905,
12,score_seguranca,power_median_ohe,RandomForest,sqrt,323546.5985284461,197641.58095846593,24.187458320298404,14.637993053043857,0.6946779519234061,
12,score_seguranca,power_median_ohe,GradientBoosting,sqrt,331261.85829241783,201309.73469232142,24.43738650691379,16.987808442670254,0.6799429796619836,
12,score_seguranca,power_median_ohe,MLP,sqrt,867316.3985258096,682958.5036533901,74.24044640062915,75.77780285822513,-1.1940150667448814,
13,valor_bairro_mean,power_median_ohe,KNeighbors,sqrt,372356.42695629265,233288.7561038961,28.21528202061549,19.41493370551291,0.5956083322373421,
13,valor_bairro_mean,power_median_ohe,DecisionTree,sqrt,454329.70220645017,237820.66244588746,27.602399805202587,14.52885874584729,0.3979580546786391,
13,valor_bairro_mean,power_median_ohe,RandomForest,sqrt,325080.7971136457,198097.0383857141,24.246050872843274,14.861256503038778,0.6917755245871786,
13,valor_bairro_mean,power_median_ohe,Linear,sqrt,432144.1543896144,281568.61812545836,37.304568387502485,24.57552071311883,0.4553195652034052,
13,valor_bairro_mean,power_median_ohe,GradientBoosting,sqrt,323518.6030589328,196351.84434878273,23.939366631731733,16.523888759359757,0.6947307867504608,
13,valor_bairro_mean,power_median_ohe,MLP,sqrt,909458.5756987801,727875.8170364181,79.98750577525394,81.16267055605768,-1.412405639507154,
14,score_farmacia,power_median_ohe,Linear,sqrt,432197.97283926274,281741.8030192988,37.31453515122991,24.3765306683291,0.45518388972750656,
14,score_farmacia,power_median_ohe,KNeighbors,sqrt,364848.2729056483,229958.16571428571,27.863215046551637,19.289156626506024,0.6117521319252046,
14,score_farmacia,power_median_ohe,DecisionTree,sqrt,486137.90542858467,235188.2737012987,28.80870345862595,14.236282748393474,0.31070764610145307,
14,score_farmacia,power_median_ohe,RandomForest,sqrt,333585.33088773175,197674.89277600258,24.48428840175407,14.717137842694061,0.6754374704542081,
14,score_farmacia,power_median_ohe,GradientBoosting,sqrt,342741.94577085046,198867.42685557797,24.593622108757444,16.656352645661663,0.657375033598036,
14,score_farmacia,power_median_ohe,MLP,sqrt,920488.1930117878,740879.2904420531,81.85724932171306,83.28772109809832,-1.4712741966043987,
15,score_hospitais,power_median_ohe,Linear,sqrt,431639.02014944656,281647.7820789602,37.31239574693186,24.858253622316816,0.45659217727420265,
15,score_hospitais,power_median_ohe,DecisionTree,sqrt,501821.0319977562,239527.69231601732,29.323474140696227,14.3378696613703,0.2655162215247805,
15,score_hospitais,power_median_ohe,KNeighbors,sqrt,360780.2045099175,229275.8831168831,27.872600344284592,19.221712113899613,0.620361812804737,
15,score_hospitais,power_median_ohe,RandomForest,sqrt,331764.7487530683,198050.58345739954,24.49049362413984,14.851848601707774,0.6789704813760954,
15,score_hospitais,power_median_ohe,GradientBoosting,sqrt,345210.3589021316,200629.37493001402,24.65246154528631,16.405938679339926,0.6524221209560729,
15,score_hospitais,power_median_ohe,MLP,sqrt,892328.4607390395,708496.7515878653,77.2624878528004,78.40205273720973,-1.3223837290109746,
16,novo_lancamento,power_median_ohe,Linear,sqrt,431805.93288257165,280437.56473372056,37.13053030750309,25.0701873706525,0.4561718296336488,
16,novo_lancamento,power_median_ohe,KNeighbors,sqrt,364990.0176677407,233095.08623376625,28.237034652219233,19.328192302348203,0.611450402160491,
16,novo_lancamento,power_median_ohe,RandomForest,sqrt,334679.34031448886,199729.1751395432,24.679244956556154,15.079855760611943,0.6733051422250319,
16,novo_lancamento,power_median_ohe,DecisionTree,sqrt,495719.3546037731,238973.0817965368,28.844902211706092,13.75555142083558,0.2832689135831904,
16,novo_lancamento,power_median_ohe,GradientBoosting,sqrt,340741.8331964941,199802.16620599054,24.741766780108986,16.56954184516562,0.6613622255338408,
16,novo_lancamento,power_median_ohe,MLP,sqrt,836792.1745393662,643840.9167182427,68.21290837314416,69.7803972792131,-1.0423008137152672,
17,metro_quadrado_bairro_median,power_median_ohe,DecisionTree,sqrt,484524.84440657403,230957.40192640695,28.315313756816508,14.153118374975593,0.3152743583847857,
17,metro_quadrado_bairro_median,power_median_ohe,KNeighbors,sqrt,370060.9650468472,234599.3220779221,28.567337890464167,19.328192302348203,0.6005788624489719,
17,metro_quadrado_bairro_median,power_median_ohe,Linear,sqrt,431795.8078690207,280424.96609360655,37.127387235910724,25.07018737065233,0.4561973327711436,
17,metro_quadrado_bairro_median,power_median_ohe,GradientBoosting,sqrt,345663.65082019917,203149.76552607896,25.016867131047114,16.27749403438476,0.6515087202960145,
17,metro_quadrado_bairro_median,power_median_ohe,RandomForest,sqrt,334298.8538168913,199175.29900071103,24.64628005900248,14.934791906541461,0.6740475383586595,
17,metro_quadrado_bairro_median,power_median_ohe,MLP,sqrt,822709.5857537109,627443.0543602882,65.9574170125276,67.65525804859055,-0.9741384400876829,
18,quartos_por_metro,power_median_ohe,KNeighbors,sqrt,376520.3612359611,237540.14285714287,28.788655467903723,19.366666666666667,0.5865134155304575,
18,quartos_por_metro,power_median_ohe,DecisionTree,sqrt,542298.3725719289,246233.24651515152,29.17987781625496,13.375076027456773,0.14224927784390806,
18,quartos_por_metro,power_median_ohe,Linear,sqrt,430627.956333188,281044.3548532576,37.40087926201427,25.114894759227425,0.4591349340012303,
18,quartos_por_metro,power_median_ohe,GradientBoosting,sqrt,344856.3386703052,198527.84350564022,24.256068563840376,16.488508557579486,0.6531346517548345,
18,quartos_por_metro,power_median_ohe,RandomForest,sqrt,333249.6781699174,197184.89246913124,24.319407729244634,15.372214911260285,0.6760902898520396,
18,quartos_por_metro,power_median_ohe,MLP,sqrt,854521.5713558125,669985.0867868994,72.49589417792886,74.76699193695765,-1.1297594354700773,
19,vagas_por_metro,power_median_ohe,DecisionTree,sqrt,521545.0367544579,242582.0986796537,29.42724597588913,13.857851494035827,0.20664397589670547,
19,vagas_por_metro,power_median_ohe,Linear,sqrt,426038.9686021353,280073.9212668669,37.32813118573941,24.721141396888335,0.4706009722517439,
19,vagas_por_metro,power_median_ohe,KNeighbors,sqrt,380673.10219389317,239093.97324675322,29.18552004138179,19.445752379021997,0.5773422150400764,
19,vagas_por_metro,power_median_ohe,RandomForest,sqrt,331132.1388787377,195903.03087110227,24.201601794454263,14.66410872890505,0.6801935939660853,
19,vagas_por_metro,power_median_ohe,GradientBoosting,sqrt,352070.86846201995,201119.72442301828,24.795582317867762,16.5004638264397,0.6384697235755324,
19,vagas_por_metro,power_median_ohe,MLP,sqrt,871982.0583316232,691570.2308825406,75.71060939174158,77.81349144138558,-1.2176836177439907,
20,banheiros_por_quarto,power_median_ohe,KNeighbors,sqrt,378506.77471313416,240850.2038961039,29.689083163854786,19.967513615059108,0.5821390335505805,
20,banheiros_por_quarto,power_median_ohe,Linear,sqrt,418525.4185092072,276186.26320467814,36.54705128436608,23.683023909299767,0.48910909796985935,
20,banheiros_por_quarto,power_median_ohe,DecisionTree,sqrt,527218.4884062322,244816.9168614719,28.736900982482936,13.89384523425492,0.18928958309914978,
20,banheiros_por_quarto,power_median_ohe,RandomForest,sqrt,329438.49286350905,195984.49610803986,24.13665746620699,14.895013128388534,0.6834566640099725,
20,banheiros_por_quarto,power_median_ohe,GradientBoosting,sqrt,347072.7916079793,200735.74672873842,24.757505940796232,16.685354262022127,0.6486615928306952,
20,banheiros_por_quarto,power_median_ohe,MLP,sqrt,856196.4376360262,673427.3778342904,73.25072412547395,75.91122992673445,-1.1381162941205578,
21,lat,power_median_ohe,DecisionTree,sqrt,531697.1920603887,254329.54586580087,29.959225525564182,15.504644073090528,0.17545716216053642,
21,lat,power_median_ohe,Linear,sqrt,418525.41850920726,276186.26320467825,36.547051284366106,23.683023909299617,0.48910909796985913,
21,lat,power_median_ohe,KNeighbors,sqrt,378506.77471313416,240850.2038961039,29.689083163854786,19.967513615059108,0.5821390335505805,
21,lat,power_median_ohe,RandomForest,sqrt,328602.49989099085,196431.49653088703,24.205643314783426,15.032976167753592,0.6850611652819313,
21,lat,power_median_ohe,GradientBoosting,sqrt,342266.9324081415,197968.4521608849,24.57486669016687,16.666221378373116,0.6583240779686108,
21,lat,power_median_ohe,MLP,sqrt,861218.8752331772,682374.5101860542,74.9408162816245,77.66726409441593,-1.163274193186405,
22,lng,power_median_ohe,KNeighbors,sqrt,378506.77471313416,240850.2038961039,29.689083163854786,19.967513615059108,0.5821390335505805,
22,lng,power_median_ohe,Linear,sqrt,418525.41850920726,276186.26320467825,36.54705128436609,23.6830239092996,0.48910909796985924,
22,lng,power_median_ohe,DecisionTree,sqrt,509110.93142464204,236889.39272727273,28.679864716469922,13.400317467316297,0.24402169143694574,
22,lng,power_median_ohe,RandomForest,sqrt,329225.78544741124,195714.5593680996,24.09386001247002,14.789533324907245,0.6838652949369286,
22,lng,power_median_ohe,GradientBoosting,sqrt,345269.68960240786,199366.77288528022,24.668033627690228,16.68535426202215,0.652302635485436,
22,lng,power_median_ohe,MLP,sqrt,859371.600221517,675930.0583022675,73.46089313711227,76.08287820863819,-1.1540038980670224,
23,bairro_rank,power_median_ohe,Linear,sqrt,418573.31968236464,276250.73896298074,36.563136506460154,23.683023909299624,0.48899214605758046,
23,bairro_rank,power_median_ohe,DecisionTree,sqrt,544486.6620909884,253957.53341991344,29.883397984158442,14.684741049704552,0.13531289716540984,
23,bairro_rank,power_median_ohe,KNeighbors,sqrt,376955.7886022391,239839.54077922076,29.478467198939,19.967513615059108,0.5855565085544308,
23,bairro_rank,power_median_ohe,RandomForest,sqrt,328027.6523739499,195246.35833531665,24.08978622117374,14.95280227714928,0.6861620908842612,
23,bairro_rank,power_median_ohe,GradientBoosting,sqrt,343288.7980259562,198583.81469950714,24.587479000791472,16.666221378373123,0.6562808301571816,
23,bairro_rank,power_median_ohe,MLP,sqrt,878077.8875481118,698778.3809636896,76.78908561611222,79.49598061118064,-1.2487986464737886,
24,score_educacao,power_median_ohe,DecisionTree,sqrt,544486.6620909884,253957.53341991344,29.883397984158442,14.684741049704552,0.13531289716540984,
24,score_educacao,power_median_ohe,KNeighbors,sqrt,376955.7886022391,239839.54077922076,29.478467198939,19.967513615059108,0.5855565085544308,
24,score_educacao,power_median_ohe,RandomForest,sqrt,328027.6523739498,195246.35833531665,24.08978622117374,14.952802277149285,0.6861620908842612,
24,score_educacao,power_median_ohe,Linear,sqrt,418573.31968236464,276250.73896298074,36.563136506460154,23.683023909299624,0.48899214605758046,
24,score_educacao,power_median_ohe,GradientBoosting,sqrt,343288.7980259562,198583.81469950714,24.587479000791472,16.666221378373123,0.6562808301571816,
24,score_educacao,power_median_ohe,MLP,sqrt,842269.3042561373,660602.90034794,71.91564013715913,75.00522004969419,-1.0691236139289901,
25,score_escola_privada,power_median_ohe,Linear,sqrt,418573.31968236464,276250.73896298074,36.563136506460154,23.683023909299624,0.48899214605758046,
25,score_escola_privada,power_median_ohe,KNeighbors,sqrt,376955.7886022391,239839.54077922076,29.478467198939,19.967513615059108,0.5855565085544308,
25,score_escola_privada,power_median_ohe,DecisionTree,sqrt,544486.6620909884,253957.53341991344,29.883397984158442,14.684741049704552,0.13531289716540984,
25,score_escola_privada,power_median_ohe,RandomForest,sqrt,328027.6523739498,195246.35833531665,24.089786221173746,14.95280227714928,0.6861620908842612,
25,score_escola_privada,power_median_ohe,GradientBoosting,sqrt,343288.7980259562,198583.81469950714,24.587479000791472,16.666221378373123,0.6562808301571816,
25,score_escola_privada,power_median_ohe,MLP,sqrt,826998.2667119618,643243.6922647253,69.54358361185339,72.14539559700901,-0.9947739531532878,
1,metragem,power_median_ohe,DecisionTree,boxcox,470777.1163041243,282154.6202374155,35.2571314014759,24.45649964277466,0.3535794136676874,
1,metragem,power_median_ohe,Linear,boxcox,494591.91092367214,339289.141708444,44.33679161528389,34.96259748266816,0.2865254134603179,
1,metragem,power_median_ohe,KNeighbors,boxcox,464442.90456808533,300827.4005194805,37.05869819656584,27.465029738091427,0.3708573099321857,
1,metragem,power_median_ohe,GradientBoosting,boxcox,449238.7849761607,276736.1362971441,35.017803745077494,26.15862616955726,0.4113746278141419,
1,metragem,power_median_ohe,RandomForest,boxcox,436061.00591285666,281616.0110801974,35.3203856831811,24.31733178019105,0.4454011116963359,
1,metragem,power_median_ohe,MLP,boxcox,1019657.50236638,842681.5792580345,94.95579731620833,95.44176474679354,-2.03244636433124,
2,tipo_imovel,power_median_ohe,DecisionTree,boxcox,464142.1110790825,232031.8183922952,29.05854360310267,18.260837105869264,0.3716719665552901,
2,tipo_imovel,power_median_ohe,Linear,boxcox,451050.2272084048,289653.7930239093,38.37303463601247,25.438470727880357,0.40661809027538764,
2,tipo_imovel,power_median_ohe,KNeighbors,boxcox,399563.04118058796,247612.54597402597,29.996408581948746,20.452303258087575,0.5343548218413483,
2,tipo_imovel,power_median_ohe,GradientBoosting,boxcox,411689.8976592189,228730.52496675923,28.693097765269098,17.778026126845027,0.5056609594687764,
2,tipo_imovel,power_median_ohe,RandomForest,boxcox,387747.32450690604,226878.13094942717,28.305697609816576,17.90353268937854,0.5614873665979778,
2,tipo_imovel,power_median_ohe,MLP,boxcox,975965.0739700692,794199.1289643325,88.15342411133015,88.6225625,-1.7781330594346847,
3,banheiros,power_median_ohe,KNeighbors,yeojohnson,408818.7271533524,239398.21584415587,28.567035814835716,19.627314814814817,0.512532065093296,
3,banheiros,power_median_ohe,Linear,yeojohnson,439842.1725753594,286611.35737571307,38.130907012635866,26.832449677049812,0.4357413500001026,
3,banheiros,power_median_ohe,DecisionTree,yeojohnson,435152.8795223672,214492.52382368533,26.562847586177746,15.745614035087721,0.4477086853686253,
3,banheiros,power_median_ohe,RandomForest,yeojohnson,395981.4788031829,216044.82364187093,26.328457330171883,16.53318562630312,0.5426652136132786,
3,banheiros,power_median_ohe,GradientBoosting,yeojohnson,356493.7085525965,210355.88595074744,25.873764245111254,17.687083878884795,0.6293293243526011,
3,banheiros,power_median_ohe,MLP,yeojohnson,967765.1430989971,790888.7209696188,88.51954828675905,88.81286871673566,-1.7316461507189973,
4,tem_elevador,power_median_ohe,DecisionTree,yeojohnson,462845.0233466514,219468.77090863412,26.59122556519135,15.523877734023927,0.3751789002004645,
4,tem_elevador,power_median_ohe,Linear,yeojohnson,439086.6780779223,285338.2539064359,37.87083378783041,26.476444759997207,0.43767808194512947,
4,tem_elevador,power_median_ohe,KNeighbors,yeojohnson,407615.35279395577,237869.73246753248,28.446909159389367,20.03266070063733,0.5153976043908318,
4,tem_elevador,power_median_ohe,RandomForest,yeojohnson,394430.97206363553,213599.09777753468,25.996635945742497,16.414742726839957,0.5462396857925578,
4,tem_elevador,power_median_ohe,GradientBoosting,yeojohnson,374766.0979789698,213745.81745173002,26.0635434760914,17.37937542086641,0.5903574282736341,
4,tem_elevador,power_median_ohe,MLP,yeojohnson,933779.7139064558,749336.2194234476,82.21444945429701,83.02585196170237,-1.5431580997231067,
5,quartos,power_median_ohe,DecisionTree,yeojohnson,456106.0020195242,204464.37593741695,24.496447342731756,12.052697615839383,0.3932412266649392,
5,quartos,power_median_ohe,Linear,yeojohnson,439161.2954741299,285367.3311691957,37.874588010295376,26.45301770630011,0.4374869462780311,
5,quartos,power_median_ohe,KNeighbors,yeojohnson,400923.28723534185,239986.59402597405,28.02370292764454,19.874696761944943,0.5311790018074125,
5,quartos,power_median_ohe,GradientBoosting,yeojohnson,381435.7477888515,211078.57153917823,25.435255126194285,17.758478420902925,0.575647002090973,
5,quartos,power_median_ohe,RandomForest,yeojohnson,390413.37055391766,205547.68148550048,24.583197811551162,15.015795502129963,0.5554364463762211,
5,quartos,power_median_ohe,MLP,yeojohnson,910388.4717511932,728645.9782903498,80.11886591914346,80.91694239791278,-1.417341396648664,
6,vagas,power_median_ohe,DecisionTree,yeojohnson,443903.72293681494,190981.14979334155,22.954032560290834,10.0,0.425272385128422,
6,vagas,power_median_ohe,Linear,yeojohnson,438249.4685611706,285459.78207744914,37.91729025640589,26.152124004429723,0.4398204035588793,
6,vagas,power_median_ohe,KNeighbors,yeojohnson,374793.70328914793,219992.88415584416,26.27012946088615,18.19538670284939,0.5902970774211886,
6,vagas,power_median_ohe,RandomForest,yeojohnson,373106.63721061556,194965.57483773943,23.877127191150045,14.052434323097234,0.5939771833046368,
6,vagas,power_median_ohe,GradientBoosting,yeojohnson,349210.41778280074,203791.47837579358,25.214627461895965,16.53484330386768,0.6443204690303019,
6,vagas,power_median_ohe,MLP,yeojohnson,939810.188497905,760851.2380183629,84.43233166996133,85.27547749618903,-1.5761122804564112,
7,score_parque,power_median_ohe,Linear,yeojohnson,438252.48125159397,285453.86729223846,37.913974898456495,25.989403411538568,0.4398127017651413,
7,score_parque,power_median_ohe,DecisionTree,yeojohnson,408370.12828386883,214110.62932900435,25.687163703049176,12.786095336430908,0.5136012802343359,
7,score_parque,power_median_ohe,KNeighbors,yeojohnson,370787.62145470484,232306.89246753245,28.337714629738315,19.317509583608725,0.5990087055405482,
7,score_parque,power_median_ohe,RandomForest,yeojohnson,343106.4262680075,198353.8368231915,24.465390132771656,14.858906664819777,0.6566459339358541,
7,score_parque,power_median_ohe,GradientBoosting,yeojohnson,330859.9300301332,199670.20199033374,24.62963844630055,16.837625168648856,0.6807191747944047,
7,score_parque,power_median_ohe,MLP,yeojohnson,926747.6418893377,748889.2821296593,83.16099220053862,84.17777358370301,-1.5049984956632816,
8,metro_quadrado_bairro_mean,power_median_ohe,KNeighbors,yeojohnson,345838.0926051415,216634.3109090909,26.27196821977692,17.812705366922234,0.6511568940038652,
8,metro_quadrado_bairro_mean,power_median_ohe,DecisionTree,yeojohnson,384142.5136594238,213122.89816017312,26.782648144076987,12.66925056586406,0.5696029976448209,
8,metro_quadrado_bairro_mean,power_median_ohe,Linear,yeojohnson,433666.25098271435,283369.3397049205,37.556268683033714,25.976211796980454,0.45147586501611614,
8,metro_quadrado_bairro_mean,power_median_ohe,RandomForest,yeojohnson,335169.9367564427,193836.45652904417,23.850637440199527,14.668760897599341,0.6723466557759443,
8,metro_quadrado_bairro_mean,power_median_ohe,GradientBoosting,yeojohnson,329367.6202669456,196763.70710643136,23.942593041544107,16.342346110750924,0.6835928462441417,
8,metro_quadrado_bairro_mean,power_median_ohe,MLP,yeojohnson,915446.2782029187,739770.598484624,82.37489898735004,83.61590586024246,-1.4442758499331978,
9,score_escola_publica,power_median_ohe,DecisionTree,yeojohnson,400340.57781491824,215557.88474025973,26.588669979552858,12.186791245991143,0.532540797910082,
9,score_escola_publica,power_median_ohe,KNeighbors,yeojohnson,356872.1049478975,225271.04623376622,27.164855929171246,17.96666666666667,0.6285420179676058,
9,score_escola_publica,power_median_ohe,Linear,yeojohnson,434418.0359169394,283167.6564233258,37.472091815367,26.10968788297291,0.4495724214576887,
9,score_escola_publica,power_median_ohe,RandomForest,yeojohnson,324814.1315774394,193935.54476546397,23.714756456919144,14.682898080206035,0.6922809935913136,
9,score_escola_publica,power_median_ohe,GradientBoosting,yeojohnson,316570.02355032915,194376.28614077633,23.73304170976448,15.929382531787963,0.7077031957219548,
9,score_escola_publica,power_median_ohe,MLP,yeojohnson,952401.8388175428,777858.9435250418,87.20721640019487,88.06889366451367,-1.645604621638396,
10,bairro,power_median_ohe,DecisionTree,yeojohnson,389372.330070186,218241.37435064936,26.56444266209823,12.5,0.5578041502010223,
10,bairro,power_median_ohe,Linear,yeojohnson,432092.60986372456,283423.35804500675,37.53792548583418,25.570607897743113,0.45544949231282106,
10,bairro,power_median_ohe,KNeighbors,yeojohnson,362963.2092954107,229742.36675324675,27.310930607370175,19.139285252197492,0.6157536925666023,
10,bairro,power_median_ohe,RandomForest,yeojohnson,318919.6012075867,192891.37357976055,23.48784866995425,14.634739926547041,0.7033482498817424,
10,bairro,power_median_ohe,GradientBoosting,yeojohnson,314971.01906902227,190315.4496817415,23.148449158282354,15.004331429518897,0.71064853786007,
10,bairro,power_median_ohe,MLP,yeojohnson,917621.4258340697,737901.0909481692,81.5330811150624,83.08924283495853,-1.4559051006755763,
11,score_farmacia,power_median_ohe,DecisionTree,yeojohnson,489061.2963523731,236537.45119047622,29.020561183355813,14.338382555371098,0.30239259884954406,
11,score_farmacia,power_median_ohe,Linear,yeojohnson,432090.3571677212,283398.62131743453,37.53547192405056,25.58666419959773,0.45545517027873206,
11,score_farmacia,power_median_ohe,KNeighbors,yeojohnson,361907.5574331482,229958.85064935064,27.4878898616394,19.139285252197492,0.6179855466312042,
11,score_farmacia,power_median_ohe,RandomForest,yeojohnson,332138.628817857,194494.04855981213,24.066835319308304,14.494345452177285,0.6782465095302302,
11,score_farmacia,power_median_ohe,GradientBoosting,yeojohnson,334820.4720135703,198112.68311100564,24.37149305501178,15.863644413292377,0.6730295547220864,
11,score_farmacia,power_median_ohe,MLP,yeojohnson,851212.9371596818,667266.5085964451,72.40789535294236,74.33324384469697,-1.1132988726754167,
12,score_mercado,power_median_ohe,Linear,yeojohnson,432482.30201538035,281920.64270222443,37.39945255723004,25.033868833574292,0.4544668198673151,
12,score_mercado,power_median_ohe,DecisionTree,yeojohnson,497193.57646079076,238986.6711038961,29.57552388039933,14.528508771929827,0.27899959560063814,
12,score_mercado,power_median_ohe,KNeighbors,yeojohnson,360442.8916427697,228898.81636363635,27.5107806330529,19.03136206927431,0.6210713693722909,
12,score_mercado,power_median_ohe,RandomForest,yeojohnson,334807.122320918,199004.22400763206,24.633007428672713,14.52617635074263,0.6730556276076936,
12,score_mercado,power_median_ohe,GradientBoosting,yeojohnson,334485.0513273172,198708.8890707865,24.53006742064142,17.035979621152347,0.6736843397527195,
12,score_mercado,power_median_ohe,MLP,yeojohnson,872503.7658723795,688955.8185829064,75.04476126968828,76.74935172041877,-1.2203380952461917,
13,score_hospitais,power_median_ohe,Linear,yeojohnson,432249.2460346138,282296.30546962743,37.486675759568215,25.11179343755583,0.4550546150821322,
13,score_hospitais,power_median_ohe,KNeighbors,yeojohnson,362568.25629802735,229812.8142857143,27.62049136071943,18.885178186299683,0.6165894613701571,
13,score_hospitais,power_median_ohe,DecisionTree,yeojohnson,484198.68868010456,235897.562012987,29.51778352002583,14.684741049704552,0.3161958881094328,
13,score_hospitais,power_median_ohe,GradientBoosting,yeojohnson,341208.4788353044,200650.95665883005,24.618335691524933,16.64305800647487,0.6604340621447876,
13,score_hospitais,power_median_ohe,RandomForest,yeojohnson,338748.21052410884,200015.1054642757,24.7647536121169,14.67052465318589,0.6653132575755711,
13,score_hospitais,power_median_ohe,MLP,yeojohnson,905728.1966653153,724862.871877061,79.75609638341716,81.20364899676271,-1.3926560183301477,
14,valor_bairro_mean,power_median_ohe,Linear,yeojohnson,432232.5430313292,282275.8621328937,37.48157561619089,25.11179343755566,0.4550967298979398,
14,valor_bairro_mean,power_median_ohe,KNeighbors,yeojohnson,361056.3660427756,228966.21662337665,27.502330031337728,18.77596551724138,0.6197803973712774,
14,valor_bairro_mean,power_median_ohe,RandomForest,yeojohnson,335622.610016086,199221.4414976412,24.67663641193114,14.82573876797807,0.6714610150909414,
14,valor_bairro_mean,power_median_ohe,DecisionTree,yeojohnson,491505.17043593863,235139.13647186148,28.891287945707393,13.636363636363635,0.29540319148536576,
14,valor_bairro_mean,power_median_ohe,GradientBoosting,yeojohnson,355615.79342583835,202474.0190817915,25.017768007264333,16.6642827500795,0.6311527321306394,
14,valor_bairro_mean,power_median_ohe,MLP,yeojohnson,920942.2090703923,744820.6700824688,82.88680976658391,84.42540850941528,-1.4737126306501742,
15,score_seguranca,power_median_ohe,Linear,yeojohnson,431956.8679736821,282107.2768900714,37.463988993434356,24.929526884956665,0.4557915796465585,
15,score_seguranca,power_median_ohe,DecisionTree,yeojohnson,498885.0671937745,236730.83582251082,28.829727122387865,13.84433171672537,0.27408545314945043,
15,score_seguranca,power_median_ohe,KNeighbors,yeojohnson,360890.21415416454,228596.15636363637,27.53865030025633,18.77596551724138,0.6201302578095145,
15,score_seguranca,power_median_ohe,RandomForest,yeojohnson,335838.482104126,199776.25919867886,24.65524978605083,14.797942915401505,0.6710382473562251,
15,score_seguranca,power_median_ohe,GradientBoosting,yeojohnson,344974.41436804435,200734.36138374903,24.712570722324458,16.613500786266204,0.6528970839622928,
15,score_seguranca,power_median_ohe,MLP,yeojohnson,898931.7334822364,719290.197680347,79.18843503760591,81.0561726588347,-1.3568824028716722,
16,novo_lancamento,power_median_ohe,KNeighbors,yeojohnson,367966.10789537145,234141.32649350647,28.29501569439633,19.126335770789446,0.6050881839169979,
16,novo_lancamento,power_median_ohe,DecisionTree,yeojohnson,491912.4228825708,238985.72075757576,28.74821682921208,13.780445867882815,0.29423507496594525,
16,novo_lancamento,power_median_ohe,Linear,yeojohnson,432114.8566740791,281104.9775849782,37.315475711000445,25.023799352062824,0.4553934171869727,
16,novo_lancamento,power_median_ohe,RandomForest,yeojohnson,332889.60354427685,199535.5085018367,24.64879541080936,15.293715281880432,0.6767898773702847,
16,novo_lancamento,power_median_ohe,GradientBoosting,yeojohnson,345647.49969266105,200849.4573544753,24.915303162349783,16.501241102430907,0.6515412860320684,
16,novo_lancamento,power_median_ohe,MLP,yeojohnson,874199.9042122908,688996.4130218902,74.73577347808529,76.62671658092752,-1.2289791149220575,
17,lat,power_median_ohe,Linear,yeojohnson,432170.3198564127,280865.87900271,37.24840169268893,25.323923411909643,0.4552536045782427,
17,lat,power_median_ohe,KNeighbors,yeojohnson,369122.2337071026,235437.9,28.36693954595484,19.366666666666667,0.6026027104598388,
17,lat,power_median_ohe,DecisionTree,yeojohnson,489684.33593554265,236044.8525757576,28.204964456934018,14.330357142857142,0.30061403292921207,
17,lat,power_median_ohe,GradientBoosting,yeojohnson,316238.869385731,195230.86120711805,23.906816103716633,16.371292623365985,0.7083144012660254,
17,lat,power_median_ohe,RandomForest,yeojohnson,325122.30968431616,198677.0029502899,24.52228567005605,15.27121936784141,0.6916967994985264,
17,lat,power_median_ohe,MLP,yeojohnson,814574.442313165,622544.4006252537,65.87859379443383,67.81135122018014,-0.935289986998024,
18,lng,power_median_ohe,KNeighbors,yeojohnson,370448.0639343584,235479.83844155847,28.375954046562295,20.013333333333332,0.5997428037469786,
18,lng,power_median_ohe,Linear,yeojohnson,432033.052086646,280957.0633638703,37.26442877406765,25.408160298331573,0.4555995989420306,
18,lng,power_median_ohe,DecisionTree,yeojohnson,471531.845663655,225459.24196969697,27.499321622591527,13.640845324233924,0.3515051256607158,
18,lng,power_median_ohe,RandomForest,yeojohnson,326274.96618492494,198349.41286206484,24.532995687262197,15.0445335408322,0.6895068689994459,
18,lng,power_median_ohe,GradientBoosting,yeojohnson,327929.5608274219,197348.92085250965,24.129331832967193,16.667692508712747,0.68634975947121,
18,lng,power_median_ohe,MLP,yeojohnson,877221.3674917393,692629.9703232802,75.22564554990406,77.14808216594827,-1.2444136101468808,
19,metro_quadrado_bairro_median,power_median_ohe,DecisionTree,yeojohnson,488933.9571101416,231057.33915584415,27.8351615983773,13.780445867882815,0.3027558303446086,
19,metro_quadrado_bairro_median,power_median_ohe,Linear,yeojohnson,432029.7077146636,280952.37103681633,37.263258146148125,25.408160298331566,0.4556080273268164,
19,metro_quadrado_bairro_median,power_median_ohe,KNeighbors,yeojohnson,372534.49229287246,236194.8633766234,28.515826747287726,20.013333333333332,0.5952214698077105,
19,metro_quadrado_bairro_median,power_median_ohe,RandomForest,yeojohnson,327675.02057141566,198245.92223432567,24.497337153626287,15.059297054059156,0.6868364836784935,
19,metro_quadrado_bairro_median,power_median_ohe,GradientBoosting,yeojohnson,321420.16883426195,196949.47868531974,24.11856047124369,16.2836101562149,0.6986780704140111,
19,metro_quadrado_bairro_median,power_median_ohe,MLP,yeojohnson,874340.0913103144,689040.7568486201,74.71048895028552,76.58725979477612,-1.2296940524699034,
20,banheiros_por_quarto,power_median_ohe,KNeighbors,yeojohnson,366163.6852320223,231135.2124675325,27.98125486771087,18.724527668713716,0.6089475322547844,
20,banheiros_por_quarto,power_median_ohe,DecisionTree,yeojohnson,519999.39885240217,245722.34629870128,28.735024861461646,14.684741049704552,0.2113393483976942,
20,banheiros_por_quarto,power_median_ohe,Linear,yeojohnson,433871.6954488817,280428.0540912673,36.83513060952879,24.695914983039653,0.4509560277406244,
20,banheiros_por_quarto,power_median_ohe,GradientBoosting,yeojohnson,325402.50587211305,198712.56567525992,24.75960032575838,16.73091194816338,0.6911651681516715,
20,banheiros_por_quarto,power_median_ohe,RandomForest,yeojohnson,321401.3103421743,198199.74536116535,24.45723239102255,14.794392329116594,0.6987134279371139,
20,banheiros_por_quarto,power_median_ohe,MLP,yeojohnson,824825.6596163281,638522.4222192541,68.75643360098827,71.16104494463869,-0.9843067793337206,
21,vagas_por_metro,power_median_ohe,KNeighbors,yeojohnson,368146.2486852223,232105.45714285714,28.121661959408566,18.95887506621821,0.6047014247103285,
21,vagas_por_metro,power_median_ohe,DecisionTree,yeojohnson,507076.5237479017,244628.29586580087,29.615615561626353,14.390537931027115,0.25005139977294955,
21,vagas_por_metro,power_median_ohe,Linear,yeojohnson,431847.8342125479,279824.2068994629,36.73348786576412,24.673422113768375,0.45606628115696846,
21,vagas_por_metro,power_median_ohe,RandomForest,yeojohnson,321635.2570733787,195950.87275032498,24.265939551781273,14.099567494606328,0.6982746577187033,
21,vagas_por_metro,power_median_ohe,GradientBoosting,yeojohnson,321080.054395297,199499.8884058299,24.615145306588676,16.47019797276329,0.6993154275352058,
21,vagas_por_metro,power_median_ohe,MLP,yeojohnson,859426.425601117,677428.9176877306,73.90483999515307,76.4595159810431,-1.1542787450560743,
22,quartos_por_metro,power_median_ohe,KNeighbors,yeojohnson,366542.51076500904,234666.40961038962,28.86098844941124,20.053181867674745,0.6081379637630946,
22,quartos_por_metro,power_median_ohe,Linear,yeojohnson,432148.19205294095,281490.47650513786,37.14865360651369,24.977881538542622,0.45530938690309497,
22,quartos_por_metro,power_median_ohe,RandomForest,yeojohnson,322109.5069452794,194798.26536399467,23.982394191195304,14.95139344158086,0.6973842161582724,
22,quartos_por_metro,power_median_ohe,DecisionTree,yeojohnson,539116.1953326614,249539.0567965368,29.024972307756485,14.64102564102564,0.15228621190338598,
22,quartos_por_metro,power_median_ohe,GradientBoosting,yeojohnson,330857.0009995271,198618.06151126235,24.32444442599004,16.577364163433177,0.6807248278160287,
22,quartos_por_metro,power_median_ohe,MLP,yeojohnson,886259.451875978,712025.2276479746,79.19549902913037,81.3241968364537,-1.2909006210720917,
23,bairro_rank,power_median_ohe,DecisionTree,yeojohnson,457914.439834751,244107.47595238098,27.694809667600946,15.174288455388552,0.38842015065615265,
23,bairro_rank,power_median_ohe,KNeighbors,yeojohnson,367515.64109315566,235054.71246753246,28.941439340119913,19.69475182248555,0.6060544999399102,
23,bairro_rank,power_median_ohe,Linear,yeojohnson,432202.8508048929,281568.4902123529,37.168116236189896,24.977881538542533,0.45517159161680254,
23,bairro_rank,power_median_ohe,RandomForest,yeojohnson,323499.5367948561,194664.18876044394,24.023070525443064,14.945871016978229,0.6947667671971558,
23,bairro_rank,power_median_ohe,GradientBoosting,yeojohnson,330041.4102971887,197998.01427990253,24.164933318340797,16.43231761217522,0.6822969687087708,
23,bairro_rank,power_median_ohe,MLP,yeojohnson,820028.0286645163,643074.5617354554,70.77451836227053,74.09559279489089,-0.9612903155108163,
24,score_educacao,power_median_ohe,KNeighbors,yeojohnson,367515.64109315566,235054.71246753246,28.941439340119913,19.69475182248555,0.6060544999399102,
24,score_educacao,power_median_ohe,Linear,yeojohnson,432202.8508048929,281568.4902123529,37.168116236189896,24.977881538542533,0.45517159161680254,
24,score_educacao,power_median_ohe,DecisionTree,yeojohnson,457914.439834751,244107.47595238098,27.694809667600946,15.174288455388552,0.38842015065615265,
24,score_educacao,power_median_ohe,RandomForest,yeojohnson,323499.5367948561,194664.1887604439,24.023070525443064,14.945871016978229,0.6947667671971558,
24,score_educacao,power_median_ohe,GradientBoosting,yeojohnson,330041.4102971887,197998.01427990253,24.164933318340797,16.43231761217522,0.6822969687087708,
24,score_educacao,power_median_ohe,MLP,yeojohnson,852035.949921931,674887.3129636691,74.32832254190515,76.97395061040618,-1.1173874213619945,
25,score_escola_privada,power_median_ohe,KNeighbors,yeojohnson,367515.64109315566,235054.71246753246,28.941439340119913,19.69475182248555,0.6060544999399102,
25,score_escola_privada,power_median_ohe,Linear,yeojohnson,432202.8508048929,281568.4902123529,37.168116236189896,24.977881538542533,0.45517159161680254,
25,score_escola_privada,power_median_ohe,DecisionTree,yeojohnson,457914.439834751,244107.47595238098,27.694809667600946,15.174288455388552,0.38842015065615265,
25,score_escola_privada,power_median_ohe,RandomForest,yeojohnson,323499.5367948561,194664.18876044394,24.023070525443064,14.945871016978229,0.6947667671971558,
25,score_escola_privada,power_median_ohe,GradientBoosting,yeojohnson,330041.4102971887,197998.01427990253,24.164933318340797,16.43231761217522,0.6822969687087708,
25,score_escola_privada,power_median_ohe,MLP,yeojohnson,848667.7354559241,671398.5169638696,74.00986073493488,76.90288725852062,-1.100679867122711,
1,metragem,power_median_ohe,Linear,yeojohnson,494480.6910753581,339306.36171366565,44.33568799655041,34.98928916372231,0.2868462582273218,
1,metragem,power_median_ohe,KNeighbors,yeojohnson,464442.90456808533,300827.4005194805,37.05869819656584,27.465029738091427,0.3708573099321857,
1,metragem,power_median_ohe,DecisionTree,yeojohnson,470777.1163041243,282154.6202374155,35.2571314014759,24.45649964277466,0.3535794136676874,
1,metragem,power_median_ohe,GradientBoosting,yeojohnson,449238.7849761607,276736.1362971441,35.017803745077494,26.15862616955726,0.4113746278141419,
1,metragem,power_median_ohe,RandomForest,yeojohnson,436061.00591285666,281616.0110801974,35.3203856831811,24.317331780191036,0.4454011116963359,
1,metragem,power_median_ohe,MLP,yeojohnson,1025629.3694568046,849148.4006883497,95.84871582679327,96.26512209484925,-2.0680708706278916,
2,tipo_imovel,power_median_ohe,Linear,yeojohnson,450871.19980361155,289716.34238659847,38.39801517345093,25.55213978257055,0.40708903800857055,
2,tipo_imovel,power_median_ohe,DecisionTree,yeojohnson,464142.1110790825,232031.8183922952,29.05854360310267,18.260837105869264,0.3716719665552901,
2,tipo_imovel,power_median_ohe,KNeighbors,yeojohnson,399563.04118058796,247612.54597402597,29.996408581948746,20.452303258087575,0.5343548218413483,
2,tipo_imovel,power_median_ohe,RandomForest,yeojohnson,387747.324506906,226878.13094942717,28.305697609816576,17.903532689378533,0.5614873665979778,
2,tipo_imovel,power_median_ohe,GradientBoosting,yeojohnson,411689.8976592189,228730.52496675923,28.693097765269098,17.778026126845027,0.5056609594687764,
2,tipo_imovel,power_median_ohe,MLP,yeojohnson,993620.7147371536,813157.6084912387,90.7225860811064,91.05436261584711,-1.8795575595563645,
3,banheiros,power_median_ohe,Linear,yeojohnson,439842.1725753594,286611.35737571307,38.130907012635866,26.832449677049812,0.4357413500001026,
3,banheiros,power_median_ohe,DecisionTree,yeojohnson,435152.8795223672,214492.52382368533,26.562847586177746,15.745614035087721,0.4477086853686253,
3,banheiros,power_median_ohe,KNeighbors,yeojohnson,408818.7271533524,239398.21584415587,28.567035814835716,19.627314814814817,0.512532065093296,
3,banheiros,power_median_ohe,RandomForest,yeojohnson,395981.47880318295,216044.82364187093,26.328457330171883,16.53318562630312,0.5426652136132786,
3,banheiros,power_median_ohe,GradientBoosting,yeojohnson,356493.7085525965,210355.88595074744,25.873764245111254,17.687083878884795,0.6293293243526011,
3,banheiros,power_median_ohe,MLP,yeojohnson,984915.4915145932,808938.0015498372,90.89857815423436,91.16635000749274,-1.829322328503348,
4,tem_elevador,power_median_ohe,Linear,yeojohnson,439086.6780779223,285338.2539064359,37.87083378783041,26.476444759997207,0.43767808194512947,
4,tem_elevador,power_median_ohe,DecisionTree,yeojohnson,462845.0233466514,219468.77090863412,26.59122556519135,15.523877734023927,0.3751789002004645,
4,tem_elevador,power_median_ohe,KNeighbors,yeojohnson,407615.35279395577,237869.73246753248,28.446909159389367,20.03266070063733,0.5153976043908318,
4,tem_elevador,power_median_ohe,RandomForest,yeojohnson,394430.9720636355,213599.09777753468,25.996635945742497,16.414742726839965,0.5462396857925578,
4,tem_elevador,power_median_ohe,GradientBoosting,yeojohnson,374766.0979789698,213745.81745173002,26.0635434760914,17.37937542086641,0.5903574282736341,
4,tem_elevador,power_median_ohe,MLP,yeojohnson,955523.4804821622,772985.6428781683,85.41499576342332,86.027841796875,-1.6629757852255485,
5,quartos,power_median_ohe,DecisionTree,yeojohnson,456106.0020195242,204464.37593741695,24.496447342731756,12.052697615839383,0.3932412266649392,
5,quartos,power_median_ohe,Linear,yeojohnson,439161.2954741299,285367.3311691957,37.874588010295376,26.45301770630011,0.4374869462780311,
5,quartos,power_median_ohe,KNeighbors,yeojohnson,400923.28723534185,239986.59402597405,28.02370292764454,19.874696761944943,0.5311790018074125,
5,quartos,power_median_ohe,GradientBoosting,yeojohnson,381435.7477888515,211078.57153917823,25.435255126194285,17.758478420902925,0.575647002090973,
5,quartos,power_median_ohe,RandomForest,yeojohnson,390413.37055391766,205547.68148550048,24.583197811551162,15.015795502129942,0.5554364463762212,
5,quartos,power_median_ohe,MLP,yeojohnson,920923.3904587732,740710.4566289728,81.82704552732184,82.54832965129674,-1.4736115355734736,
6,vagas,power_median_ohe,Linear,yeojohnson,438249.4685611706,285459.78207744914,37.91729025640589,26.152124004429723,0.4398204035588793,
6,vagas,power_median_ohe,RandomForest,yeojohnson,373106.6372106155,194965.57483773943,23.877127191150045,14.052434323097252,0.5939771833046368,
6,vagas,power_median_ohe,DecisionTree,yeojohnson,443903.72293681494,190981.14979334155,22.954032560290834,10.0,0.425272385128422,
6,vagas,power_median_ohe,GradientBoosting,yeojohnson,349210.41778280074,203791.47837579358,25.214627461895965,16.53484330386768,0.6443204690303019,
6,vagas,power_median_ohe,KNeighbors,yeojohnson,374793.70328914793,219992.88415584416,26.27012946088615,18.19538670284939,0.5902970774211886,
6,vagas,power_median_ohe,MLP,yeojohnson,943630.3139373022,766601.707262173,85.44693978300677,86.25123835314768,-1.5970975242731704,
7,score_parque,power_median_ohe,DecisionTree,yeojohnson,408370.12828386883,214110.62932900435,25.687163703049176,12.786095336430908,0.5136012802343359,
7,score_parque,power_median_ohe,Linear,yeojohnson,438252.48125159397,285453.86729223846,37.913974898456495,25.989403411538568,0.4398127017651413,
7,score_parque,power_median_ohe,KNeighbors,yeojohnson,370787.62145470484,232306.89246753245,28.337714629738315,19.317509583608725,0.5990087055405482,
7,score_parque,power_median_ohe,GradientBoosting,yeojohnson,330859.9300301332,199670.20199033374,24.62963844630055,16.837625168648856,0.6807191747944047,
7,score_parque,power_median_ohe,RandomForest,yeojohnson,343106.4262680075,198353.8368231915,24.465390132771656,14.858906664819777,0.6566459339358541,
7,score_parque,power_median_ohe,MLP,yeojohnson,928934.3275449303,751209.3587043267,83.47143975743971,84.45504261605123,-1.5168336627646268,
8,metro_quadrado_bairro_mean,power_median_ohe,DecisionTree,yeojohnson,384142.5136594238,213122.89816017312,26.782648144076987,12.66925056586406,0.5696029976448209,
8,metro_quadrado_bairro_mean,power_median_ohe,Linear,yeojohnson,433666.25098271435,283369.3397049205,37.556268683033714,25.976211796980454,0.45147586501611614,
8,metro_quadrado_bairro_mean,power_median_ohe,KNeighbors,yeojohnson,345838.0926051415,216634.3109090909,26.27196821977692,17.812705366922234,0.6511568940038652,
8,metro_quadrado_bairro_mean,power_median_ohe,RandomForest,yeojohnson,335169.9367564427,193836.45652904417,23.850637440199527,14.668760897599354,0.6723466557759443,
8,metro_quadrado_bairro_mean,power_median_ohe,GradientBoosting,yeojohnson,329367.6202669456,196763.70710643136,23.942593041544107,16.342346110750924,0.6835928462441417,
8,metro_quadrado_bairro_mean,power_median_ohe,MLP,yeojohnson,948364.8841790064,775136.4425293166,87.07754271089982,87.89423532109508,-1.6232242558882701,
9,score_escola_publica,power_median_ohe,Linear,yeojohnson,434418.0359169394,283167.6564233258,37.472091815367,26.10968788297291,0.4495724214576887,
9,score_escola_publica,power_median_ohe,DecisionTree,yeojohnson,400340.57781491824,215557.88474025973,26.588669979552858,12.186791245991143,0.532540797910082,
9,score_escola_publica,power_median_ohe,KNeighbors,yeojohnson,356872.1049478975,225271.04623376622,27.164855929171246,17.96666666666667,0.6285420179676058,
9,score_escola_publica,power_median_ohe,RandomForest,yeojohnson,324814.1315774394,193935.54476546397,23.714756456919144,14.68289808020604,0.6922809935913135,
9,score_escola_publica,power_median_ohe,GradientBoosting,yeojohnson,316570.02355032915,194376.28614077633,23.73304170976448,15.929382531787963,0.7077031957219548,
9,score_escola_publica,power_median_ohe,MLP,yeojohnson,929614.485061763,756162.6263306258,84.69737996301832,85.66245357287973,-1.5205206188429194,
10,bairro,power_median_ohe,KNeighbors,yeojohnson,362963.2092954107,229742.36675324675,27.310930607370175,19.139285252197492,0.6157536925666023,
10,bairro,power_median_ohe,DecisionTree,yeojohnson,389372.330070186,218241.37435064936,26.56444266209823,12.5,0.5578041502010223,
10,bairro,power_median_ohe,Linear,yeojohnson,432092.60986372456,283423.35804500675,37.53792548583418,25.570607897743113,0.45544949231282106,
10,bairro,power_median_ohe,GradientBoosting,yeojohnson,314971.01906902227,190315.4496817415,23.148449158282354,15.004331429518897,0.71064853786007,
10,bairro,power_median_ohe,RandomForest,yeojohnson,318919.6012075867,192891.37357976055,23.48784866995425,14.634739926547041,0.7033482498817424,
10,bairro,power_median_ohe,MLP,yeojohnson,916911.6009521679,737406.4702749674,81.509169702828,82.86405898666285,-1.4521070457267031,
11,score_farmacia,power_median_ohe,DecisionTree,yeojohnson,489061.2963523731,236537.45119047622,29.020561183355813,14.338382555371098,0.30239259884954406,
11,score_farmacia,power_median_ohe,Linear,yeojohnson,432090.3571677212,283398.62131743453,37.53547192405056,25.58666419959773,0.45545517027873206,
11,score_farmacia,power_median_ohe,KNeighbors,yeojohnson,361907.5574331482,229958.85064935064,27.4878898616394,19.139285252197492,0.6179855466312042,
11,score_farmacia,power_median_ohe,RandomForest,yeojohnson,332138.62881785695,194494.04855981213,24.066835319308304,14.494345452177276,0.6782465095302304,
11,score_farmacia,power_median_ohe,GradientBoosting,yeojohnson,334820.4720135703,198112.68311100564,24.37149305501178,15.863644413292377,0.6730295547220864,
11,score_farmacia,power_median_ohe,MLP,yeojohnson,923562.9582936028,744382.078021478,82.39931553703885,83.64511463279894,-1.48781168004637,
12,score_mercado,power_median_ohe,Linear,yeojohnson,432482.30201538035,281920.64270222443,37.39945255723004,25.033868833574292,0.4544668198673151,
12,score_mercado,power_median_ohe,KNeighbors,yeojohnson,360442.8916427697,228898.81636363635,27.5107806330529,19.03136206927431,0.6210713693722909,
12,score_mercado,power_median_ohe,DecisionTree,yeojohnson,497193.57646079076,238986.6711038961,29.57552388039933,14.528508771929827,0.27899959560063814,
12,score_mercado,power_median_ohe,GradientBoosting,yeojohnson,334485.0513273172,198708.8890707865,24.53006742064142,17.035979621152347,0.6736843397527195,
12,score_mercado,power_median_ohe,RandomForest,yeojohnson,334807.122320918,199004.22400763206,24.633007428672713,14.526176350742634,0.6730556276076936,
12,score_mercado,power_median_ohe,MLP,yeojohnson,936237.7952936386,757763.8456085997,84.13778340953435,85.22345284703377,-1.5565649395647085,
13,score_hospitais,power_median_ohe,KNeighbors,yeojohnson,362568.25629802735,229812.8142857143,27.62049136071943,18.885178186299683,0.6165894613701571,
13,score_hospitais,power_median_ohe,Linear,yeojohnson,432249.2460346138,282296.30546962743,37.486675759568215,25.11179343755583,0.4550546150821322,
13,score_hospitais,power_median_ohe,DecisionTree,yeojohnson,484198.68868010456,235897.562012987,29.51778352002583,14.684741049704552,0.3161958881094328,
13,score_hospitais,power_median_ohe,GradientBoosting,yeojohnson,341208.4788353044,200650.95665883005,24.618335691524933,16.64305800647487,0.6604340621447876,
13,score_hospitais,power_median_ohe,RandomForest,yeojohnson,338748.21052410884,200015.1054642757,24.764753612116902,14.670524653185879,0.6653132575755711,
13,score_hospitais,power_median_ohe,MLP,yeojohnson,885044.190943375,704325.8483250804,77.2625397000697,78.76756458268149,-1.2846222490995225,
14,valor_bairro_mean,power_median_ohe,Linear,yeojohnson,432232.5430313292,282275.8621328937,37.48157561619089,25.11179343755566,0.4550967298979398,
14,valor_bairro_mean,power_median_ohe,DecisionTree,yeojohnson,491505.17043593863,235139.13647186148,28.891287945707393,13.636363636363635,0.29540319148536576,
14,valor_bairro_mean,power_median_ohe,KNeighbors,yeojohnson,361056.3660427756,228966.21662337665,27.502330031337728,18.77596551724138,0.6197803973712774,
14,valor_bairro_mean,power_median_ohe,GradientBoosting,yeojohnson,355615.79342583835,202474.0190817915,25.017768007264333,16.6642827500795,0.6311527321306394,
14,valor_bairro_mean,power_median_ohe,RandomForest,yeojohnson,335622.610016086,199221.44149764127,24.676636411931142,14.82573876797807,0.6714610150909414,
14,valor_bairro_mean,power_median_ohe,MLP,yeojohnson,875935.2483251877,696605.5916459517,76.5854549046543,78.50870111035744,-1.2378372374828328,
15,score_seguranca,power_median_ohe,DecisionTree,yeojohnson,498885.0671937745,236730.83582251082,28.829727122387865,13.84433171672537,0.27408545314945043,
15,score_seguranca,power_median_ohe,KNeighbors,yeojohnson,360890.21415416454,228596.15636363637,27.53865030025633,18.77596551724138,0.6201302578095145,
15,score_seguranca,power_median_ohe,Linear,yeojohnson,431956.8679736821,282107.2768900714,37.463988993434356,24.929526884956665,0.4557915796465585,
15,score_seguranca,power_median_ohe,RandomForest,yeojohnson,335838.482104126,199776.25919867886,24.65524978605083,14.797942915401505,0.6710382473562251,
15,score_seguranca,power_median_ohe,GradientBoosting,yeojohnson,344974.41436804435,200734.36138374903,24.712570722324458,16.613500786266204,0.6528970839622928,
15,score_seguranca,power_median_ohe,MLP,yeojohnson,863506.3080391344,681113.763331822,74.22177840530901,75.70211836489403,-1.1747809448461402,
16,novo_lancamento,power_median_ohe,KNeighbors,yeojohnson,367966.10789537145,234141.32649350647,28.29501569439633,19.126335770789446,0.6050881839169979,
16,novo_lancamento,power_median_ohe,Linear,yeojohnson,432114.8566740791,281104.9775849782,37.315475711000445,25.023799352062824,0.4553934171869727,
16,novo_lancamento,power_median_ohe,DecisionTree,yeojohnson,491912.4228825708,238985.72075757576,28.74821682921208,13.780445867882815,0.29423507496594525,
16,novo_lancamento,power_median_ohe,RandomForest,yeojohnson,332889.60354427685,199535.5085018367,24.64879541080936,15.293715281880432,0.6767898773702847,
16,novo_lancamento,power_median_ohe,GradientBoosting,yeojohnson,345647.49969266105,200849.4573544753,24.915303162349783,16.501241102430907,0.6515412860320684,
16,novo_lancamento,power_median_ohe,MLP,yeojohnson,847426.2204056905,660706.078930347,71.15937626749114,73.30639369348526,-1.0945381984271663,
17,lat,power_median_ohe,DecisionTree,yeojohnson,489684.33593554265,236044.8525757576,28.204964456934018,14.330357142857142,0.30061403292921207,
17,lat,power_median_ohe,Linear,yeojohnson,432170.3198564127,280865.87900271,37.24840169268893,25.323923411909643,0.4552536045782427,
17,lat,power_median_ohe,KNeighbors,yeojohnson,369122.2337071026,235437.9,28.36693954595484,19.366666666666667,0.6026027104598388,
17,lat,power_median_ohe,RandomForest,yeojohnson,325122.30968431616,198677.0029502899,24.52228567005605,15.27121936784141,0.6916967994985264,
17,lat,power_median_ohe,GradientBoosting,yeojohnson,316238.869385731,195230.86120711805,23.906816103716633,16.371292623365985,0.7083144012660254,
17,lat,power_median_ohe,MLP,yeojohnson,886473.23341036,702803.2798663251,76.62538235783293,78.18139587823276,-1.2920059662784569,
18,lng,power_median_ohe,KNeighbors,yeojohnson,370448.0639343584,235479.83844155847,28.375954046562295,20.013333333333332,0.5997428037469786,
18,lng,power_median_ohe,Linear,yeojohnson,432033.052086646,280957.0633638703,37.26442877406765,25.408160298331573,0.4555995989420306,
18,lng,power_median_ohe,DecisionTree,yeojohnson,471531.845663655,225459.24196969697,27.499321622591527,13.640845324233924,0.3515051256607158,
18,lng,power_median_ohe,RandomForest,yeojohnson,326274.96618492494,198349.41286206484,24.532995687262204,15.0445335408322,0.6895068689994459,
18,lng,power_median_ohe,GradientBoosting,yeojohnson,327929.5608274219,197348.92085250965,24.129331832967193,16.667692508712747,0.68634975947121,
18,lng,power_median_ohe,MLP,yeojohnson,821883.5142059482,631730.1475344967,67.24214316090826,69.3355320423624,-0.9701760190752684,
19,metro_quadrado_bairro_median,power_median_ohe,Linear,yeojohnson,432029.7077146636,280952.37103681633,37.263258146148125,25.408160298331566,0.4556080273268164,
19,metro_quadrado_bairro_median,power_median_ohe,DecisionTree,yeojohnson,488933.9571101416,231057.33915584415,27.8351615983773,13.780445867882815,0.3027558303446086,
19,metro_quadrado_bairro_median,power_median_ohe,KNeighbors,yeojohnson,372534.49229287246,236194.8633766234,28.515826747287726,20.013333333333332,0.5952214698077105,
19,metro_quadrado_bairro_median,power_median_ohe,RandomForest,yeojohnson,327675.02057141566,198245.9222343257,24.497337153626294,15.059297054059156,0.6868364836784935,
19,metro_quadrado_bairro_median,power_median_ohe,GradientBoosting,yeojohnson,321420.16883426195,196949.47868531974,24.11856047124369,16.2836101562149,0.6986780704140111,
19,metro_quadrado_bairro_median,power_median_ohe,MLP,yeojohnson,862894.5380460991,676060.2360611557,72.9341111764688,74.74314593876518,-1.1717004938702056,
20,banheiros_por_quarto,power_median_ohe,Linear,yeojohnson,433871.6954488817,280428.0540912673,36.83513060952879,24.695914983039653,0.4509560277406244,
20,banheiros_por_quarto,power_median_ohe,DecisionTree,yeojohnson,519999.39885240217,245722.34629870128,28.735024861461646,14.684741049704552,0.2113393483976942,
20,banheiros_por_quarto,power_median_ohe,RandomForest,yeojohnson,321401.3103421743,198199.7453611653,24.45723239102255,14.794392329116606,0.698713427937114,
20,banheiros_por_quarto,power_median_ohe,KNeighbors,yeojohnson,366163.6852320223,231135.2124675325,27.98125486771087,18.724527668713716,0.6089475322547844,
20,banheiros_por_quarto,power_median_ohe,GradientBoosting,yeojohnson,325402.50587211305,198712.56567525992,24.75960032575838,16.73091194816338,0.6911651681516715,
20,banheiros_por_quarto,power_median_ohe,MLP,yeojohnson,909258.8568125175,728856.2939931895,80.32366168722358,81.92750475305944,-1.4113462178293106,
21,vagas_por_metro,power_median_ohe,DecisionTree,yeojohnson,507076.5237479017,244628.29586580087,29.615615561626353,14.390537931027115,0.25005139977294955,
21,vagas_por_metro,power_median_ohe,Linear,yeojohnson,431847.8342125479,279824.2068994629,36.73348786576412,24.673422113768375,0.45606628115696846,
21,vagas_por_metro,power_median_ohe,KNeighbors,yeojohnson,368146.2486852223,232105.45714285714,28.121661959408566,18.95887506621821,0.6047014247103285,
21,vagas_por_metro,power_median_ohe,RandomForest,yeojohnson,321635.25707337866,195950.87275032498,24.265939551781273,14.099567494606328,0.6982746577187033,
21,vagas_por_metro,power_median_ohe,GradientBoosting,yeojohnson,321080.054395297,199499.8884058299,24.615145306588676,16.47019797276329,0.6993154275352058,
21,vagas_por_metro,power_median_ohe,MLP,yeojohnson,891990.8202572884,711697.5392837722,78.25295790680185,80.62603290264423,-1.3206265679535272,
22,quartos_por_metro,power_median_ohe,KNeighbors,yeojohnson,366542.51076500904,234666.40961038962,28.86098844941124,20.053181867674745,0.6081379637630946,
22,quartos_por_metro,power_median_ohe,DecisionTree,yeojohnson,539116.1953326614,249539.0567965368,29.024972307756485,14.64102564102564,0.15228621190338598,
22,quartos_por_metro,power_median_ohe,Linear,yeojohnson,432148.19205294095,281490.47650513786,37.14865360651369,24.977881538542622,0.45530938690309497,
22,quartos_por_metro,power_median_ohe,RandomForest,yeojohnson,322109.5069452794,194798.26536399467,23.982394191195304,14.951393441580855,0.6973842161582724,
22,quartos_por_metro,power_median_ohe,GradientBoosting,yeojohnson,330857.0009995271,198618.06151126235,24.32444442599004,16.577364163433177,0.6807248278160287,
22,quartos_por_metro,power_median_ohe,MLP,yeojohnson,812751.0517997153,633023.9804019284,69.08930870136415,72.3104880499724,-0.926635554212295,
23,bairro_rank,power_median_ohe,KNeighbors,yeojohnson,367515.64109315566,235054.71246753246,28.941439340119913,19.69475182248555,0.6060544999399102,
23,bairro_rank,power_median_ohe,DecisionTree,yeojohnson,457914.439834751,244107.47595238098,27.694809667600946,15.174288455388552,0.38842015065615265,
23,bairro_rank,power_median_ohe,Linear,yeojohnson,432202.8508048929,281568.4902123529,37.168116236189896,24.977881538542533,0.45517159161680254,
23,bairro_rank,power_median_ohe,RandomForest,yeojohnson,323499.5367948561,194664.18876044394,24.023070525443064,14.945871016978229,0.6947667671971558,
23,bairro_rank,power_median_ohe,GradientBoosting,yeojohnson,330041.4102971887,197998.01427990253,24.164933318340797,16.43231761217522,0.6822969687087708,
23,bairro_rank,power_median_ohe,MLP,yeojohnson,885021.4948787349,709078.1240518347,78.59514972135551,81.17349652597403,-1.2845050769403707,
24,score_educacao,power_median_ohe,DecisionTree,yeojohnson,457914.439834751,244107.47595238098,27.694809667600946,15.174288455388552,0.38842015065615265,
24,score_educacao,power_median_ohe,Linear,yeojohnson,432202.8508048929,281568.4902123529,37.168116236189896,24.977881538542533,0.45517159161680254,
24,score_educacao,power_median_ohe,KNeighbors,yeojohnson,367515.64109315566,235054.71246753246,28.941439340119913,19.69475182248555,0.6060544999399102,
24,score_educacao,power_median_ohe,GradientBoosting,yeojohnson,330041.4102971887,197998.01427990253,24.164933318340797,16.43231761217522,0.6822969687087708,
24,score_educacao,power_median_ohe,RandomForest,yeojohnson,323499.5367948561,194664.18876044394,24.023070525443057,14.945871016978229,0.6947667671971558,
24,score_educacao,power_median_ohe,MLP,yeojohnson,868528.7960735033,692863.0332749008,76.74803419657367,79.42729392611746,-1.2001532596214286,
25,score_escola_privada,power_median_ohe,Linear,yeojohnson,432202.8508048929,281568.4902123529,37.168116236189896,24.977881538542533,0.45517159161680254,
25,score_escola_privada,power_median_ohe,DecisionTree,yeojohnson,457914.439834751,244107.47595238098,27.694809667600946,15.174288455388552,0.38842015065615265,
25,score_escola_privada,power_median_ohe,RandomForest,yeojohnson,323499.5367948561,194664.18876044394,24.023070525443057,14.945871016978229,0.6947667671971558,
25,score_escola_privada,power_median_ohe,KNeighbors,yeojohnson,367515.64109315566,235054.71246753246,28.941439340119913,19.69475182248555,0.6060544999399102,
25,score_escola_privada,power_median_ohe,GradientBoosting,yeojohnson,330041.4102971887,197998.01427990253,24.164933318340797,16.43231761217522,0.6822969687087708,
25,score_escola_privada,power_median_ohe,MLP,yeojohnson,825663.2290537608,648412.3267739036,71.34703076829285,74.53881780030956,-0.9883387551336065,
1,metragem,raw_zero_ord,DecisionTree,none,476259.28220196883,285768.9492417445,35.42428749757182,24.914730372181317,0.33843671309192136,
1,metragem,raw_zero_ord,Linear,none,578571.9684911502,404539.5383356044,57.286934945175275,40.85153597286085,0.023664081099237455,
1,metragem,raw_zero_ord,KNeighbors,none,448475.1419752407,295340.4161038961,36.70685688980735,27.12941176470588,0.41337408831238764,
1,metragem,raw_zero_ord,RandomForest,none,435019.7663697111,281658.57670286176,35.2116620224487,24.604919027188902,0.4480465252271314,
1,metragem,raw_zero_ord,GradientBoosting,none,452928.3989542118,279755.53029439185,35.142869768539335,26.40791563580335,0.40166612084363884,
1,metragem,raw_zero_ord,MLP,none,1020628.565375793,836941.2132355926,93.21105418945949,93.69952052038627,-2.0382249687453,
2,tipo_imovel,raw_zero_ord,DecisionTree,none,463946.73933468375,231687.66254813934,29.02389063152635,18.260837105869264,0.3722008205627114,
2,tipo_imovel,raw_zero_ord,KNeighbors,none,398642.0561893266,243881.35012987017,29.111167173750484,18.901771077610274,0.5364989539466782,
2,tipo_imovel,raw_zero_ord,Linear,none,563391.4401626065,391215.4008055578,54.74598045165473,40.62535905552127,0.07422600200813534,
2,tipo_imovel,raw_zero_ord,RandomForest,none,386966.47945161874,226900.55436963958,28.289366134037575,17.919346063658537,0.56325174059632,
2,tipo_imovel,raw_zero_ord,GradientBoosting,none,414230.1111644477,229654.4739780546,28.750439734925877,17.986732644756806,0.49954178693913476,
2,tipo_imovel,raw_zero_ord,MLP,none,1016261.7042882949,828588.9875456574,91.546773135075,92.98309138880322,-2.0122818907918,
3,tem_elevador,raw_zero_ord,Linear,none,560444.6229566174,386384.7428123535,53.891548859957894,40.51481280650373,0.08388519072658751,
3,tem_elevador,raw_zero_ord,DecisionTree,none,464672.3920571313,228290.60862094435,28.82976128662423,17.796320246076714,0.37023542058941283,
3,tem_elevador,raw_zero_ord,KNeighbors,none,392607.7553530554,240220.77740259742,28.90059840561222,18.701718245236197,0.5504249115146542,
3,tem_elevador,raw_zero_ord,RandomForest,none,387604.50205809495,224382.64635240808,28.06292819653095,17.767358686678335,0.56181034968385,
3,tem_elevador,raw_zero_ord,GradientBoosting,none,400974.9182923296,226235.60730434285,28.375618311947136,18.112185301717567,0.5310582441310356,
3,tem_elevador,raw_zero_ord,MLP,none,995339.2947336197,804304.7417410715,88.03088762746538,89.7216476219542,-1.889527218320458,
4,banheiros,raw_zero_ord,Linear,none,487124.32745618053,325019.3987645281,42.65403849963513,33.44321201911599,0.3079075230102468,
4,banheiros,raw_zero_ord,DecisionTree,none,456568.79028789885,217090.237791751,26.40307996287955,15.426018725598528,0.3920093055844336,
4,banheiros,raw_zero_ord,KNeighbors,none,383864.6541235719,231915.47506493508,27.89327146047561,19.528272817430132,0.5702254055060882,
4,banheiros,raw_zero_ord,RandomForest,none,382705.14863792696,213867.0146225387,26.04485925791752,16.596003104288688,0.5728178472444194,
4,banheiros,raw_zero_ord,GradientBoosting,none,373675.85693189467,213703.7416075619,26.08151910669727,17.46983211380003,0.5927373635347963,
4,banheiros,raw_zero_ord,MLP,none,973032.6633390497,785708.8625107802,86.20420777839126,87.40935509956714,-1.7614636347824746,
5,quartos,raw_zero_ord,DecisionTree,none,462308.42059580586,209210.89903574716,25.372726000506436,12.55110008727206,0.3766268421635961,
5,quartos,raw_zero_ord,Linear,none,470964.94374744396,311963.0174685505,39.96668923680387,31.724851705019386,0.3530635018163951,
5,quartos,raw_zero_ord,KNeighbors,none,390506.3875398848,237358.42493506492,27.55000328019352,20.556479357798167,0.5552245843292034,
5,quartos,raw_zero_ord,RandomForest,none,381283.49924582825,205957.8176792696,24.674262586462593,15.46366414595663,0.5759856920653479,
5,quartos,raw_zero_ord,GradientBoosting,none,380452.64090689743,210800.507981216,25.394726511758346,17.65342379048955,0.5778316254915459,
5,quartos,raw_zero_ord,MLP,none,978774.9584365416,798266.9582437094,88.8070683482375,90.04764744846506,-1.7941530391128775,
6,vagas,raw_zero_ord,DecisionTree,none,451070.27231224923,195492.03968202433,23.835617292064022,11.162893666546495,0.4065653481833472,
6,vagas,raw_zero_ord,Linear,none,470058.75890100293,311405.06154082064,39.85285478747552,31.78951921099561,0.355550651071149,
6,vagas,raw_zero_ord,RandomForest,none,363637.92550712684,195160.4373648649,23.916322375272937,13.850515600816815,0.6143238056013025,
6,vagas,raw_zero_ord,KNeighbors,none,388449.52591137105,231332.85610389608,27.1102616244077,18.989616624526803,0.5598976560346868,
6,vagas,raw_zero_ord,GradientBoosting,none,346793.92481686623,203369.184538504,25.129251550439935,16.71556498132964,0.6492259542865053,
6,vagas,raw_zero_ord,MLP,none,993786.5443804499,814689.4523716518,91.04376305492796,91.918762542517,-1.880518803305053,
7,metro_quadrado_bairro_mean,raw_zero_ord,Linear,none,465625.5733372066,306015.58274487854,38.72089003027997,30.435852490293403,0.367649101735823,
7,metro_quadrado_bairro_mean,raw_zero_ord,DecisionTree,none,455373.7156539393,208553.24623301663,25.890335917703627,12.5,0.3951879868134037,
7,metro_quadrado_bairro_mean,raw_zero_ord,KNeighbors,none,373910.5746894027,235219.8425974026,27.884286940921744,19.65237166991553,0.5922255734734422,
7,metro_quadrado_bairro_mean,raw_zero_ord,RandomForest,none,343386.1730330467,189666.4786199763,23.292622946770187,13.70939116533923,0.6560858083348403,
7,metro_quadrado_bairro_mean,raw_zero_ord,GradientBoosting,none,339000.4084608589,197771.61531260825,24.064596330023743,15.972075139648151,0.6648147237154346,
7,metro_quadrado_bairro_mean,raw_zero_ord,MLP,none,1011307.4837389202,836143.9893835688,94.36326988004024,95.1311040780237,-1.9829840571058983,
8,score_parque,raw_zero_ord,DecisionTree,none,423492.9113043319,226709.5856060606,27.22411575745578,12.45253164556962,0.47690956284687225,
8,score_parque,raw_zero_ord,Linear,none,465868.34080303484,305613.3320123956,38.656932643298944,29.844013075598685,0.36698954069177026,
8,score_parque,raw_zero_ord,KNeighbors,none,358449.5316534038,226439.79090909092,26.95830819960404,19.445752379021997,0.6252509637221917,
8,score_parque,raw_zero_ord,GradientBoosting,none,330132.0854170526,197319.5623525576,23.949866487264114,16.36510295699203,0.6821223741467148,
8,score_parque,raw_zero_ord,RandomForest,none,332013.8165361531,194214.32892873918,23.880406992393073,14.840088274178736,0.6784882835263828,
8,score_parque,raw_zero_ord,MLP,none,1004478.6320313492,830075.3996959339,93.70689082175866,94.56433135000259,-1.9428348824865167,
9,bairro,raw_zero_ord,DecisionTree,none,395404.9187011799,217945.5234848485,27.153140659923725,12.786095336430908,0.5439960285212797,
9,bairro,raw_zero_ord,Linear,none,465733.7892053852,305804.5617494116,38.703484004268745,29.993249915783775,0.3673551387006706,
9,bairro,raw_zero_ord,KNeighbors,none,378923.6324545787,237202.2142857143,28.167688739756137,20.77456861183387,0.5812181279859246,
9,bairro,raw_zero_ord,GradientBoosting,none,329035.7705924838,196714.3998189845,23.835192991219674,16.2098640235625,0.6842301081307338,
9,bairro,raw_zero_ord,RandomForest,none,332463.84200294624,195125.55774802688,23.908363495449354,14.151226562860087,0.677616111878811,
9,bairro,raw_zero_ord,MLP,none,760956.8747314636,541497.4860334322,57.5419443781419,60.21536467230288,-0.6889025056344427,
10,score_escola_publica,raw_zero_ord,DecisionTree,none,435902.5972386367,223941.88344155843,27.212466289488514,12.5,0.4458039788003402,
10,score_escola_publica,raw_zero_ord,Linear,none,465536.50665973633,305667.34730452235,38.61201676750291,30.036586270236043,0.3678909956954355,
10,score_escola_publica,raw_zero_ord,KNeighbors,none,383419.33097832167,240610.70545454544,28.576298658353178,20.664254488658013,0.5712219940522474,
10,score_escola_publica,raw_zero_ord,RandomForest,none,320219.88974154834,192911.3278808589,23.635357104448,14.627485502375576,0.7009243209887298,
10,score_escola_publica,raw_zero_ord,GradientBoosting,none,315087.0174594265,193607.6058896698,23.64689981804026,15.845178710937958,0.7104353723152178,
10,score_escola_publica,raw_zero_ord,MLP,none,736854.9669003662,525560.6262270643,57.831314787537714,59.23097855217958,-0.5836110399525594,
11,score_farmacia,raw_zero_ord,Linear,none,465753.44234570547,305834.8503741229,38.619559274137174,30.09825132235896,0.36730174459075127,
11,score_farmacia,raw_zero_ord,DecisionTree,none,512378.5102317372,241518.35162337663,30.10707986635377,13.822663506052107,0.23428650119491934,
11,score_farmacia,raw_zero_ord,KNeighbors,none,385192.65416767675,241709.24675324676,28.612873778387875,20.76539863864864,0.5672466059314738,
11,score_farmacia,raw_zero_ord,RandomForest,none,328801.62982671685,194540.31479576408,24.103852080294388,14.744447792107998,0.6846793498550938,
11,score_farmacia,raw_zero_ord,GradientBoosting,none,342297.9069149548,200863.09106556483,24.653207592896532,16.318537768200446,0.658262233127322,
11,score_farmacia,raw_zero_ord,MLP,none,779156.0884307683,555736.2186957818,57.83465105559736,61.67499414400777,-0.7706528688813377,
12,valor_bairro_mean,raw_zero_ord,DecisionTree,none,527686.6695412474,250085.29686147187,30.16405013030819,13.640845324233924,0.18784908789708465,
12,valor_bairro_mean,raw_zero_ord,Linear,none,462144.2902356619,302448.43804171134,38.483885750638514,30.166299928046094,0.3770693878509458,
12,valor_bairro_mean,raw_zero_ord,KNeighbors,none,386638.8067225992,242600.6763636364,28.632279977940094,20.722548008393797,0.5639910806198374,
12,valor_bairro_mean,raw_zero_ord,GradientBoosting,none,336439.93250843923,196334.6958377894,24.16653672031627,16.038128007793404,0.6698589224283011,
12,valor_bairro_mean,raw_zero_ord,RandomForest,none,326780.12193088874,192991.54870407123,23.851889979901784,14.535136853635134,0.6885446817335634,
12,valor_bairro_mean,raw_zero_ord,MLP,none,771593.8706475913,548519.7545746444,57.231707257848555,60.73155140973764,-0.7364489829916894,
13,lng,raw_zero_ord,DecisionTree,none,479747.64336751995,229702.89967532468,28.71728203900809,13.671978574545257,0.32870998060765766,
13,lng,raw_zero_ord,Linear,none,462243.03287861944,302546.0426040185,38.52193880598468,30.04331995918234,0.37680316629427824,
13,lng,raw_zero_ord,KNeighbors,none,384594.87680442975,242735.45532467528,28.804011609498243,20.722548008393797,0.5685887366831633,
13,lng,raw_zero_ord,GradientBoosting,none,347621.111901193,200793.5057378926,24.52169863486398,16.417972952108546,0.6475505973379035,
13,lng,raw_zero_ord,RandomForest,none,327419.6121676612,192764.80910002196,23.92210086062412,14.474120761503922,0.6873244880520046,
13,lng,raw_zero_ord,MLP,none,759140.765103564,538682.940505922,57.08898685222442,59.60811253156566,-0.6808506118815227,
14,score_mercado,raw_zero_ord,Linear,none,462194.45859669603,302426.3727090652,38.49549326654682,30.116441134858228,0.3769341352695861,
14,score_mercado,raw_zero_ord,DecisionTree,none,516011.94448120036,241077.6579004329,29.0327655207114,14.162391122777713,0.22338817424256885,
14,score_mercado,raw_zero_ord,KNeighbors,none,388403.9457673396,244108.45012987012,28.84441576542205,20.458270958083833,0.5600009320074246,
14,score_mercado,raw_zero_ord,RandomForest,none,331282.9712149854,196472.71711810626,24.474139757549487,14.900179505273819,0.6799021807939133,
14,score_mercado,raw_zero_ord,GradientBoosting,none,344094.2149232279,200611.0761462348,24.442744667891535,16.251723799099228,0.6546660848831319,
14,score_mercado,raw_zero_ord,MLP,none,726075.3397119436,515694.55716909433,56.98528456934405,57.38787408856698,-0.53761590809333,
15,score_seguranca,raw_zero_ord,DecisionTree,none,508987.97978500096,238534.91136363638,28.889719599115978,13.671978574545257,0.24438678887700005,
15,score_seguranca,raw_zero_ord,Linear,none,461922.1973756258,302272.6128790531,38.46958395308675,30.334735831703334,0.3776679679961371,
15,score_seguranca,raw_zero_ord,KNeighbors,none,400482.2881280038,248740.7361038961,29.44738821626631,20.48231306734028,0.5322098021636745,
15,score_seguranca,raw_zero_ord,GradientBoosting,none,334765.7370074864,198914.88971990038,24.447217531955523,16.025268730461722,0.6731364494191991,
15,score_seguranca,raw_zero_ord,RandomForest,none,329537.20032012777,196876.19664024728,24.4249934129498,14.715900168380603,0.6832669480588882,
15,score_seguranca,raw_zero_ord,MLP,none,741990.9540318261,526407.2139856314,56.875914126190786,59.10899409721696,-0.6057639786035016,
16,lat,raw_zero_ord,Linear,none,462623.73790460895,302643.3997048004,38.58467429773559,30.182441915219698,0.37577620925400723,
16,lat,raw_zero_ord,KNeighbors,none,400967.4565360334,249484.89584415584,29.69474119285202,20.612040133779264,0.5310756970757564,
16,lat,raw_zero_ord,DecisionTree,none,489507.6626785069,237475.46720779222,29.502311778809347,14.962969030935458,0.30111860494650966,
16,lat,raw_zero_ord,RandomForest,none,328159.8726532726,196411.114609875,24.422780048114493,14.729098688401276,0.6859090384438,
16,lat,raw_zero_ord,GradientBoosting,none,341434.2593668813,202138.3647789561,24.697057888890516,17.29775434829509,0.6599845261664214,
16,lat,raw_zero_ord,MLP,none,749501.6496354826,531309.462756209,56.7319153767323,58.20877468434343,-0.6384367335325458,
17,score_hospitais,raw_zero_ord,Linear,none,462620.39286577696,302611.38421695604,38.57091398055956,29.939476775955754,0.3757852362238746,
17,score_hospitais,raw_zero_ord,DecisionTree,none,501068.9303323863,241821.671969697,29.00601291318822,15.00810713854416,0.26771617919739843,
17,score_hospitais,raw_zero_ord,KNeighbors,none,413687.02291291376,254414.08233766232,30.32923096274971,20.612040133779264,0.500853206836402,
17,score_hospitais,raw_zero_ord,RandomForest,none,330994.50202227914,197493.17033237347,24.530930661165126,14.737202976342466,0.6804593972225643,
17,score_hospitais,raw_zero_ord,GradientBoosting,none,344750.25911629375,204552.73040483563,24.854778759711273,16.816306624905597,0.6533480140051688,
17,score_hospitais,raw_zero_ord,MLP,none,729649.8721776921,518284.52459201566,56.99902848415452,57.28624899206698,-0.5527928104383211,
18,metro_quadrado_bairro_median,raw_zero_ord,Linear,none,462622.58017693093,302656.12001968955,38.58192699175779,29.845977687764265,0.3757793335219439,
18,metro_quadrado_bairro_median,raw_zero_ord,KNeighbors,none,414573.9186891513,254554.31064935063,30.27311480562948,20.547139935343406,0.49871068992551937,
18,metro_quadrado_bairro_median,raw_zero_ord,DecisionTree,none,503635.32990900433,237789.10876623375,28.677635054531354,13.792613422579652,0.2601956741188276,
18,metro_quadrado_bairro_median,raw_zero_ord,GradientBoosting,none,353170.854186234,203496.55832583067,24.884884016342156,16.79776310993248,0.636207114438698,
18,metro_quadrado_bairro_median,raw_zero_ord,RandomForest,none,332300.27995956154,197994.359126888,24.552548007705724,14.95037013035926,0.6779332398796261,
18,metro_quadrado_bairro_median,raw_zero_ord,MLP,none,730184.3762999183,517738.1996511484,56.79719951895592,56.87808837890624,-0.5550686366614987,
19,novo_lancamento,raw_zero_ord,DecisionTree,none,486128.96238446276,231009.2095021645,28.149188404177515,14.64102564102564,0.31073300645770086,
19,novo_lancamento,raw_zero_ord,KNeighbors,none,416959.5854806434,256207.52441558443,30.507316575388842,20.257324077183313,0.49292474856489576,
19,novo_lancamento,raw_zero_ord,Linear,none,462973.116322062,300732.88313240395,38.40879174208368,29.11476488027708,0.3748330122048802,
19,novo_lancamento,raw_zero_ord,RandomForest,none,329822.13242459693,198421.42366204626,24.61572766580304,15.334729304363126,0.6827189890978703,
19,novo_lancamento,raw_zero_ord,GradientBoosting,none,340636.69679032476,199690.5497096427,24.579268036828676,16.107100672176234,0.6615711676855132,
19,novo_lancamento,raw_zero_ord,MLP,none,759333.6967457179,538270.0682012384,56.77829466087064,58.72351399569864,-0.6817050791737105,
20,banheiros_por_quarto,raw_zero_ord,KNeighbors,none,417839.90854833263,258072.13350649353,31.035867829787232,20.60763744653913,0.4907813213066359,
20,banheiros_por_quarto,raw_zero_ord,Linear,none,462832.4871213467,300754.0996614242,38.3950215570763,29.147973057587706,0.3752127464842506,
20,banheiros_por_quarto,raw_zero_ord,DecisionTree,none,521158.83086983557,243880.75885281386,28.90261689926564,14.153118374975593,0.20781850656561252,
20,banheiros_por_quarto,raw_zero_ord,GradientBoosting,none,349777.06712068734,202942.96192044445,25.094143824152376,16.595476822062444,0.6431652395165561,
20,banheiros_por_quarto,raw_zero_ord,RandomForest,none,327821.929758241,197699.2200209805,24.53687883336485,14.950534693037676,0.6865556144764378,
20,banheiros_por_quarto,raw_zero_ord,MLP,none,750547.8356561498,531912.3365479903,56.592289362434656,58.194434027777774,-0.6430139240442763,
21,vagas_por_metro,raw_zero_ord,Linear,none,447137.65539339924,289464.00227926596,36.72474199300915,28.17147350715719,0.41686785753242317,
21,vagas_por_metro,raw_zero_ord,DecisionTree,none,484724.53800565674,240780.83255411254,29.741012673588997,15.44439260512043,0.31470983210052184,
21,vagas_por_metro,raw_zero_ord,KNeighbors,none,419887.1018072766,262558.587012987,31.783235729424717,21.34525428156749,0.4857792963835297,
21,vagas_por_metro,raw_zero_ord,RandomForest,none,328088.12948756665,196001.4047079053,24.371517812591634,14.66325442533169,0.6860463581990264,
21,vagas_por_metro,raw_zero_ord,GradientBoosting,none,349759.00306256715,202501.57443610547,24.942962028278973,16.549954454438158,0.643202095663007,
21,vagas_por_metro,raw_zero_ord,MLP,none,776790.7764954873,553021.362021528,57.35377429652917,61.17469569546569,-0.7599187185013827,
22,quartos_por_metro,raw_zero_ord,DecisionTree,none,553919.6209979845,258326.30160173163,29.956419825439585,14.987309644670049,0.10509282889571003,
22,quartos_por_metro,raw_zero_ord,KNeighbors,none,400868.5320981278,246517.3745454545,30.326754671814854,19.908209159021016,0.5313070492716945,
22,quartos_por_metro,raw_zero_ord,Linear,none,447507.27280044864,279877.74276351725,35.385854706453216,24.537543966956164,0.41590339000417076,
22,quartos_por_metro,raw_zero_ord,RandomForest,none,328111.2394157597,194357.6231909988,24.013632858306853,14.776355224626775,0.686002127999906,
22,quartos_por_metro,raw_zero_ord,GradientBoosting,none,342975.26228756027,198158.76215044054,24.437974653325796,16.585798608515116,0.6569084010560071,
22,quartos_por_metro,raw_zero_ord,MLP,none,809436.4369908762,586178.828442363,59.75759747453746,65.90694436738411,-0.9109529347660732,
23,bairro_rank,raw_zero_ord,Linear,none,447370.0182594233,280160.26638227236,35.52079624900508,24.449344327824157,0.4162616305181095,
23,bairro_rank,raw_zero_ord,KNeighbors,none,401880.8659177976,247265.19090909092,30.388827276253522,19.981981981981985,0.5289368316396605,
23,bairro_rank,raw_zero_ord,DecisionTree,none,547180.6072594692,261267.51242424242,30.163809661211527,15.384615384615385,0.1267353417697733,
23,bairro_rank,raw_zero_ord,RandomForest,none,326812.27624117513,194153.50364213338,24.034052072160296,14.840406643308727,0.6884833859387551,
23,bairro_rank,raw_zero_ord,GradientBoosting,none,341646.3516038693,197905.6913912449,24.437357814156154,16.62952918666613,0.6595619731356422,
23,bairro_rank,raw_zero_ord,MLP,none,724015.1473649879,512839.194912799,56.152044743969554,56.09152665573733,-0.5289025138754442,
24,score_educacao,raw_zero_ord,DecisionTree,none,547180.6072594692,261267.51242424242,30.163809661211527,15.384615384615385,0.1267353417697733,
24,score_educacao,raw_zero_ord,Linear,none,447370.0182594233,280160.26638227236,35.52079624900508,24.449344327824157,0.4162616305181095,
24,score_educacao,raw_zero_ord,KNeighbors,none,401880.8659177976,247265.19090909092,30.388827276253522,19.981981981981985,0.5289368316396605,
24,score_educacao,raw_zero_ord,RandomForest,none,326812.27624117513,194153.50364213338,24.034052072160296,14.840406643308734,0.6884833859387551,
24,score_educacao,raw_zero_ord,GradientBoosting,none,341646.3516038693,197905.6913912449,24.437357814156154,16.62952918666613,0.6595619731356422,
24,score_educacao,raw_zero_ord,MLP,none,751237.564602258,533122.154326917,56.378775814545214,58.08621910128148,-0.6460350638332342,
25,score_escola_privada,raw_zero_ord,Linear,none,447370.0182594233,280160.26638227236,35.52079624900508,24.449344327824157,0.4162616305181095,
25,score_escola_privada,raw_zero_ord,KNeighbors,none,401880.8659177976,247265.19090909092,30.388827276253522,19.981981981981985,0.5289368316396605,
25,score_escola_privada,raw_zero_ord,RandomForest,none,326812.27624117513,194153.50364213338,24.034052072160296,14.840406643308734,0.6884833859387551,
25,score_escola_privada,raw_zero_ord,DecisionTree,none,547180.6072594692,261267.51242424242,30.163809661211527,15.384615384615385,0.1267353417697733,
25,score_escola_privada,raw_zero_ord,GradientBoosting,none,341646.3516038693,197905.6913912449,24.437357814156154,16.62952918666613,0.6595619731356422,
25,score_escola_privada,raw_zero_ord,MLP,none,806332.2750921769,584416.4212289786,59.764702918215995,65.22548804594483,-0.8963241568019216,
1,metragem,raw_zero_ord,Linear,log,492670.5056051868,328250.391823722,42.22924230141943,32.680710908256934,0.292058100223875,
1,metragem,raw_zero_ord,DecisionTree,log,470801.9106723865,282178.9059517012,35.26208766969748,24.45649964277466,0.3535113219462489,
1,metragem,raw_zero_ord,KNeighbors,log,464442.90456808533,300827.4005194805,37.05869819656584,27.465029738091427,0.3708573099321857,
1,metragem,raw_zero_ord,RandomForest,log,436071.29402226483,281622.73072305456,35.32201287752066,24.317331780191036,0.445374941773907,
1,metragem,raw_zero_ord,GradientBoosting,log,449253.1341864441,276748.80622957274,35.02038944557312,26.15862616955726,0.4113370244529959,
1,metragem,raw_zero_ord,MLP,log,1013591.7994976746,834712.8675806616,93.61541811208315,93.91356336805555,-1.9964750543196446,
2,tipo_imovel,raw_zero_ord,DecisionTree,log,464142.1110790825,232031.8183922952,29.05854360310267,18.260837105869264,0.3716719665552901,
2,tipo_imovel,raw_zero_ord,Linear,log,450551.19775826536,275716.5339761979,34.70291573945531,22.020416082385307,0.4079303664856435,
2,tipo_imovel,raw_zero_ord,KNeighbors,log,399821.83929973654,246157.39142857143,29.479089643355255,20.739828927828924,0.5337514270796087,
2,tipo_imovel,raw_zero_ord,RandomForest,log,389171.0776971656,227140.34350353974,28.35692183161947,17.90353268937854,0.5582611419214414,
2,tipo_imovel,raw_zero_ord,GradientBoosting,log,411484.70886537904,228648.68520838383,28.688673586645564,17.77802612684502,0.5061535999473287,
2,tipo_imovel,raw_zero_ord,MLP,log,1005931.4532395134,824127.6692001144,91.84637863127932,92.33197543569712,-1.9513537392365974,
3,banheiros,raw_zero_ord,Linear,log,438922.2982847443,276325.2796217252,35.17495368182644,24.48001950322512,0.4380990332651853,
3,banheiros,raw_zero_ord,DecisionTree,log,434997.971151377,214042.3073734689,26.51704733483508,15.63018597997139,0.44810183142727533,
3,banheiros,raw_zero_ord,KNeighbors,log,409683.0489763647,237389.65844155845,28.396796441998028,19.627314814814817,0.5104686832968761,
3,banheiros,raw_zero_ord,RandomForest,log,386800.39865911915,214982.53112854407,26.20495794205611,16.643854804603457,0.5636265530685471,
3,banheiros,raw_zero_ord,GradientBoosting,log,356928.86443699204,210499.7524435816,25.907453155660065,17.69347316343881,0.6284238499088294,
3,banheiros,raw_zero_ord,MLP,log,993263.1007659779,816001.0801896529,91.59687460658202,93.1750256684191,-1.8774851697871089,
4,tem_elevador,raw_zero_ord,Linear,log,438053.7918623311,274832.9966425904,34.87830199220621,24.576696065548397,0.4403205279442589,
4,tem_elevador,raw_zero_ord,DecisionTree,log,457118.14671083307,217028.51116837436,26.42152695549592,15.37278995887501,0.3905453223186738,
4,tem_elevador,raw_zero_ord,KNeighbors,log,415142.06297704956,238290.4038961039,28.296411651289837,19.431545634860264,0.497335785245827,
4,tem_elevador,raw_zero_ord,GradientBoosting,log,374634.3212570425,213791.05435052598,26.054571934610575,17.415278502080078,0.5906454578738958,
4,tem_elevador,raw_zero_ord,RandomForest,log,386004.4156206649,213077.10473969305,25.899390706365004,16.40802829736372,0.5654207004785788,
4,tem_elevador,raw_zero_ord,MLP,log,981390.8591898148,803958.6587278886,90.08013237509446,90.97942365748908,-1.809108457407651,
5,quartos,raw_zero_ord,Linear,log,437258.6048068851,274517.7237297832,34.84552804972276,24.633100573742908,0.44235062532596936,
5,quartos,raw_zero_ord,KNeighbors,log,402697.212879638,237936.64753246753,27.74541520842602,19.034858910759056,0.527021131783195,
5,quartos,raw_zero_ord,DecisionTree,log,457584.2431687026,205529.60778652018,24.96022562212679,12.162083804797804,0.38930183859110246,
5,quartos,raw_zero_ord,GradientBoosting,log,379825.8991054386,210837.37039821036,25.40380202283597,17.68028779868158,0.5792214049353124,
5,quartos,raw_zero_ord,RandomForest,log,382265.7398396268,205012.63880372056,24.52476292075782,15.084795015453983,0.5737982356054562,
5,quartos,raw_zero_ord,MLP,log,987112.2118386312,814076.4253776451,91.99231107806727,92.93676863860682,-1.841957241913077,
6,vagas,raw_zero_ord,DecisionTree,log,448038.12032905663,192053.13247732428,23.42049724881917,10.56095924870032,0.4145168197023278,
6,vagas,raw_zero_ord,KNeighbors,log,376126.9271196808,220841.81948051948,26.568425628150067,17.928632421867587,0.587377085875775,
6,vagas,raw_zero_ord,RandomForest,log,364599.3045102298,194778.81378596023,23.826260006674065,13.978340694134284,0.6122818231725935,
6,vagas,raw_zero_ord,Linear,log,435880.6190167386,274999.5431217205,34.985739841232835,24.530191967543708,0.44585986255116894,
6,vagas,raw_zero_ord,GradientBoosting,log,347073.3556038781,203597.70022290666,25.11722894260498,16.71556498132964,0.6486604509746551,
6,vagas,raw_zero_ord,MLP,log,984675.117732,812576.0614662071,91.87632487088439,93.33270806143761,-1.8279414751696867,
7,score_parque,raw_zero_ord,Linear,log,436021.78988508903,274847.19401091384,34.93587763896478,24.554560795268888,0.4455008600670042,
7,score_parque,raw_zero_ord,DecisionTree,log,409113.234640562,215465.3946969697,26.22260186550654,13.094509083486427,0.511829481490966,
7,score_parque,raw_zero_ord,KNeighbors,log,380783.10352982656,231597.2651948052,28.063275045303165,18.953549979194058,0.5770979128388345,
7,score_parque,raw_zero_ord,RandomForest,log,340754.2594206507,198072.76504390303,24.465808977990996,14.851604830562964,0.6613375260974215,
7,score_parque,raw_zero_ord,GradientBoosting,log,330637.6738954486,199841.27194769096,24.645961730939398,16.90843192370231,0.6811479863919598,
7,score_parque,raw_zero_ord,MLP,log,949738.2672599975,778126.5234052385,87.73759082310623,89.88912527064853,-1.6308274485116918,
8,bairro,raw_zero_ord,Linear,log,435226.47508356534,274540.50219404016,34.917385591955,24.804463891543122,0.4475218561951697,
8,bairro,raw_zero_ord,KNeighbors,log,359516.61029723735,227279.6387012987,27.76461131922853,19.374728614850195,0.6230164404484757,
8,bairro,raw_zero_ord,DecisionTree,log,413507.75261068746,225059.72824675325,27.01241157551872,13.640845324233924,0.5012857212884421,
8,bairro,raw_zero_ord,GradientBoosting,log,315658.3988608249,195225.45959384297,24.124553947171496,16.36663745766498,0.7093842223188345,
8,bairro,raw_zero_ord,RandomForest,log,337140.37830978434,196994.85424030042,24.230857859745413,14.631225670774302,0.6684828274486273,
8,bairro,raw_zero_ord,MLP,log,781436.850386186,559730.0931060197,58.05250320846931,62.67075607191654,-0.7810342249643774,
9,metro_quadrado_bairro_mean,raw_zero_ord,DecisionTree,log,399222.8346714885,220974.54945887448,27.35214911969704,13.636363636363635,0.5351474280789569,
9,metro_quadrado_bairro_mean,raw_zero_ord,Linear,log,468243.9487530248,283854.2110482577,37.300114963078286,24.081800727699935,0.36051724506216154,
9,metro_quadrado_bairro_mean,raw_zero_ord,KNeighbors,log,377766.95372482104,232020.74415584415,28.323705147098543,19.41493370551291,0.5837709208109279,
9,metro_quadrado_bairro_mean,raw_zero_ord,RandomForest,log,332077.4758214056,195378.2393731522,23.905139461853288,14.213357966553858,0.6783649804154254,
9,metro_quadrado_bairro_mean,raw_zero_ord,GradientBoosting,log,328297.96286041866,197172.34106680623,23.923997049089373,16.24616671036469,0.6856446428534211,
9,metro_quadrado_bairro_mean,raw_zero_ord,MLP,log,755536.0994207952,538054.8177532642,57.08203113236213,60.477079268869296,-0.664925977352052,
10,score_escola_publica,raw_zero_ord,DecisionTree,log,433560.5126636066,224784.15616883116,27.32820007486163,12.68863963439523,0.45174331930377665,
10,score_escola_publica,raw_zero_ord,Linear,log,471440.3482065916,284092.8635539276,37.34210165790354,24.132980204499763,0.351756773033567,
10,score_escola_publica,raw_zero_ord,KNeighbors,log,378787.71637369535,232344.82857142857,28.021886693673125,19.37906976744186,0.5815184997640108,
10,score_escola_publica,raw_zero_ord,RandomForest,log,319593.43533557217,193088.8564620262,23.630857689267152,14.745992121967205,0.7020933552486464,
10,score_escola_publica,raw_zero_ord,GradientBoosting,log,314840.59082236193,192866.89801075115,23.57956063715948,15.758144044731315,0.7108881268233791,
10,score_escola_publica,raw_zero_ord,MLP,log,769137.3354745676,548823.792065727,57.39290301744443,61.7837681547619,-0.7254098654958325,
11,score_mercado,raw_zero_ord,DecisionTree,log,456102.0908699147,233481.69123376624,28.069335019310454,13.061538461538461,0.3932516326414186,
11,score_mercado,raw_zero_ord,Linear,log,473027.1099049574,284613.3137687182,37.46879324095699,24.326450973788262,0.34738574896674934,
11,score_mercado,raw_zero_ord,KNeighbors,log,395636.83025658,239027.287012987,28.38296081809521,19.06026935922811,0.5434609638414192,
11,score_mercado,raw_zero_ord,RandomForest,log,323656.1591699464,197422.66918377258,24.27371598330041,14.963875718423433,0.6944711381704162,
11,score_mercado,raw_zero_ord,GradientBoosting,log,325272.35291391256,198727.00808954067,24.273298880290138,16.44352207551171,0.6914121713405137,
11,score_mercado,raw_zero_ord,MLP,log,746677.5377201912,530677.979218421,56.74541855490695,59.614319918132416,-0.6261127814099892,
12,valor_bairro_mean,raw_zero_ord,Linear,log,521478.42832294625,289632.0428440341,38.910750205901685,24.08787557860122,0.20684660777778419,
12,valor_bairro_mean,raw_zero_ord,DecisionTree,log,458804.2305158289,238191.64296536797,27.966173815039003,13.788131734709363,0.38604107408786104,
12,valor_bairro_mean,raw_zero_ord,KNeighbors,log,399545.78412763914,240364.86363636365,28.589680129498962,19.213899613899617,0.5343950432289006,
12,valor_bairro_mean,raw_zero_ord,RandomForest,log,323691.9126617651,197926.94197207486,24.169204376057966,14.642277926560876,0.6944036324133922,
12,valor_bairro_mean,raw_zero_ord,GradientBoosting,log,320697.0981274156,196606.38357789518,23.925352650493984,15.994967003391785,0.7000322604262026,
12,valor_bairro_mean,raw_zero_ord,MLP,log,759433.2254029008,539803.866500042,56.529628959960974,60.08432401779422,-0.6821459625914752,
13,score_seguranca,raw_zero_ord,Linear,log,517457.282160867,289271.0039007107,38.82815903336353,24.325004911468927,0.21903153735632686,
13,score_seguranca,raw_zero_ord,DecisionTree,log,405495.81951470516,225093.95032467533,27.07164065995496,14.570175438596491,0.5204242082278987,
13,score_seguranca,raw_zero_ord,KNeighbors,log,399011.0900474388,241374.29662337663,28.878071797766314,19.445323195396867,0.5356404055405625,
13,score_seguranca,raw_zero_ord,GradientBoosting,log,328687.78283672075,196377.58941976525,23.919288692628374,16.797123436810043,0.6848976705006361,
13,score_seguranca,raw_zero_ord,RandomForest,log,321757.98440734117,197192.23278433734,24.185756211837635,14.618738931183733,0.6980443532925139,
13,score_seguranca,raw_zero_ord,MLP,log,752044.450041397,533677.3455430663,56.34873946445074,58.98429194078947,-0.6495728927718947,
14,score_hospitais,raw_zero_ord,Linear,log,518126.42215176387,289369.17652262584,38.85902515053117,24.382121714152177,0.21701044255917867,
14,score_hospitais,raw_zero_ord,DecisionTree,log,438311.63508078357,240282.6983766234,28.44034362605826,14.866991370292887,0.4396614672072252,
14,score_hospitais,raw_zero_ord,KNeighbors,log,400489.2439747762,243081.67922077922,29.10183645189135,19.44970454594397,0.5321935522305714,
14,score_hospitais,raw_zero_ord,RandomForest,log,323160.0482389485,198295.55239764234,24.262060372626127,14.904991635915815,0.695407069919403,
14,score_hospitais,raw_zero_ord,GradientBoosting,log,330408.4085099016,198381.578086064,24.06449001441037,15.935123089864362,0.6815900194153988,
14,score_hospitais,raw_zero_ord,MLP,log,737113.1232702838,522815.19104959065,56.21863339659665,57.74891244172494,-0.5847208672876716,
15,score_farmacia,raw_zero_ord,Linear,log,521640.4888835303,290101.42855403887,39.01169767194821,24.29978200793568,0.2063535524585529,
15,score_farmacia,raw_zero_ord,DecisionTree,log,511443.263420223,244634.4193722944,29.36017801117367,14.78830153240353,0.23707927066252343,
15,score_farmacia,raw_zero_ord,KNeighbors,log,397358.89436790865,241934.86233766234,28.941600816907908,19.450133729569096,0.5394780156997587,
15,score_farmacia,raw_zero_ord,RandomForest,log,330697.68808192614,197878.9338650095,24.51259946136945,14.910700946598404,0.6810322259546362,
15,score_farmacia,raw_zero_ord,GradientBoosting,log,350843.60471306805,202018.65814988723,24.735611149315375,16.33643519150619,0.6409858061033518,
15,score_farmacia,raw_zero_ord,MLP,log,723784.0682282449,513994.8835655708,56.23810000520134,57.167462199618534,-0.5279267301655466,
16,novo_lancamento,raw_zero_ord,Linear,log,523361.17014951626,289703.0599459267,38.994033271812114,23.77627579705545,0.2011090788972203,
16,novo_lancamento,raw_zero_ord,KNeighbors,log,402474.02953357715,244466.93376623376,29.365432144331553,19.83067150979595,0.5275452563660022,
16,novo_lancamento,raw_zero_ord,DecisionTree,log,518953.7762516465,250978.87270562773,30.327650481500925,15.802654641412623,0.21450786091060303,
16,novo_lancamento,raw_zero_ord,RandomForest,log,331106.9593040329,198460.26129362127,24.543607557903325,15.124056176842164,0.6802422288292316,
16,novo_lancamento,raw_zero_ord,GradientBoosting,log,345224.46242020314,202913.5044982058,24.88012112810205,16.8716430908852,0.6523937198904117,
16,novo_lancamento,raw_zero_ord,MLP,log,760672.1038377883,540267.0063626178,56.53766638562839,59.973263908450704,-0.6876386750562644,
17,metro_quadrado_bairro_median,raw_zero_ord,Linear,log,529709.933184964,289786.5805250372,39.029123427608226,23.858992442344494,0.1816092274261979,
17,metro_quadrado_bairro_median,raw_zero_ord,KNeighbors,log,403482.6341698957,245170.1103896104,29.49627216633296,19.967513615059108,0.5251743350529314,
17,metro_quadrado_bairro_median,raw_zero_ord,DecisionTree,log,516447.508920349,249594.7421861472,30.001272183998072,15.364265364265364,0.22207654856388492,
17,metro_quadrado_bairro_median,raw_zero_ord,RandomForest,log,330993.03839961643,199703.1879947678,24.717590115240295,15.39207312613981,0.6804622231657809,
17,metro_quadrado_bairro_median,raw_zero_ord,GradientBoosting,log,355203.3149223099,204548.82461134164,25.11093852374846,16.695627740229288,0.6320078872584143,
17,metro_quadrado_bairro_median,raw_zero_ord,MLP,log,805114.1927510396,582731.4580024026,59.57002532941971,65.44236604020979,-0.8905991366446806,
18,quartos_por_metro,raw_zero_ord,KNeighbors,log,402510.84752357536,246372.93766233767,29.860690528465973,19.48777872919133,0.5274588128770727,
18,quartos_por_metro,raw_zero_ord,Linear,log,535333.2170534852,287751.42130629916,38.59822564268463,23.819198993422805,0.1641412870308353,
18,quartos_por_metro,raw_zero_ord,DecisionTree,log,488076.34725509916,225848.3133982684,27.77412379023772,13.79039695839285,0.30519967388041547,
18,quartos_por_metro,raw_zero_ord,RandomForest,log,331323.16697892087,196838.09897031516,24.358409892417104,15.080928799775698,0.6798244988236988,
18,quartos_por_metro,raw_zero_ord,GradientBoosting,log,354252.9226232099,201834.56320687276,24.736933967275387,16.32134042160878,0.6339744735617837,
18,quartos_por_metro,raw_zero_ord,MLP,log,757245.7009160415,539073.4607511446,56.43428472573858,59.00253491300367,-0.6724691781758709,
19,vagas_por_metro,raw_zero_ord,Linear,log,535579.9629032792,287882.9016547359,38.63582280993984,23.883386449979138,0.1633705812609475,
19,vagas_por_metro,raw_zero_ord,KNeighbors,log,402153.7366655263,244935.20285714284,29.810357437455266,19.753639154026004,0.5282969255979558,
19,vagas_por_metro,raw_zero_ord,DecisionTree,log,533867.6106196789,252773.9522510823,30.387700129224832,15.384615384615385,0.1687117599414908,
19,vagas_por_metro,raw_zero_ord,RandomForest,log,326534.03665470623,194328.37580707506,24.043380544370745,14.799740460426689,0.689013594643898,
19,vagas_por_metro,raw_zero_ord,GradientBoosting,log,340537.8496467712,199093.13869476886,24.592083269060407,16.263281193512295,0.6617675521031152,
19,vagas_por_metro,raw_zero_ord,MLP,log,730313.9559524442,518114.18865382206,55.8003037336251,56.84185714661805,-0.5556206154215244,
20,banheiros_por_quarto,raw_zero_ord,Linear,log,534797.611027278,286802.3024816768,38.53905077304444,23.7357088963197,0.16581301966357587,
20,banheiros_por_quarto,raw_zero_ord,DecisionTree,log,506084.4757501808,236738.6053896104,28.63595488349761,15.137485970819304,0.2529829385200538,
20,banheiros_por_quarto,raw_zero_ord,KNeighbors,log,406125.2522349177,253885.5979220779,30.922591372059788,20.296439628482972,0.5189342053083148,
20,banheiros_por_quarto,raw_zero_ord,RandomForest,log,326626.24063438765,194352.3717749721,24.03269943509417,14.788990249449185,0.6888379423113945,
20,banheiros_por_quarto,raw_zero_ord,GradientBoosting,log,351872.89010028983,201840.74868813955,24.831767385592496,16.594853969565783,0.6388762045087003,
20,banheiros_por_quarto,raw_zero_ord,MLP,log,754628.9237291005,537611.8573703915,56.40775124793387,58.61105121732376,-0.6609302090070892,
21,lat,raw_zero_ord,Linear,log,534797.6110272801,286802.30248167703,38.539050773044494,23.73570889631977,0.16581301966356932,
21,lat,raw_zero_ord,KNeighbors,log,406125.2522349177,253885.5979220779,30.922591372059788,20.296439628482972,0.5189342053083148,
21,lat,raw_zero_ord,DecisionTree,log,533273.231393884,251055.7251948052,30.460735708583925,15.642281641767447,0.17056175195597423,
21,lat,raw_zero_ord,RandomForest,log,326594.5176961507,194925.0965567869,24.10538221297872,14.88327838353436,0.6888983813953393,
21,lat,raw_zero_ord,GradientBoosting,log,350605.43790477904,201123.65396699015,24.81752103576528,16.54207480501328,0.6414730673293174,
21,lat,raw_zero_ord,MLP,log,739274.515546594,525196.9776450616,55.84621520781597,56.40289220039221,-0.59402805526989,
22,lng,raw_zero_ord,Linear,log,534797.6110272786,286802.3024816769,38.539050773044465,23.7357088963197,0.16581301966357398,
22,lng,raw_zero_ord,DecisionTree,log,526193.112402477,250880.26653679655,29.621113417394717,15.474092634820458,0.192439983373204,
22,lng,raw_zero_ord,RandomForest,log,328605.28783143166,195370.74861768947,24.110481940383803,14.937135771991844,0.6850558212298398,
22,lng,raw_zero_ord,KNeighbors,log,406125.2522349177,253885.5979220779,30.922591372059788,20.296439628482972,0.5189342053083148,
22,lng,raw_zero_ord,GradientBoosting,log,350662.6552170472,201504.62979783813,24.7710265385608,16.61615133932837,0.6413560376478604,
22,lng,raw_zero_ord,MLP,log,739460.4579059165,525242.2850732184,55.84204144395194,57.26234396168963,-0.5948300161277986,
23,bairro_rank,raw_zero_ord,Linear,log,653159.3679729777,296838.72807027545,41.18731936266812,23.654593299953902,-0.24429343672730974,
23,bairro_rank,raw_zero_ord,DecisionTree,log,555986.8956200249,263131.8501948052,30.897221724938113,15.384615384615385,0.09840062653748016,
23,bairro_rank,raw_zero_ord,RandomForest,log,328968.2161532179,195264.80918810648,24.093986807717833,14.804007207066249,0.6843597564552253,
23,bairro_rank,raw_zero_ord,KNeighbors,log,406144.11409943836,254382.59844155842,31.08822689016133,20.19859649122807,0.5188895195444803,
23,bairro_rank,raw_zero_ord,GradientBoosting,log,352295.0506114475,202341.9830160528,24.943967157645712,16.647189227452085,0.6380091660816223,
23,bairro_rank,raw_zero_ord,MLP,log,719826.2084746372,509740.7547611187,55.41385594052093,56.49204837044935,-0.5112621316104495,
24,score_educacao,raw_zero_ord,Linear,log,653159.3679729777,296838.72807027545,41.18731936266812,23.654593299953902,-0.24429343672730974,
24,score_educacao,raw_zero_ord,KNeighbors,log,406144.11409943836,254382.59844155842,31.08822689016133,20.19859649122807,0.5188895195444803,
24,score_educacao,raw_zero_ord,DecisionTree,log,555986.8956200249,263131.8501948052,30.897221724938113,15.384615384615385,0.09840062653748016,
24,score_educacao,raw_zero_ord,RandomForest,log,328968.2161532179,195264.80918810648,24.093986807717833,14.804007207066249,0.6843597564552253,
24,score_educacao,raw_zero_ord,GradientBoosting,log,352295.0506114475,202341.9830160528,24.943967157645712,16.647189227452085,0.6380091660816223,
24,score_educacao,raw_zero_ord,MLP,log,712002.2747000277,504540.753197509,55.52283790429831,56.11416035353536,-0.4785882558482142,
25,score_escola_privada,raw_zero_ord,DecisionTree,log,555986.8956200249,263131.8501948052,30.897221724938113,15.384615384615385,0.09840062653748016,
25,score_escola_privada,raw_zero_ord,Linear,log,653159.3679729777,296838.72807027545,41.18731936266812,23.654593299953902,-0.24429343672730974,
25,score_escola_privada,raw_zero_ord,KNeighbors,log,406144.11409943836,254382.59844155842,31.08822689016133,20.19859649122807,0.5188895195444803,
25,score_escola_privada,raw_zero_ord,RandomForest,log,328968.2161532179,195264.80918810648,24.093986807717833,14.804007207066242,0.6843597564552253,
25,score_escola_privada,raw_zero_ord,GradientBoosting,log,352295.0506114475,202341.9830160528,24.943967157645712,16.647189227452085,0.6380091660816223,
25,score_escola_privada,raw_zero_ord,MLP,log,764093.0821418796,545362.8510230522,56.7583248037145,59.79557221554488,-0.7028524776729435,
1,metragem,raw_zero_ord,DecisionTree,sqrt,470801.9106723865,282178.9059517012,35.26208766969748,24.45649964277466,0.3535113219462489,
1,metragem,raw_zero_ord,Linear,sqrt,535773.635266288,358312.58639787097,48.869908118311315,38.00098272585283,0.16276540069369128,
1,metragem,raw_zero_ord,KNeighbors,sqrt,464350.2944623552,300749.2187012987,37.052637590505235,27.465029738091427,0.37110818753821195,
1,metragem,raw_zero_ord,GradientBoosting,sqrt,449253.1341864441,276748.80622957274,35.02038944557312,26.15862616955726,0.4113370244529959,
1,metragem,raw_zero_ord,RandomForest,sqrt,436071.2940222649,281622.7307230546,35.32201287752068,24.317331780191036,0.4453749417739069,
1,metragem,raw_zero_ord,MLP,sqrt,1021070.9868163832,840897.9523234578,94.20396214036512,94.61145769757616,-2.040859555409601,
2,tipo_imovel,raw_zero_ord,DecisionTree,sqrt,464142.1110790825,232031.8183922952,29.05854360310267,18.260837105869264,0.3716719665552901,
2,tipo_imovel,raw_zero_ord,Linear,sqrt,511337.11877895775,333360.57340394886,44.53897770640803,32.75600428968579,0.23739591006186567,
2,tipo_imovel,raw_zero_ord,KNeighbors,sqrt,398235.18167739594,246093.01714285713,29.50489283921352,20.629503775620282,0.5374446169458973,
2,tipo_imovel,raw_zero_ord,RandomForest,sqrt,389292.0083394598,227158.6512957475,28.359779929557284,17.90353268937854,0.5579865682611755,
2,tipo_imovel,raw_zero_ord,GradientBoosting,sqrt,411484.70886537904,228648.68520838383,28.688673586645564,17.77802612684502,0.5061535999473287,
2,tipo_imovel,raw_zero_ord,MLP,sqrt,993903.4606309816,805256.7141208401,88.43184789381398,90.56629774305556,-1.8811966133852174,
3,banheiros,raw_zero_ord,DecisionTree,sqrt,434997.971151377,214042.3073734689,26.51704733483508,15.63018597997139,0.44810183142727533,
3,banheiros,raw_zero_ord,Linear,sqrt,481311.04003052344,306924.74790950207,39.40612041309098,29.516259023081158,0.3243276657446672,
3,banheiros,raw_zero_ord,KNeighbors,sqrt,397382.6955646999,237372.53480519482,28.24165368461743,20.414041921721388,0.539422844906789,
3,banheiros,raw_zero_ord,RandomForest,sqrt,386324.0499925987,214927.5387324402,26.197847532424134,16.643854804603457,0.5647006880268814,
3,banheiros,raw_zero_ord,GradientBoosting,sqrt,356928.86443699204,210499.7524435816,25.907453155660065,17.69347316343881,0.6284238499088294,
3,banheiros,raw_zero_ord,MLP,sqrt,998866.0723527395,817354.9850748037,91.05387822190238,92.11165841588193,-1.9100403726285253,
4,tem_elevador,raw_zero_ord,Linear,sqrt,479435.5356923631,303846.54057902773,38.93678167627205,29.15573333258592,0.3295831338938695,
4,tem_elevador,raw_zero_ord,DecisionTree,sqrt,457118.14671083307,217028.51116837436,26.42152695549592,15.37278995887501,0.3905453223186738,
4,tem_elevador,raw_zero_ord,KNeighbors,sqrt,402934.3240190861,237061.81220779222,28.03455336076829,20.1758415629483,0.526463980793588,
4,tem_elevador,raw_zero_ord,GradientBoosting,sqrt,374635.006799986,213802.33900924388,26.055139002887856,17.415278502080078,0.5906439597176482,
4,tem_elevador,raw_zero_ord,RandomForest,sqrt,385693.8439518333,213064.0743284376,25.893639491027116,16.40802829736372,0.566119727310952,
4,tem_elevador,raw_zero_ord,MLP,sqrt,996975.516147808,815945.2377593598,90.96494251346016,91.38807036383663,-1.8990351165800763,
5,quartos,raw_zero_ord,DecisionTree,sqrt,457584.2431687026,205529.60778652018,24.96022562212679,12.162083804797804,0.38930183859110246,
5,quartos,raw_zero_ord,Linear,sqrt,469476.52426728467,296424.6750317502,37.70116421215495,28.267670113306735,0.35714614670398137,
5,quartos,raw_zero_ord,KNeighbors,sqrt,392234.51840623474,236236.16311688314,27.663313733871814,19.824314306893996,0.5512792923645942,
5,quartos,raw_zero_ord,RandomForest,sqrt,382040.0906367037,205036.5430980928,24.521287337981963,15.084795015453988,0.5743012558528536,
5,quartos,raw_zero_ord,GradientBoosting,sqrt,379825.8991054386,210837.37039821036,25.40380202283597,17.68028779868158,0.5792214049353124,
5,quartos,raw_zero_ord,MLP,sqrt,990527.7948860658,814015.5902112292,91.44656850114333,92.40079975020699,-1.8616586187732147,
6,vagas,raw_zero_ord,Linear,sqrt,468236.13927014935,296037.77882240136,37.554972449914935,28.39801581320548,0.36053857577232384,
6,vagas,raw_zero_ord,DecisionTree,sqrt,448038.12032905663,192053.13247732428,23.42049724881917,10.56095924870032,0.4145168197023278,
6,vagas,raw_zero_ord,KNeighbors,sqrt,373182.1370104542,222450.9581818182,26.525097896207516,18.174242424242426,0.5938128456065908,
6,vagas,raw_zero_ord,GradientBoosting,sqrt,347041.41708652495,203586.80315312388,25.115261821583157,16.71556498132964,0.6487251102047484,
6,vagas,raw_zero_ord,RandomForest,sqrt,364507.3516035937,194806.200043536,23.82399571877264,13.978340694134284,0.6124773656057977,
6,vagas,raw_zero_ord,MLP,sqrt,1009473.2128814004,834343.3781750171,94.15539938904239,95.06664066597466,-1.9721730254025402,
7,bairro,raw_zero_ord,DecisionTree,sqrt,480431.8754303166,219895.82097018423,26.819137012188694,13.26284692528959,0.3267937827545525,
7,bairro,raw_zero_ord,Linear,sqrt,467855.23914911656,296031.96964531427,37.58645233604773,28.574518573648444,0.36157852909323396,
7,bairro,raw_zero_ord,KNeighbors,sqrt,379035.1358193481,231154.35116883117,28.047208398098377,19.36213645379377,0.5809716273497241,
7,bairro,raw_zero_ord,RandomForest,sqrt,350471.5454295997,193743.23287953844,23.864017948850798,14.36942245732692,0.6417468502609327,
7,bairro,raw_zero_ord,GradientBoosting,sqrt,330828.2308913736,198219.62489743327,24.269889153434505,16.644768963839354,0.6807803513916795,
7,bairro,raw_zero_ord,MLP,sqrt,788241.0031246464,563782.0911346435,58.37328967308687,63.17243402777778,-0.8121850156780075,
8,score_parque,raw_zero_ord,Linear,sqrt,467926.87285962945,295841.51827955805,37.53759422068748,28.48603630261042,0.36138301562635,
8,score_parque,raw_zero_ord,DecisionTree,sqrt,413304.2444182881,224385.8568181818,26.84243243910464,13.22898544406031,0.5017764858071144,
8,score_parque,raw_zero_ord,KNeighbors,sqrt,371851.61545475,235593.81896103895,29.442057963884643,19.54632204512014,0.5967040736867835,
8,score_parque,raw_zero_ord,RandomForest,sqrt,336500.0898249976,196929.25109081733,24.220023623292526,14.631225670774302,0.6697408497801528,
8,score_parque,raw_zero_ord,GradientBoosting,sqrt,315596.15627234126,195103.52776286085,24.101409952632697,16.299609925368973,0.7094988202191534,
8,score_parque,raw_zero_ord,MLP,sqrt,738937.3882573145,527497.6679477841,57.942002311795015,59.42161362390351,-0.5925745550763175,
9,score_escola_publica,raw_zero_ord,DecisionTree,sqrt,413618.5836902461,223146.04274891777,26.620130901676198,12.766816369783518,0.5010183480705287,
9,score_escola_publica,raw_zero_ord,Linear,sqrt,467735.2852238151,295756.95785840624,37.540453825013806,28.453628981072722,0.3619058583081707,
9,score_escola_publica,raw_zero_ord,KNeighbors,sqrt,379176.66430821485,237608.81922077923,29.361327985244344,19.152361152361152,0.5806586456830838,
9,score_escola_publica,raw_zero_ord,RandomForest,sqrt,327855.4068641325,196800.64213422377,23.994273761375695,15.083575494131091,0.6864915934594469,
9,score_escola_publica,raw_zero_ord,GradientBoosting,sqrt,318116.35406528605,196834.14007949794,24.061326644819605,16.633332338501102,0.7048406924389842,
9,score_escola_publica,raw_zero_ord,MLP,sqrt,748357.020002751,533190.6419259802,57.691105155237324,60.154695821112256,-0.6334361543045328,
10,metro_quadrado_bairro_mean,raw_zero_ord,Linear,sqrt,465782.98292325734,292256.09060257586,36.773035250591036,27.66653089369107,0.36722148382228426,
10,metro_quadrado_bairro_mean,raw_zero_ord,DecisionTree,sqrt,433947.7800360788,224843.48733766234,27.314840886719256,12.64261798889591,0.4507634480117009,
10,metro_quadrado_bairro_mean,raw_zero_ord,KNeighbors,sqrt,383519.99832825124,239680.92623376622,29.498604523181033,19.345736434108527,0.5709968118120214,
10,metro_quadrado_bairro_mean,raw_zero_ord,GradientBoosting,sqrt,316089.52346580545,193147.57001349702,23.58104535870321,15.771560348676186,0.7085898371599175,
10,metro_quadrado_bairro_mean,raw_zero_ord,RandomForest,sqrt,318998.99407214165,192973.03579004298,23.63243043053377,14.76262876845274,0.7032005326283217,
10,metro_quadrado_bairro_mean,raw_zero_ord,MLP,sqrt,735820.4559377315,525227.931144972,57.87185882857744,59.93785201994668,-0.5791675252001369,
11,score_seguranca,raw_zero_ord,Linear,sqrt,463682.8379045258,290701.64489310136,36.54248532011727,27.461647521743004,0.37291482485317495,
11,score_seguranca,raw_zero_ord,DecisionTree,sqrt,454861.16413325054,231614.4680735931,27.244032306262415,12.626744973022896,0.39654872787412365,
11,score_seguranca,raw_zero_ord,KNeighbors,sqrt,381781.01708913466,237936.01610389608,29.224107497680414,19.152361152361152,0.5748784198305875,
11,score_seguranca,raw_zero_ord,GradientBoosting,sqrt,323161.6066553627,195421.48737504863,23.827688613365915,15.977747770353762,0.6954041321567122,
11,score_seguranca,raw_zero_ord,RandomForest,sqrt,320319.71824523126,194797.5843669019,23.802743673032435,14.546625379223387,0.7007378183239965,
11,score_seguranca,raw_zero_ord,MLP,sqrt,804408.1072149391,578621.118221055,59.13327697334081,65.2726604991394,-0.8872844780480313,
12,score_mercado,raw_zero_ord,Linear,sqrt,464273.20410661463,290745.00240939745,36.50343014551278,27.617114993303836,0.3713169845164015,
12,score_mercado,raw_zero_ord,DecisionTree,sqrt,472558.6050835636,241762.18885281388,28.250667233981545,13.969949916527547,0.3486778588767563,
12,score_mercado,raw_zero_ord,RandomForest,sqrt,322642.14721502946,197212.99087545113,24.271378343657176,14.812443205815212,0.6963825777880619,
12,score_mercado,raw_zero_ord,KNeighbors,sqrt,391472.5317072844,245908.0005194805,29.987400073018122,19.729824561403507,0.5530210416226969,
12,score_mercado,raw_zero_ord,GradientBoosting,sqrt,325157.9473163271,198083.15150690865,24.051803324228143,15.58639923029591,0.6916292077162971,
12,score_mercado,raw_zero_ord,MLP,sqrt,759767.8088458438,539931.7285238885,57.082306584650844,60.06969313401442,-0.6836284949570628,
13,valor_bairro_mean,raw_zero_ord,DecisionTree,sqrt,409169.22968420375,228682.7737012987,27.492635651904358,14.899737380931183,0.5116958412278607,
13,valor_bairro_mean,raw_zero_ord,KNeighbors,sqrt,392536.7177087259,245364.8166233766,29.864526882599446,19.690744101633396,0.5505875871903853,
13,valor_bairro_mean,raw_zero_ord,Linear,sqrt,461937.99270085274,289833.0142773476,36.86176227866818,27.479936854697705,0.37762540626185914,
13,valor_bairro_mean,raw_zero_ord,RandomForest,sqrt,322849.14341162797,197385.86650087935,24.190149963500325,14.70557057163065,0.6959928716531607,
13,valor_bairro_mean,raw_zero_ord,GradientBoosting,sqrt,329958.4723556478,196187.32850366252,23.897781222362205,16.610397325279987,0.6824566233693156,
13,valor_bairro_mean,raw_zero_ord,MLP,sqrt,710056.4459841179,506908.5198537851,57.53901534986009,58.26770333799902,-0.4705176408833118,
14,score_farmacia,raw_zero_ord,Linear,sqrt,462111.51470193896,290847.41785472684,37.03174005634105,27.83799305200224,0.37715774189849527,
14,score_farmacia,raw_zero_ord,DecisionTree,sqrt,502388.59736932965,244711.6063852814,30.001851922054684,15.283368644067796,0.26385386274323874,
14,score_farmacia,raw_zero_ord,KNeighbors,sqrt,387626.8126711068,243411.07740259735,29.60083807293319,19.966250000000002,0.5617599036182102,
14,score_farmacia,raw_zero_ord,RandomForest,sqrt,329764.09498484904,197436.56958591202,24.52087968734523,14.6728449241972,0.6828306405342649,
14,score_farmacia,raw_zero_ord,GradientBoosting,sqrt,342788.13436615525,200492.55947551955,24.813282289929877,16.33999534792066,0.6572826817138336,
14,score_farmacia,raw_zero_ord,MLP,sqrt,771856.4045073302,548443.310497056,57.13398442327268,60.64867112879499,-0.7376308332546919,
15,score_hospitais,raw_zero_ord,Linear,sqrt,461758.70112340903,290360.3059990425,36.906651850340666,28.04083937293952,0.3781084358868164,
15,score_hospitais,raw_zero_ord,DecisionTree,sqrt,496057.7361911828,237253.38690476192,28.82071012522865,14.249456127628719,0.2822900880586412,
15,score_hospitais,raw_zero_ord,KNeighbors,sqrt,393759.11287240684,245922.98077922076,29.803746990600764,20.013333333333332,0.5477842064466338,
15,score_hospitais,raw_zero_ord,RandomForest,sqrt,331869.1182991264,198531.18610229416,24.552246500062065,14.884096342685757,0.6787684648838708,
15,score_hospitais,raw_zero_ord,GradientBoosting,sqrt,348091.1331993919,203007.85921872588,24.885754420414262,17.270751865391247,0.6465968536534128,
15,score_hospitais,raw_zero_ord,MLP,sqrt,760189.9738124618,539578.6721097277,56.90476588147961,59.48119037571006,-0.6855000310460462,
16,novo_lancamento,raw_zero_ord,DecisionTree,sqrt,525108.0068147186,248313.58699134202,29.697228038764774,15.328207671957673,0.19576721945296216,
16,novo_lancamento,raw_zero_ord,Linear,sqrt,462412.8858730515,288503.0421829763,36.7102173498774,27.25525791674761,0.37634508996372895,
16,novo_lancamento,raw_zero_ord,KNeighbors,sqrt,402126.03033523716,249899.9553246753,30.42645534303678,20.810455363251652,0.5283619192050626,
16,novo_lancamento,raw_zero_ord,RandomForest,sqrt,328491.6631297612,197561.83112825884,24.503514923596033,15.172143452930392,0.6852735855371093,
16,novo_lancamento,raw_zero_ord,GradientBoosting,sqrt,341888.8539570798,200938.74275635404,24.72018112015533,16.820266675706588,0.6590785122589151,
16,novo_lancamento,raw_zero_ord,MLP,sqrt,777427.8553876908,553472.6352223979,57.26523111929287,61.91114489106133,-0.7628066694815012,
17,metro_quadrado_bairro_median,raw_zero_ord,KNeighbors,sqrt,402319.8303274023,250322.62961038962,30.592651694658173,20.810455363251652,0.5279072086174081,
17,metro_quadrado_bairro_median,raw_zero_ord,Linear,sqrt,462422.77057884866,288130.0346437831,36.6121122460351,26.671770316735007,0.3763184267310127,
17,metro_quadrado_bairro_median,raw_zero_ord,DecisionTree,sqrt,533928.9159421385,253076.4753030303,30.330797762504197,15.313467105919937,0.16852083125929318,
17,metro_quadrado_bairro_median,raw_zero_ord,RandomForest,sqrt,329488.2146530214,198705.65559033913,24.57970333722984,15.109225794718718,0.6833611057239359,
17,metro_quadrado_bairro_median,raw_zero_ord,GradientBoosting,sqrt,345740.34286111547,201696.7275276698,24.79942896786084,16.466093613859172,0.6513540643331439,
17,metro_quadrado_bairro_median,raw_zero_ord,MLP,sqrt,741885.6941275831,525814.2748669909,56.606258803616974,58.17492790282635,-0.6053084189425268,
18,quartos_por_metro,raw_zero_ord,DecisionTree,sqrt,508389.42662250303,236695.93655844158,28.84903409983558,14.534993894993898,0.2461628966241577,
18,quartos_por_metro,raw_zero_ord,KNeighbors,sqrt,395946.46636026265,245116.4945454545,30.042595350449563,19.787023216239213,0.5427460845683973,
18,quartos_por_metro,raw_zero_ord,RandomForest,sqrt,328170.8400268776,196046.19857752477,24.21722061511938,15.23894398728961,0.685888043734991,
18,quartos_por_metro,raw_zero_ord,Linear,sqrt,440208.05347953894,277835.54138123244,35.45597366686363,23.921861878774013,0.4348022070718778,
18,quartos_por_metro,raw_zero_ord,GradientBoosting,sqrt,352690.47832197434,201265.53447756404,24.594189262680324,15.985290671468782,0.6371960888631324,
18,quartos_por_metro,raw_zero_ord,MLP,sqrt,793104.646823795,570076.8099699739,58.53325401781257,64.11409446188503,-0.8346172767238194,
19,vagas_por_metro,raw_zero_ord,Linear,sqrt,435071.1884804687,275423.8473653569,35.30391195541503,24.072883487995277,0.4479160286731352,
19,vagas_por_metro,raw_zero_ord,KNeighbors,sqrt,396455.0840255397,248154.02233766235,30.888938845466928,20.405423926399695,0.5415705883219266,
19,vagas_por_metro,raw_zero_ord,DecisionTree,sqrt,513769.67165281175,241417.19402597402,29.68979417840168,14.660888443553773,0.23012287151524968,
19,vagas_por_metro,raw_zero_ord,RandomForest,sqrt,327910.15137021104,194756.12650449184,24.094589050323755,14.729597565313854,0.6863868869613081,
19,vagas_por_metro,raw_zero_ord,GradientBoosting,sqrt,344081.82199369615,200767.25458138585,24.717906311854858,16.433763453693178,0.6546909595925594,
19,vagas_por_metro,raw_zero_ord,MLP,sqrt,770637.0950111261,549766.6968592062,57.31937812958202,60.79010396000306,-0.7321452629084049,
20,banheiros_por_quarto,raw_zero_ord,DecisionTree,sqrt,534348.6065677223,252945.01653679655,29.870319683412355,15.384615384615385,0.16721316219596305,
20,banheiros_por_quarto,raw_zero_ord,Linear,sqrt,435215.52694908134,275726.80347816227,35.20325190521187,24.704706787420765,0.44754965105273337,
20,banheiros_por_quarto,raw_zero_ord,KNeighbors,sqrt,403856.43349019607,256571.70025974023,32.1429224209671,21.699971528496558,0.5242941399130032,
20,banheiros_por_quarto,raw_zero_ord,GradientBoosting,sqrt,348757.9581220773,201068.54293335925,24.78795891222206,16.906175165203173,0.6452415548606956,
20,banheiros_por_quarto,raw_zero_ord,RandomForest,sqrt,326252.08601719,194607.32161145503,24.034304497422003,14.920461558365123,0.6895504143925276,
20,banheiros_por_quarto,raw_zero_ord,MLP,sqrt,802231.1939849159,580035.861040259,59.432638596764264,64.94181873885918,-0.8770834487418508,
21,lat,raw_zero_ord,DecisionTree,sqrt,525481.8737578643,250894.31220779222,30.020216287142187,15.474092634820458,0.19462161479578455,
21,lat,raw_zero_ord,Linear,sqrt,435215.5269490812,275726.8034781622,35.203251905211864,24.70470678742085,0.4475496510527337,
21,lat,raw_zero_ord,KNeighbors,sqrt,403856.43349019607,256571.70025974023,32.1429224209671,21.699971528496558,0.5242941399130032,
21,lat,raw_zero_ord,GradientBoosting,sqrt,350736.03142533125,201459.8964829012,24.85497424521732,16.64864960342987,0.6412059293486378,
21,lat,raw_zero_ord,RandomForest,sqrt,325813.0791383338,194431.93112541808,23.98713168704429,14.792732164457444,0.6903853381428804,
21,lat,raw_zero_ord,MLP,sqrt,735261.6633532408,522423.4960973368,56.59912295333024,58.60192708333334,-0.5767699510861062,
22,lng,raw_zero_ord,KNeighbors,sqrt,403856.43349019607,256571.70025974023,32.1429224209671,21.699971528496558,0.5242941399130032,
22,lng,raw_zero_ord,Linear,sqrt,435215.52694908134,275726.8034781623,35.20325190521188,24.704706787420722,0.4475496510527335,
22,lng,raw_zero_ord,DecisionTree,sqrt,554611.5898789675,258052.0420779221,30.39684165913964,15.474092634820458,0.10285555590695039,
22,lng,raw_zero_ord,RandomForest,sqrt,327269.3249089089,194229.81546046273,23.978261607835694,14.821034751059308,0.687611461460053,
22,lng,raw_zero_ord,GradientBoosting,sqrt,349077.0072693074,200947.39448344425,24.806146840715705,16.47284939607846,0.6445921809977014,
22,lng,raw_zero_ord,MLP,sqrt,713620.1623275374,507241.20739928406,56.54292765636224,57.45016547152764,-0.4853155027260556,
23,bairro_rank,raw_zero_ord,Linear,sqrt,438053.9013684713,277301.0885828713,35.74100731785109,24.73797569938113,0.4403202481231613,
23,bairro_rank,raw_zero_ord,KNeighbors,sqrt,403525.75905836414,257049.3625974026,32.284614194477825,21.699971528496558,0.5250728293304747,
23,bairro_rank,raw_zero_ord,DecisionTree,sqrt,525589.9519368318,244528.5342857143,29.429021623896606,14.63454980275786,0.19429028926413627,
23,bairro_rank,raw_zero_ord,RandomForest,sqrt,324443.27642788907,193790.49901486814,23.956946951405214,14.773990565283201,0.6929832661805311,
23,bairro_rank,raw_zero_ord,GradientBoosting,sqrt,351504.5947003863,201700.97306085267,24.912385305046122,16.45575722216854,0.63963176501151,
23,bairro_rank,raw_zero_ord,MLP,sqrt,733404.7372499689,520451.94423509075,56.4763669776704,57.335073435226114,-0.5688156455142785,
24,score_educacao,raw_zero_ord,DecisionTree,sqrt,525589.9519368318,244528.5342857143,29.429021623896606,14.63454980275786,0.19429028926413627,
24,score_educacao,raw_zero_ord,Linear,sqrt,438053.9013684713,277301.0885828713,35.74100731785109,24.73797569938113,0.4403202481231613,
24,score_educacao,raw_zero_ord,KNeighbors,sqrt,403525.75905836414,257049.3625974026,32.284614194477825,21.699971528496558,0.5250728293304747,
24,score_educacao,raw_zero_ord,RandomForest,sqrt,324443.2764278891,193790.49901486814,23.956946951405218,14.773990565283201,0.6929832661805311,
24,score_educacao,raw_zero_ord,GradientBoosting,sqrt,351504.5947003863,201700.97306085267,24.912385305046122,16.45575722216854,0.63963176501151,
24,score_educacao,raw_zero_ord,MLP,sqrt,741516.9991260482,526366.4998145958,56.5375854098473,58.596833260996604,-0.6037132348756904,
25,score_escola_privada,raw_zero_ord,Linear,sqrt,438053.9013684713,277301.0885828713,35.74100731785109,24.73797569938113,0.4403202481231613,
25,score_escola_privada,raw_zero_ord,DecisionTree,sqrt,525589.9519368318,244528.5342857143,29.429021623896606,14.63454980275786,0.19429028926413627,
25,score_escola_privada,raw_zero_ord,KNeighbors,sqrt,403525.75905836414,257049.3625974026,32.284614194477825,21.699971528496558,0.5250728293304747,
25,score_escola_privada,raw_zero_ord,RandomForest,sqrt,324443.2764278891,193790.49901486814,23.956946951405218,14.773990565283182,0.6929832661805311,
25,score_escola_privada,raw_zero_ord,GradientBoosting,sqrt,351504.5947003863,201700.97306085267,24.912385305046122,16.45575722216854,0.63963176501151,
25,score_escola_privada,raw_zero_ord,MLP,sqrt,756582.4216306997,538084.0287032487,56.84151825091105,59.09672090106557,-0.6695405954712539,
1,metragem,raw_zero_ord,Linear,boxcox,494961.41587025556,339659.746022972,44.41600995495062,35.113572295478676,0.2854589549849672,
1,metragem,raw_zero_ord,DecisionTree,boxcox,470777.1163041243,282154.6202374155,35.2571314014759,24.45649964277466,0.3535794136676874,
1,metragem,raw_zero_ord,KNeighbors,boxcox,464442.90456808533,300827.4005194805,37.05869819656584,27.465029738091427,0.3708573099321857,
1,metragem,raw_zero_ord,RandomForest,boxcox,436061.00591285666,281616.0110801974,35.3203856831811,24.31733178019105,0.4454011116963359,
1,metragem,raw_zero_ord,GradientBoosting,boxcox,449238.7849761607,276736.1362971441,35.017803745077494,26.15862616955726,0.4113746278141419,
1,metragem,raw_zero_ord,MLP,boxcox,1018146.2791301524,842049.9501408961,95.0123383738675,95.43420361052779,-2.0234643141615423,
2,tipo_imovel,raw_zero_ord,Linear,boxcox,451553.30691555253,290126.0190408598,38.45680246182469,25.56072829923125,0.4052936928762617,
2,tipo_imovel,raw_zero_ord,DecisionTree,boxcox,464142.1110790825,232031.8183922952,29.05854360310267,18.260837105869264,0.3716719665552901,
2,tipo_imovel,raw_zero_ord,KNeighbors,boxcox,399302.1601858376,245815.0537662338,29.425960612221875,20.687535125584393,0.5349626774602205,
2,tipo_imovel,raw_zero_ord,RandomForest,boxcox,387567.4486641263,226855.5279191241,28.306518431422173,17.903532689378533,0.5618941239310158,
2,tipo_imovel,raw_zero_ord,GradientBoosting,boxcox,411484.70886537904,228648.68520838383,28.688673586645564,17.77802612684502,0.5061535999473287,
2,tipo_imovel,raw_zero_ord,MLP,boxcox,1002821.5560958926,821792.891267831,91.75882245201886,92.34876013135433,-1.9331333749403528,
3,banheiros,raw_zero_ord,DecisionTree,yeojohnson,434997.971151377,214042.3073734689,26.51704733483508,15.63018597997139,0.44810183142727533,
3,banheiros,raw_zero_ord,Linear,yeojohnson,440397.0265245649,286991.74155214103,38.20267459641825,26.81677458091047,0.43431684533313675,
3,banheiros,raw_zero_ord,KNeighbors,yeojohnson,411199.9211418166,239172.0890909091,28.43802234865992,19.77024110796349,0.5068369435575375,
3,banheiros,raw_zero_ord,RandomForest,yeojohnson,395447.20746767777,215759.39100516748,26.30597410119684,16.643854804603457,0.5438984835704272,
3,banheiros,raw_zero_ord,GradientBoosting,yeojohnson,356959.2789540841,210522.14203002196,25.912022459015247,17.69347316343881,0.6283605219362505,
3,banheiros,raw_zero_ord,MLP,yeojohnson,985392.3975419352,808754.8324994372,90.85731168676209,92.44160411714462,-1.8320629647524074,
4,tem_elevador,raw_zero_ord,Linear,yeojohnson,439644.6036798934,285710.7574754071,37.9418263857203,26.393287948356548,0.4362481450635529,
4,tem_elevador,raw_zero_ord,DecisionTree,yeojohnson,457118.14671083307,217028.51116837436,26.42152695549592,15.37278995887501,0.3905453223186738,
4,tem_elevador,raw_zero_ord,KNeighbors,yeojohnson,410398.98642004334,236426.50311688308,28.132901846293734,19.886685552407933,0.5087562373764574,
4,tem_elevador,raw_zero_ord,RandomForest,yeojohnson,394643.5751218893,213848.5706487839,25.999540142253274,16.40802829736372,0.5457503893791382,
4,tem_elevador,raw_zero_ord,GradientBoosting,yeojohnson,374646.33940043853,213807.55652254113,26.056088119591386,17.415278502080078,0.5906191935397502,
4,tem_elevador,raw_zero_ord,MLP,yeojohnson,974507.569676082,797155.3900049779,89.318697118035,89.90573198386492,-1.7698415385967676,
5,quartos,raw_zero_ord,DecisionTree,yeojohnson,457584.2431687026,205529.60778652018,24.96022562212679,12.162083804797804,0.38930183859110246,
5,quartos,raw_zero_ord,Linear,yeojohnson,439392.65916011756,285613.5453173959,37.928956342396496,26.495872491896133,0.43689409177519944,
5,quartos,raw_zero_ord,KNeighbors,yeojohnson,400851.9432559223,239821.53246753247,28.067167984243603,20.138742110602575,0.5313458396077021,
5,quartos,raw_zero_ord,RandomForest,yeojohnson,391130.3252588951,205784.00894657767,24.622651437916904,15.084795015453988,0.5538021550584211,
5,quartos,raw_zero_ord,GradientBoosting,yeojohnson,379777.98124546773,210800.67372975574,25.396312906824818,17.68028779868158,0.5793275669321662,
5,quartos,raw_zero_ord,MLP,yeojohnson,979594.8860631284,806012.8497271055,90.92385008667002,91.86889705451296,-1.7988363687093774,
6,vagas,raw_zero_ord,Linear,yeojohnson,438580.18880779424,285705.56516435166,37.968897855374486,26.168693714368686,0.4389746175358561,
6,vagas,raw_zero_ord,DecisionTree,yeojohnson,448038.12032905663,192053.13247732428,23.42049724881917,10.56095924870032,0.4145168197023278,
6,vagas,raw_zero_ord,KNeighbors,yeojohnson,371704.18448056496,218936.10597402597,26.0987165777175,18.095909483739618,0.5970238061923057,
6,vagas,raw_zero_ord,RandomForest,yeojohnson,373730.1453354637,195498.11209565494,23.91424895386346,13.978340694134284,0.5926190190176225,
6,vagas,raw_zero_ord,GradientBoosting,yeojohnson,347073.15938874107,203596.34964204114,25.117172644944887,16.71556498132964,0.6486608482285332,
6,vagas,raw_zero_ord,MLP,yeojohnson,954906.4366885992,785006.017024112,88.8807352592823,90.99317442246438,-1.659537581638963,
7,score_parque,raw_zero_ord,Linear,yeojohnson,438593.806736381,285697.54962927004,37.959708289748875,26.20089708501936,0.4389397772836061,
7,score_parque,raw_zero_ord,KNeighbors,yeojohnson,373072.8875169146,231310.99506493504,28.216793505910005,19.300157855547283,0.5940506342946079,
7,score_parque,raw_zero_ord,DecisionTree,yeojohnson,409543.71005592943,215516.04404761907,26.203099078996644,12.978290341316946,0.5108016195296183,
7,score_parque,raw_zero_ord,RandomForest,yeojohnson,343616.6162176564,198236.10163344358,24.49422603573901,14.85160483056295,0.6556240583830658,
7,score_parque,raw_zero_ord,GradientBoosting,yeojohnson,330584.3384028417,199794.9550824235,24.638018989556198,16.90843192370231,0.6812508467670425,
7,score_parque,raw_zero_ord,MLP,yeojohnson,974542.5808963936,802602.2020314402,90.68100124897282,92.17638960638376,-1.770040566859611,
8,bairro,raw_zero_ord,Linear,yeojohnson,437932.81690211064,285977.7288127574,38.04600211086599,26.815216384935297,0.44062961259988254,
8,bairro,raw_zero_ord,DecisionTree,yeojohnson,413281.1837076591,224858.55941558443,26.998629107986254,13.640845324233924,0.5018320819831217,
8,bairro,raw_zero_ord,KNeighbors,yeojohnson,362065.54078851524,226308.82857142857,27.718562495918547,19.333333333333332,0.6176519526147076,
8,bairro,raw_zero_ord,RandomForest,yeojohnson,338696.6726830468,197081.06736489845,24.242461068670355,14.570506920774301,0.6654150896706164,
8,bairro,raw_zero_ord,GradientBoosting,yeojohnson,315631.05054831033,195165.6205179147,24.112215637214458,16.36663745766498,0.7094345774295594,
8,bairro,raw_zero_ord,MLP,yeojohnson,808943.4463137039,585739.1642490536,59.87528303924984,66.75666290941128,-0.9086258957329574,
9,metro_quadrado_bairro_mean,raw_zero_ord,DecisionTree,yeojohnson,399138.64317600895,220833.77023809525,27.340304108647484,13.636363636363635,0.5353434715067196,
9,metro_quadrado_bairro_mean,raw_zero_ord,Linear,yeojohnson,433314.6970898097,283106.6517432587,37.469586891566216,26.013600523435866,0.45236483266291194,
9,metro_quadrado_bairro_mean,raw_zero_ord,KNeighbors,yeojohnson,384177.0949339484,234249.12727272726,28.604913868658237,19.41493370551291,0.5695255037653733,
9,metro_quadrado_bairro_mean,raw_zero_ord,RandomForest,yeojohnson,333018.22559056716,195397.87446662528,23.912190319197006,14.189619092635846,0.6765400649507542,
9,metro_quadrado_bairro_mean,raw_zero_ord,GradientBoosting,yeojohnson,328296.5102177098,197122.4311264715,23.909556633636953,16.24616671036469,0.6856474247470601,
9,metro_quadrado_bairro_mean,raw_zero_ord,MLP,yeojohnson,746592.3138872038,531951.3988324648,56.85684882279506,60.0002130533962,-0.6257416020231266,
10,score_escola_publica,raw_zero_ord,DecisionTree,yeojohnson,434055.1493607511,225081.55876623376,27.354987683104,12.68863963439523,0.45049162519872177,
10,score_escola_publica,raw_zero_ord,Linear,yeojohnson,433768.2142462509,282906.7973490313,37.390547610617745,26.30853687463177,0.4512178975776434,
10,score_escola_publica,raw_zero_ord,KNeighbors,yeojohnson,380195.4261733388,232096.69272727275,27.94927652145798,18.928902272240126,0.5784022679709131,
10,score_escola_publica,raw_zero_ord,GradientBoosting,yeojohnson,314843.32308093004,192833.44296723427,23.56494270684364,15.805731529319045,0.7108831088438474,
10,score_escola_publica,raw_zero_ord,RandomForest,yeojohnson,320090.044131188,193110.46013618674,23.63758024374117,14.745992121967182,0.7011668155496182,
10,score_escola_publica,raw_zero_ord,MLP,yeojohnson,744043.3070670192,530077.2615777152,56.82730317251693,60.01652492701193,-0.6146593765274408,
11,score_mercado,raw_zero_ord,Linear,yeojohnson,434021.486166304,283131.8772943865,37.491355896262974,26.037694751492403,0.45057685625741684,
11,score_mercado,raw_zero_ord,DecisionTree,yeojohnson,456102.6276314044,233481.95097402597,28.069332783522288,13.061538461538461,0.393250204542948,
11,score_mercado,raw_zero_ord,KNeighbors,yeojohnson,397060.7351585143,241580.08181818182,28.888044721468376,19.236389573738972,0.5401688639866409,
11,score_mercado,raw_zero_ord,RandomForest,yeojohnson,324010.82628253364,197489.52091415183,24.27174221944854,14.842014250741336,0.6938011653738887,
11,score_mercado,raw_zero_ord,GradientBoosting,yeojohnson,325252.62916667707,198645.93060067485,24.252773161220595,16.503364742859926,0.6914495942800423,
11,score_mercado,raw_zero_ord,MLP,yeojohnson,774113.4218076209,553483.2183406483,57.502091237067255,61.4256592959429,-0.7478078477099412,
12,score_hospitais,raw_zero_ord,DecisionTree,yeojohnson,420182.03233339236,228674.90876623377,28.20091512298038,14.923862936226953,0.4850566609650607,
12,score_hospitais,raw_zero_ord,KNeighbors,yeojohnson,396913.42288402753,241064.81246753247,28.7870453257557,19.25848995983936,0.5405100017459465,
12,score_hospitais,raw_zero_ord,Linear,yeojohnson,433937.1040459309,282988.6950065484,37.464116328943284,25.69023295343825,0.45079047233194836,
12,score_hospitais,raw_zero_ord,RandomForest,yeojohnson,323690.737693932,198430.8158940839,24.376748533290158,14.900822518641132,0.6944058509751547,
12,score_hospitais,raw_zero_ord,GradientBoosting,yeojohnson,324021.32278813777,198655.06040089516,24.231128142324707,16.514242745734215,0.6937813260995012,
12,score_hospitais,raw_zero_ord,MLP,yeojohnson,765119.4678904326,545948.9276181308,57.13855203943723,61.270333221925135,-0.7074303424153747,
13,lat,raw_zero_ord,Linear,yeojohnson,433749.6183069836,282744.2445829829,37.45388041076046,25.779322397990434,0.4512649498952742,
13,lat,raw_zero_ord,DecisionTree,yeojohnson,399193.0500576527,220348.05919913418,26.781426879236452,14.338382555371098,0.5352167875276781,
13,lat,raw_zero_ord,KNeighbors,yeojohnson,396595.7861056968,242426.39012987012,29.322145079341222,19.43561921975036,0.541245136989271,
13,lat,raw_zero_ord,RandomForest,yeojohnson,326859.48502560257,198920.53731684858,24.38396500774497,14.844660451333896,0.6883933808567623,
13,lat,raw_zero_ord,GradientBoosting,yeojohnson,323444.52323685907,198658.26439878903,24.030744943345816,16.442653295462488,0.6948705728379363,
13,lat,raw_zero_ord,MLP,yeojohnson,778128.7483630503,556328.0239984092,57.719888190070634,61.59398712523216,-0.7659866321115927,
14,valor_bairro_mean,raw_zero_ord,DecisionTree,yeojohnson,451587.1159957402,237488.74296536794,27.237994951065687,14.306180925092098,0.40520463483756664,
14,valor_bairro_mean,raw_zero_ord,Linear,yeojohnson,432772.55806590454,282441.19733730337,37.33844426033301,25.135984407590602,0.45373431617348214,
14,valor_bairro_mean,raw_zero_ord,KNeighbors,yeojohnson,396236.26566538366,240571.7690909091,28.838318877165197,19.41493370551291,0.5420764972784252,
14,valor_bairro_mean,raw_zero_ord,RandomForest,yeojohnson,325989.4400123058,199246.6721591635,24.481246035192243,14.892436005045607,0.6900500619108354,
14,valor_bairro_mean,raw_zero_ord,GradientBoosting,yeojohnson,332253.62054862437,201773.21736071596,24.340685387460205,16.6748193348184,0.6780236785051017,
14,valor_bairro_mean,raw_zero_ord,MLP,yeojohnson,740585.9138722275,525779.1335333688,56.074167300282696,58.301644230769234,-0.5996883607802452,
15,score_farmacia,raw_zero_ord,DecisionTree,yeojohnson,510096.1168567015,234719.9275974026,28.34428615098938,14.285714285714285,0.24109305885477628,
15,score_farmacia,raw_zero_ord,Linear,yeojohnson,432659.91070476343,282182.0151424916,37.30403439634226,25.20733031749547,0.4540186566568364,
15,score_farmacia,raw_zero_ord,KNeighbors,yeojohnson,389173.5875454105,238717.74207792204,28.609771819550694,19.445752379021997,0.5582554441646641,
15,score_farmacia,raw_zero_ord,RandomForest,yeojohnson,333847.9263547873,199583.5673269583,24.725415928825754,14.964944401616581,0.6749262837396544,
15,score_farmacia,raw_zero_ord,GradientBoosting,yeojohnson,344998.742552926,202383.44877806897,24.77026611552464,16.575644451495585,0.6528481256551326,
15,score_farmacia,raw_zero_ord,MLP,yeojohnson,757177.3466503765,537957.3298828917,56.52762181577927,59.685369893159205,-0.6721672543941819,
16,score_seguranca,raw_zero_ord,KNeighbors,yeojohnson,386074.714336249,237369.77896103894,28.63211705957816,19.450133729569096,0.5652623958207066,
16,score_seguranca,raw_zero_ord,Linear,yeojohnson,432360.82646162837,282212.07267390087,37.310956481591106,25.2955898783013,0.4547732353577666,
16,score_seguranca,raw_zero_ord,DecisionTree,yeojohnson,490614.65927402885,238005.09383116884,29.067585049656348,14.390537931027115,0.2979540615508116,
16,score_seguranca,raw_zero_ord,RandomForest,yeojohnson,334762.62664680585,199278.83241356883,24.68549906822506,14.928352366156822,0.6731425232714502,
16,score_seguranca,raw_zero_ord,GradientBoosting,yeojohnson,346002.97476860945,202656.6909244898,24.799281080831648,16.61703861106322,0.6508241850372547,
16,score_seguranca,raw_zero_ord,MLP,yeojohnson,734197.3179500074,521220.85196477716,56.01682817149269,58.19405466245994,-0.5722082739205989,
17,lng,raw_zero_ord,DecisionTree,yeojohnson,521923.0876855501,245854.458982684,29.42091791456644,14.338382555371098,0.2054934033984226,
17,lng,raw_zero_ord,KNeighbors,yeojohnson,385996.3699217457,237734.967012987,28.658363699547024,19.480625266741402,0.5654388166327953,
17,lng,raw_zero_ord,RandomForest,yeojohnson,332988.2429392616,197354.59443228488,24.55812833522241,14.805802421616415,0.6765983065070414,
17,lng,raw_zero_ord,Linear,yeojohnson,432705.31386368413,282203.81771134114,37.31014630790004,25.540007532521425,0.4539040605143482,
17,lng,raw_zero_ord,GradientBoosting,yeojohnson,341977.8177029533,199420.5700210075,24.60525457106253,16.62501594753534,0.6589010651247127,
17,lng,raw_zero_ord,MLP,yeojohnson,790173.2577051775,567842.4043441772,58.357649937292045,62.7233369241053,-0.8210805047744114,
18,metro_quadrado_bairro_median,raw_zero_ord,Linear,yeojohnson,438143.4926063647,285116.44096364215,38.03733116436587,25.53909710278398,0.44009129214662124,
18,metro_quadrado_bairro_median,raw_zero_ord,KNeighbors,yeojohnson,386444.3177016877,238378.05246753249,28.78207637365364,19.52229173529019,0.5644296171472922,
18,metro_quadrado_bairro_median,raw_zero_ord,DecisionTree,yeojohnson,525185.3141506843,243919.23733766234,29.263223450667596,14.544534412955468,0.1955304008572818,
18,metro_quadrado_bairro_median,raw_zero_ord,RandomForest,yeojohnson,332903.8851353193,198166.34999091673,24.591172452004027,14.812074686911226,0.6767621441292365,
18,metro_quadrado_bairro_median,raw_zero_ord,GradientBoosting,yeojohnson,346812.2732509815,201031.2062491149,24.69277824831435,16.704840668563925,0.6491888352698734,
18,metro_quadrado_bairro_median,raw_zero_ord,MLP,yeojohnson,774453.7149226563,553113.3716350208,57.39663661698559,60.82146771071576,-0.7493448258510207,
19,novo_lancamento,raw_zero_ord,KNeighbors,yeojohnson,387767.0473364762,240126.76233766234,29.086594190721076,19.62250712250712,0.5614427554332045,
19,novo_lancamento,raw_zero_ord,DecisionTree,yeojohnson,508904.52087709826,243273.2133982684,29.213824024630995,15.364265364265364,0.24463456479981438,
19,novo_lancamento,raw_zero_ord,Linear,yeojohnson,438153.19023572013,283839.741837089,37.845674742883745,25.122205834579088,0.4400665064437489,
19,novo_lancamento,raw_zero_ord,RandomForest,yeojohnson,330869.8817807856,197665.25832968138,24.545419566408633,15.160171742851137,0.6806999675670689,
19,novo_lancamento,raw_zero_ord,GradientBoosting,yeojohnson,338341.3194452933,198085.31598906106,24.396268786156494,16.233049167274306,0.6661167998986968,
19,novo_lancamento,raw_zero_ord,MLP,yeojohnson,755057.8119717737,536365.80694913,56.37634637294426,58.95687166468851,-0.6628187024023626,
20,banheiros_por_quarto,raw_zero_ord,Linear,yeojohnson,433762.260286244,279791.31681033917,36.735110392426805,23.99615387290136,0.45123296278601255,
20,banheiros_por_quarto,raw_zero_ord,KNeighbors,yeojohnson,388513.5104727325,243309.20727272722,29.73690723044808,19.445323195396867,0.5597526586913457,
20,banheiros_por_quarto,raw_zero_ord,RandomForest,yeojohnson,329737.67641075776,198725.26030060835,24.66337355686595,14.787937891141304,0.6828814576287133,
20,banheiros_por_quarto,raw_zero_ord,DecisionTree,yeojohnson,546359.3164284828,255286.6551731602,29.93658837438758,15.065218428893845,0.12935482792623365,
20,banheiros_por_quarto,raw_zero_ord,GradientBoosting,yeojohnson,346048.71442493144,201562.98992553205,24.849198020891947,16.091165297730335,0.6507318607592139,
20,banheiros_por_quarto,raw_zero_ord,MLP,yeojohnson,743611.9979474407,527656.3411460381,56.055949704023035,57.90750496031746,-0.6127879385159125,
21,vagas_por_metro,raw_zero_ord,DecisionTree,yeojohnson,508778.37606413045,248729.36242424243,29.97035505475056,15.299076316025467,0.24500899111433605,
21,vagas_por_metro,raw_zero_ord,Linear,yeojohnson,434366.8283435838,280466.97065507673,36.96132576502599,24.28453520231089,0.4497021784983326,
21,vagas_por_metro,raw_zero_ord,KNeighbors,yeojohnson,403261.2505930315,254496.36987012986,31.212682606215814,20.73347165861485,0.5256952485042712,
21,vagas_por_metro,raw_zero_ord,RandomForest,yeojohnson,329042.5775192366,196465.7746231082,24.441007060953066,14.37673971613359,0.6842170430177591,
21,vagas_por_metro,raw_zero_ord,GradientBoosting,yeojohnson,350735.7628652977,199591.17451066297,24.835306862480092,16.823651872744474,0.6412064788086427,
21,vagas_por_metro,raw_zero_ord,MLP,yeojohnson,725806.9355344363,514453.1830383697,55.88175453161903,56.07017677635703,-0.5364793146026643,
22,quartos_por_metro,raw_zero_ord,DecisionTree,yeojohnson,533402.4710349903,244005.26588744592,28.333066045528422,14.285714285714285,0.17015967180349267,
22,quartos_por_metro,raw_zero_ord,Linear,yeojohnson,433960.1337070119,280560.55608027265,36.9820150409568,24.311255301401253,0.45073217611900274,
22,quartos_por_metro,raw_zero_ord,RandomForest,yeojohnson,326024.47395669145,194004.14275551675,23.98938325361464,14.63811304390246,0.6899834379589271,
22,quartos_por_metro,raw_zero_ord,KNeighbors,yeojohnson,399336.4147947993,253949.16077922075,31.456815112231872,21.7436059568131,0.5348828864823723,
22,quartos_por_metro,raw_zero_ord,GradientBoosting,yeojohnson,340407.22890652757,197263.21122980257,24.315173243211376,16.342525600101286,0.6620269752458219,
22,quartos_por_metro,raw_zero_ord,MLP,yeojohnson,737473.7092513888,524370.6347390311,55.903068639222354,57.15250254106359,-0.5862716954528526,
23,bairro_rank,raw_zero_ord,KNeighbors,yeojohnson,399062.62088010967,253446.36103896104,31.357241436969247,21.609833205708316,0.5355204570864003,
23,bairro_rank,raw_zero_ord,DecisionTree,yeojohnson,546055.1916778956,256478.89705627708,30.37411204474816,15.182296912319071,0.130323827788142,
23,bairro_rank,raw_zero_ord,Linear,yeojohnson,729519.6793247886,313047.3109137086,45.136540481269535,24.2691077468903,-0.5522387241634117,
23,bairro_rank,raw_zero_ord,RandomForest,yeojohnson,328471.5453815624,194330.65282399076,24.074782729743063,14.824436539329533,0.6853121338084127,
23,bairro_rank,raw_zero_ord,GradientBoosting,yeojohnson,341425.9685068104,198148.81446877416,24.350673263720548,16.39457758140791,0.6600010387829021,
23,bairro_rank,raw_zero_ord,MLP,yeojohnson,700850.5698047898,495935.8127438037,55.049332496374184,54.21690034398012,-0.43263432263638535,
24,score_educacao,raw_zero_ord,Linear,yeojohnson,729519.6793247886,313047.3109137086,45.136540481269535,24.2691077468903,-0.5522387241634117,
24,score_educacao,raw_zero_ord,DecisionTree,yeojohnson,546055.1916778956,256478.89705627708,30.37411204474816,15.182296912319071,0.130323827788142,
24,score_educacao,raw_zero_ord,KNeighbors,yeojohnson,399062.62088010967,253446.36103896104,31.357241436969247,21.609833205708316,0.5355204570864003,
24,score_educacao,raw_zero_ord,RandomForest,yeojohnson,328471.5453815624,194330.65282399076,24.074782729743063,14.824436539329527,0.6853121338084127,
24,score_educacao,raw_zero_ord,GradientBoosting,yeojohnson,341425.9685068104,198148.81446877416,24.350673263720548,16.39457758140791,0.6600010387829021,
24,score_educacao,raw_zero_ord,MLP,yeojohnson,793889.3840990907,575944.3757133187,59.46734771808797,63.46280817843031,-0.8382495964196164,
25,score_escola_privada,raw_zero_ord,Linear,yeojohnson,729519.6793247886,313047.3109137086,45.136540481269535,24.2691077468903,-0.5522387241634117,
25,score_escola_privada,raw_zero_ord,KNeighbors,yeojohnson,399062.62088010967,253446.36103896104,31.357241436969247,21.609833205708316,0.5355204570864003,
25,score_escola_privada,raw_zero_ord,DecisionTree,yeojohnson,546055.1916778956,256478.89705627708,30.37411204474816,15.182296912319071,0.130323827788142,
25,score_escola_privada,raw_zero_ord,RandomForest,yeojohnson,328471.5453815624,194330.65282399076,24.074782729743063,14.824436539329527,0.6853121338084127,
25,score_escola_privada,raw_zero_ord,GradientBoosting,yeojohnson,341425.9685068104,198148.81446877416,24.350673263720548,16.39457758140791,0.6600010387829021,
25,score_escola_privada,raw_zero_ord,MLP,yeojohnson,758272.4514302881,540641.2132611956,56.554853243599915,58.61633335669865,-0.6770076595946473,
1,metragem,raw_zero_ord,Linear,yeojohnson,494825.68297358934,339651.15228558896,44.40962571331812,35.04469116560821,0.2858507973565907,
1,metragem,raw_zero_ord,DecisionTree,yeojohnson,470777.1163041243,282154.6202374155,35.2571314014759,24.45649964277466,0.3535794136676874,
1,metragem,raw_zero_ord,KNeighbors,yeojohnson,464442.90456808533,300827.4005194805,37.05869819656584,27.465029738091427,0.3708573099321857,
1,metragem,raw_zero_ord,RandomForest,yeojohnson,436061.00591285666,281616.0110801974,35.3203856831811,24.317331780191036,0.4454011116963359,
1,metragem,raw_zero_ord,GradientBoosting,yeojohnson,449238.7849761607,276736.1362971441,35.017803745077494,26.15862616955726,0.4113746278141419,
1,metragem,raw_zero_ord,MLP,yeojohnson,1020629.199386013,844246.4925104314,95.2425200719073,95.69521987067333,-2.038228743411901,
2,tipo_imovel,raw_zero_ord,Linear,yeojohnson,451341.15799746045,290157.0549586119,38.475989827616665,25.714425648415727,0.4058523718183116,
2,tipo_imovel,raw_zero_ord,DecisionTree,yeojohnson,464142.1110790825,232031.8183922952,29.05854360310267,18.260837105869264,0.3716719665552901,
2,tipo_imovel,raw_zero_ord,KNeighbors,yeojohnson,399302.1601858376,245815.0537662338,29.425960612221875,20.687535125584393,0.5349626774602205,
2,tipo_imovel,raw_zero_ord,GradientBoosting,yeojohnson,411484.70886537904,228648.68520838383,28.688673586645564,17.77802612684502,0.5061535999473287,
2,tipo_imovel,raw_zero_ord,RandomForest,yeojohnson,387567.44866412634,226855.5279191241,28.306518431422173,17.903532689378533,0.5618941239310158,
2,tipo_imovel,raw_zero_ord,MLP,yeojohnson,974873.6153579649,791163.4193787017,87.59724020683284,88.54674024627332,-1.7719227516837908,
3,banheiros,raw_zero_ord,DecisionTree,yeojohnson,434997.971151377,214042.3073734689,26.51704733483508,15.63018597997139,0.44810183142727533,
3,banheiros,raw_zero_ord,Linear,yeojohnson,440397.0265245649,286991.74155214103,38.20267459641825,26.81677458091047,0.43431684533313675,
3,banheiros,raw_zero_ord,KNeighbors,yeojohnson,411199.9211418166,239172.0890909091,28.43802234865992,19.77024110796349,0.5068369435575375,
3,banheiros,raw_zero_ord,RandomForest,yeojohnson,395447.20746767777,215759.39100516748,26.30597410119684,16.643854804603457,0.5438984835704272,
3,banheiros,raw_zero_ord,GradientBoosting,yeojohnson,356959.2789540841,210522.14203002196,25.912022459015247,17.69347316343881,0.6283605219362505,
3,banheiros,raw_zero_ord,MLP,yeojohnson,996111.1286549019,819437.7466879708,92.1563441184392,93.4064114531946,-1.8940103123791743,
4,tem_elevador,raw_zero_ord,Linear,yeojohnson,439644.6036798934,285710.7574754071,37.9418263857203,26.393287948356548,0.4362481450635529,
4,tem_elevador,raw_zero_ord,DecisionTree,yeojohnson,457118.14671083307,217028.51116837436,26.42152695549592,15.37278995887501,0.3905453223186738,
4,tem_elevador,raw_zero_ord,KNeighbors,yeojohnson,410398.98642004334,236426.50311688308,28.132901846293734,19.886685552407933,0.5087562373764574,
4,tem_elevador,raw_zero_ord,GradientBoosting,yeojohnson,374646.33940043853,213807.55652254113,26.056088119591386,17.415278502080078,0.5906191935397502,
4,tem_elevador,raw_zero_ord,RandomForest,yeojohnson,394643.5751218893,213848.57064878393,25.999540142253274,16.40802829736373,0.5457503893791382,
4,tem_elevador,raw_zero_ord,MLP,yeojohnson,973019.3520413743,796708.457993069,89.42658981171367,90.11909497014162,-1.7613880804574986,
5,quartos,raw_zero_ord,Linear,yeojohnson,439392.65916011756,285613.5453173959,37.928956342396496,26.495872491896133,0.43689409177519944,
5,quartos,raw_zero_ord,DecisionTree,yeojohnson,457584.2431687026,205529.60778652018,24.96022562212679,12.162083804797804,0.38930183859110246,
5,quartos,raw_zero_ord,KNeighbors,yeojohnson,400851.9432559223,239821.53246753247,28.067167984243603,20.138742110602575,0.5313458396077021,
5,quartos,raw_zero_ord,GradientBoosting,yeojohnson,379777.98124546773,210800.67372975574,25.396312906824818,17.68028779868158,0.5793275669321662,
5,quartos,raw_zero_ord,RandomForest,yeojohnson,391130.32525889506,205784.00894657764,24.622651437916907,15.084795015453983,0.5538021550584212,
5,quartos,raw_zero_ord,MLP,yeojohnson,974802.2269942169,801875.5329738072,90.5248214356639,91.73296900481837,-1.7715168000173596,
6,vagas,raw_zero_ord,Linear,yeojohnson,438580.18880779424,285705.56516435166,37.968897855374486,26.168693714368686,0.4389746175358561,
6,vagas,raw_zero_ord,DecisionTree,yeojohnson,448038.12032905663,192053.13247732428,23.42049724881917,10.56095924870032,0.4145168197023278,
6,vagas,raw_zero_ord,KNeighbors,yeojohnson,371704.18448056496,218936.10597402597,26.0987165777175,18.095909483739618,0.5970238061923057,
6,vagas,raw_zero_ord,RandomForest,yeojohnson,373730.1453354637,195498.11209565494,23.91424895386346,13.978340694134284,0.5926190190176225,
6,vagas,raw_zero_ord,GradientBoosting,yeojohnson,347073.15938874107,203596.34964204114,25.117172644944887,16.71556498132964,0.6486608482285332,
6,vagas,raw_zero_ord,MLP,yeojohnson,971844.7592277747,799311.9596229454,90.18291011590821,91.89151025987374,-1.7547252142611942,
7,score_parque,raw_zero_ord,DecisionTree,yeojohnson,409543.71005592943,215516.04404761907,26.203099078996644,12.978290341316946,0.5108016195296183,
7,score_parque,raw_zero_ord,Linear,yeojohnson,438593.806736381,285697.54962927004,37.959708289748875,26.20089708501936,0.4389397772836061,
7,score_parque,raw_zero_ord,KNeighbors,yeojohnson,373072.8875169146,231310.99506493504,28.216793505910005,19.300157855547283,0.5940506342946079,
7,score_parque,raw_zero_ord,RandomForest,yeojohnson,343616.6162176564,198236.10163344353,24.49422603573902,14.85160483056295,0.6556240583830658,
7,score_parque,raw_zero_ord,GradientBoosting,yeojohnson,330584.3384028417,199794.9550824235,24.638018989556198,16.90843192370231,0.6812508467670425,
7,score_parque,raw_zero_ord,MLP,yeojohnson,963589.5705895271,793645.6472642774,89.9032179988252,92.06279508005095,-1.7081247834225168,
8,bairro,raw_zero_ord,DecisionTree,yeojohnson,413281.1837076591,224858.55941558443,26.998629107986254,13.640845324233924,0.5018320819831217,
8,bairro,raw_zero_ord,Linear,yeojohnson,437932.81690211064,285977.7288127574,38.04600211086599,26.815216384935297,0.44062961259988254,
8,bairro,raw_zero_ord,KNeighbors,yeojohnson,362065.54078851524,226308.82857142857,27.718562495918547,19.333333333333332,0.6176519526147076,
8,bairro,raw_zero_ord,GradientBoosting,yeojohnson,315631.05054831033,195165.6205179147,24.112215637214458,16.36663745766498,0.7094345774295594,
8,bairro,raw_zero_ord,RandomForest,yeojohnson,338696.6726830467,197081.06736489845,24.242461068670355,14.570506920774301,0.6654150896706166,
8,bairro,raw_zero_ord,MLP,yeojohnson,742171.745422759,529481.0776101248,57.00608492995662,60.37465962516252,-0.6065465856406063,
9,metro_quadrado_bairro_mean,raw_zero_ord,DecisionTree,yeojohnson,399138.64317600895,220833.77023809525,27.340304108647484,13.636363636363635,0.5353434715067196,
9,metro_quadrado_bairro_mean,raw_zero_ord,Linear,yeojohnson,433314.6970898097,283106.6517432587,37.469586891566216,26.013600523435866,0.45236483266291194,
9,metro_quadrado_bairro_mean,raw_zero_ord,KNeighbors,yeojohnson,384177.0949339484,234249.12727272726,28.604913868658237,19.41493370551291,0.5695255037653733,
9,metro_quadrado_bairro_mean,raw_zero_ord,GradientBoosting,yeojohnson,328296.5102177098,197122.4311264715,23.909556633636953,16.24616671036469,0.6856474247470601,
9,metro_quadrado_bairro_mean,raw_zero_ord,RandomForest,yeojohnson,333018.22559056716,195397.87446662525,23.912190319197002,14.189619092635846,0.6765400649507542,
9,metro_quadrado_bairro_mean,raw_zero_ord,MLP,yeojohnson,742006.0541942635,528502.815356485,56.80628905704883,59.843486317381746,-0.6058293366607883,
10,score_escola_publica,raw_zero_ord,Linear,yeojohnson,433768.2142462509,282906.7973490313,37.390547610617745,26.30853687463177,0.4512178975776434,
10,score_escola_publica,raw_zero_ord,DecisionTree,yeojohnson,434055.1493607511,225081.55876623376,27.354987683104,12.68863963439523,0.45049162519872177,
10,score_escola_publica,raw_zero_ord,KNeighbors,yeojohnson,380195.4261733388,232096.69272727275,27.94927652145798,18.928902272240126,0.5784022679709131,
10,score_escola_publica,raw_zero_ord,RandomForest,yeojohnson,320090.044131188,193110.46013618677,23.63758024374117,14.745992121967182,0.7011668155496182,
10,score_escola_publica,raw_zero_ord,GradientBoosting,yeojohnson,314843.32308093004,192833.44296723427,23.56494270684364,15.805731529319045,0.7108831088438474,
10,score_escola_publica,raw_zero_ord,MLP,yeojohnson,757286.3185139992,540062.3984057538,57.01819021244051,60.98844661458334,-0.6726486007925294,
11,score_mercado,raw_zero_ord,Linear,yeojohnson,434021.486166304,283131.8772943865,37.491355896262974,26.037694751492403,0.45057685625741684,
11,score_mercado,raw_zero_ord,DecisionTree,yeojohnson,456102.6276314044,233481.95097402597,28.069332783522288,13.061538461538461,0.393250204542948,
11,score_mercado,raw_zero_ord,KNeighbors,yeojohnson,397060.7351585143,241580.08181818182,28.888044721468376,19.236389573738972,0.5401688639866409,
11,score_mercado,raw_zero_ord,RandomForest,yeojohnson,324010.82628253364,197489.5209141519,24.271742219448544,14.842014250741336,0.6938011653738885,
11,score_mercado,raw_zero_ord,GradientBoosting,yeojohnson,325252.62916667707,198645.93060067485,24.252773161220595,16.503364742859926,0.6914495942800423,
11,score_mercado,raw_zero_ord,MLP,yeojohnson,797595.6259636864,574738.12884034,58.95007569224361,64.75163175172824,-0.8554532544012967,
12,score_hospitais,raw_zero_ord,DecisionTree,yeojohnson,420182.03233339236,228674.90876623377,28.20091512298038,14.923862936226953,0.4850566609650607,
12,score_hospitais,raw_zero_ord,Linear,yeojohnson,433937.1040459309,282988.6950065484,37.464116328943284,25.69023295343825,0.45079047233194836,
12,score_hospitais,raw_zero_ord,RandomForest,yeojohnson,323690.737693932,198430.81589408385,24.37674853329016,14.900822518641132,0.6944058509751547,
12,score_hospitais,raw_zero_ord,KNeighbors,yeojohnson,396913.42288402753,241064.81246753247,28.7870453257557,19.25848995983936,0.5405100017459465,
12,score_hospitais,raw_zero_ord,GradientBoosting,yeojohnson,324021.32278813777,198655.06040089516,24.231128142324707,16.514242745734215,0.6937813260995012,
12,score_hospitais,raw_zero_ord,MLP,yeojohnson,758748.4317269794,540598.0493196165,56.97970399232768,60.32677951267482,-0.6791136918807967,
13,lat,raw_zero_ord,Linear,yeojohnson,433749.6183069836,282744.2445829829,37.45388041076046,25.779322397990434,0.4512649498952742,
13,lat,raw_zero_ord,KNeighbors,yeojohnson,396595.7861056968,242426.39012987012,29.322145079341222,19.43561921975036,0.541245136989271,
13,lat,raw_zero_ord,DecisionTree,yeojohnson,399193.0500576527,220348.05919913418,26.781426879236452,14.338382555371098,0.5352167875276781,
13,lat,raw_zero_ord,RandomForest,yeojohnson,326859.4850256026,198920.53731684858,24.38396500774497,14.844660451333896,0.6883933808567622,
13,lat,raw_zero_ord,GradientBoosting,yeojohnson,323444.52323685907,198658.26439878903,24.030744943345816,16.442653295462488,0.6948705728379363,
13,lat,raw_zero_ord,MLP,yeojohnson,788905.8521522813,566837.7211129424,58.352131099403195,63.28263125,-0.8152433127038032,
14,valor_bairro_mean,raw_zero_ord,DecisionTree,yeojohnson,451587.1159957402,237488.74296536794,27.237994951065687,14.306180925092098,0.40520463483756664,
14,valor_bairro_mean,raw_zero_ord,Linear,yeojohnson,432772.55806590454,282441.19733730337,37.33844426033301,25.135984407590602,0.45373431617348214,
14,valor_bairro_mean,raw_zero_ord,KNeighbors,yeojohnson,396236.26566538366,240571.7690909091,28.838318877165197,19.41493370551291,0.5420764972784252,
14,valor_bairro_mean,raw_zero_ord,GradientBoosting,yeojohnson,332253.62054862437,201773.21736071596,24.340685387460205,16.6748193348184,0.6780236785051017,
14,valor_bairro_mean,raw_zero_ord,RandomForest,yeojohnson,325989.4400123058,199246.6721591635,24.481246035192243,14.892436005045607,0.6900500619108354,
14,valor_bairro_mean,raw_zero_ord,MLP,yeojohnson,753620.543638042,535486.8601030622,56.35552097518294,59.419431669877284,-0.6564943071052902,
15,score_farmacia,raw_zero_ord,Linear,yeojohnson,432659.91070476343,282182.0151424916,37.30403439634226,25.20733031749547,0.4540186566568364,
15,score_farmacia,raw_zero_ord,KNeighbors,yeojohnson,389173.5875454105,238717.74207792204,28.609771819550694,19.445752379021997,0.5582554441646641,
15,score_farmacia,raw_zero_ord,DecisionTree,yeojohnson,510096.1168567015,234719.9275974026,28.34428615098938,14.285714285714285,0.24109305885477628,
15,score_farmacia,raw_zero_ord,RandomForest,yeojohnson,333847.9263547873,199583.5673269583,24.725415928825754,14.964944401616581,0.6749262837396544,
15,score_farmacia,raw_zero_ord,GradientBoosting,yeojohnson,344998.742552926,202383.44877806897,24.77026611552464,16.575644451495585,0.6528481256551326,
15,score_farmacia,raw_zero_ord,MLP,yeojohnson,766227.9676561533,545232.3881242628,56.85723543271983,60.00844908854166,-0.7123813527328373,
16,score_seguranca,raw_zero_ord,KNeighbors,yeojohnson,386074.714336249,237369.77896103894,28.63211705957816,19.450133729569096,0.5652623958207066,
16,score_seguranca,raw_zero_ord,Linear,yeojohnson,432360.82646162837,282212.07267390087,37.310956481591106,25.2955898783013,0.4547732353577666,
16,score_seguranca,raw_zero_ord,RandomForest,yeojohnson,334762.62664680585,199278.83241356883,24.685499068225063,14.928352366156822,0.6731425232714502,
16,score_seguranca,raw_zero_ord,DecisionTree,yeojohnson,490614.65927402885,238005.09383116884,29.067585049656348,14.390537931027115,0.2979540615508116,
16,score_seguranca,raw_zero_ord,GradientBoosting,yeojohnson,346002.97476860945,202656.6909244898,24.799281080831648,16.61703861106322,0.6508241850372547,
16,score_seguranca,raw_zero_ord,MLP,yeojohnson,752785.3255612873,534651.5354806875,56.404661132506426,59.076989598731224,-0.6528246424879602,
17,lng,raw_zero_ord,KNeighbors,yeojohnson,385996.3699217457,237734.967012987,28.658363699547024,19.480625266741402,0.5654388166327953,
17,lng,raw_zero_ord,DecisionTree,yeojohnson,521923.0876855501,245854.458982684,29.42091791456644,14.338382555371098,0.2054934033984226,
17,lng,raw_zero_ord,Linear,yeojohnson,432705.31386368413,282203.81771134114,37.31014630790004,25.540007532521425,0.4539040605143482,
17,lng,raw_zero_ord,RandomForest,yeojohnson,332988.2429392616,197354.59443228488,24.558128335222413,14.80580242161641,0.6765983065070414,
17,lng,raw_zero_ord,GradientBoosting,yeojohnson,341977.8177029533,199420.5700210075,24.60525457106253,16.62501594753534,0.6589010651247127,
17,lng,raw_zero_ord,MLP,yeojohnson,769132.3535385573,548029.0231936368,56.9510890482188,60.05836611276455,-0.725387513561254,
18,metro_quadrado_bairro_median,raw_zero_ord,Linear,yeojohnson,438143.4926063647,285116.44096364215,38.03733116436587,25.53909710278398,0.44009129214662124,
18,metro_quadrado_bairro_median,raw_zero_ord,DecisionTree,yeojohnson,525185.3141506843,243919.23733766234,29.263223450667596,14.544534412955468,0.1955304008572818,
18,metro_quadrado_bairro_median,raw_zero_ord,KNeighbors,yeojohnson,386444.3177016877,238378.05246753249,28.78207637365364,19.52229173529019,0.5644296171472922,
18,metro_quadrado_bairro_median,raw_zero_ord,RandomForest,yeojohnson,332903.8851353193,198166.34999091673,24.591172452004027,14.812074686911226,0.6767621441292365,
18,metro_quadrado_bairro_median,raw_zero_ord,GradientBoosting,yeojohnson,346812.2732509815,201031.2062491149,24.69277824831435,16.704840668563925,0.6491888352698734,
18,metro_quadrado_bairro_median,raw_zero_ord,MLP,yeojohnson,814695.5690578109,594298.6511082835,60.90511791408931,66.605265625,-0.935865582775667,
19,novo_lancamento,raw_zero_ord,KNeighbors,yeojohnson,387767.0473364762,240126.76233766234,29.086594190721076,19.62250712250712,0.5614427554332045,
19,novo_lancamento,raw_zero_ord,DecisionTree,yeojohnson,508904.52087709826,243273.2133982684,29.213824024630995,15.364265364265364,0.24463456479981438,
19,novo_lancamento,raw_zero_ord,Linear,yeojohnson,438153.19023572013,283839.741837089,37.845674742883745,25.122205834579088,0.4400665064437489,
19,novo_lancamento,raw_zero_ord,RandomForest,yeojohnson,330869.8817807856,197665.25832968138,24.545419566408633,15.160171742851148,0.6806999675670689,
19,novo_lancamento,raw_zero_ord,GradientBoosting,yeojohnson,338341.3194452933,198085.31598906106,24.396268786156494,16.233049167274306,0.6661167998986968,
19,novo_lancamento,raw_zero_ord,MLP,yeojohnson,764013.4751902448,543923.4405063579,56.73797515436877,59.982666270380435,-0.7024976731696568,
20,banheiros_por_quarto,raw_zero_ord,Linear,yeojohnson,433762.260286244,279791.31681033917,36.735110392426805,23.99615387290136,0.45123296278601255,
20,banheiros_por_quarto,raw_zero_ord,KNeighbors,yeojohnson,388513.5104727325,243309.20727272722,29.73690723044808,19.445323195396867,0.5597526586913457,
20,banheiros_por_quarto,raw_zero_ord,DecisionTree,yeojohnson,546359.3164284828,255286.6551731602,29.93658837438758,15.065218428893845,0.12935482792623365,
20,banheiros_por_quarto,raw_zero_ord,RandomForest,yeojohnson,329737.67641075776,198725.26030060835,24.66337355686595,14.787937891141311,0.6828814576287133,
20,banheiros_por_quarto,raw_zero_ord,GradientBoosting,yeojohnson,346048.71442493144,201562.98992553205,24.849198020891947,16.091165297730335,0.6507318607592139,
20,banheiros_por_quarto,raw_zero_ord,MLP,yeojohnson,763453.0804451563,543804.1820215795,56.77142241384578,59.492246983663065,-0.7000010657646862,
21,vagas_por_metro,raw_zero_ord,KNeighbors,yeojohnson,403261.2505930315,254496.36987012986,31.212682606215814,20.73347165861485,0.5256952485042712,
21,vagas_por_metro,raw_zero_ord,Linear,yeojohnson,434366.8283435838,280466.97065507673,36.96132576502599,24.28453520231089,0.4497021784983326,
21,vagas_por_metro,raw_zero_ord,RandomForest,yeojohnson,329042.5775192366,196465.7746231082,24.441007060953066,14.37673971613359,0.6842170430177591,
21,vagas_por_metro,raw_zero_ord,DecisionTree,yeojohnson,508778.37606413045,248729.36242424243,29.97035505475056,15.299076316025467,0.24500899111433605,
21,vagas_por_metro,raw_zero_ord,GradientBoosting,yeojohnson,350735.7628652977,199591.17451066297,24.835306862480092,16.823651872744474,0.6412064788086427,
21,vagas_por_metro,raw_zero_ord,MLP,yeojohnson,725715.6924179245,514754.66734214884,55.78337134539135,56.46584043927649,-0.53609302909827,
22,quartos_por_metro,raw_zero_ord,KNeighbors,yeojohnson,399336.4147947993,253949.16077922075,31.456815112231872,21.7436059568131,0.5348828864823723,
22,quartos_por_metro,raw_zero_ord,DecisionTree,yeojohnson,533402.4710349903,244005.26588744592,28.333066045528422,14.285714285714285,0.17015967180349267,
22,quartos_por_metro,raw_zero_ord,Linear,yeojohnson,433960.1337070119,280560.55608027265,36.9820150409568,24.311255301401253,0.45073217611900274,
22,quartos_por_metro,raw_zero_ord,RandomForest,yeojohnson,326024.47395669145,194004.14275551672,23.98938325361464,14.638113043902482,0.6899834379589271,
22,quartos_por_metro,raw_zero_ord,GradientBoosting,yeojohnson,340407.22890652757,197263.21122980257,24.315173243211376,16.342525600101286,0.6620269752458219,
22,quartos_por_metro,raw_zero_ord,MLP,yeojohnson,747668.0460636726,532400.498240622,56.196303885410316,58.447558956399206,-0.6304298969576074,
23,bairro_rank,raw_zero_ord,DecisionTree,yeojohnson,546055.1916778956,256478.89705627708,30.37411204474816,15.182296912319071,0.130323827788142,
23,bairro_rank,raw_zero_ord,Linear,yeojohnson,729519.6793247886,313047.3109137086,45.136540481269535,24.2691077468903,-0.5522387241634117,
23,bairro_rank,raw_zero_ord,KNeighbors,yeojohnson,399062.62088010967,253446.36103896104,31.357241436969247,21.609833205708316,0.5355204570864003,
23,bairro_rank,raw_zero_ord,RandomForest,yeojohnson,328471.5453815624,194330.65282399076,24.074782729743063,14.824436539329527,0.6853121338084127,
23,bairro_rank,raw_zero_ord,GradientBoosting,yeojohnson,341425.9685068104,198148.81446877416,24.350673263720548,16.39457758140791,0.6600010387829021,
23,bairro_rank,raw_zero_ord,MLP,yeojohnson,742968.6349550127,527594.9586837769,55.84019029709473,56.97581943794716,-0.6099984213619729,
24,score_educacao,raw_zero_ord,DecisionTree,yeojohnson,546055.1916778956,256478.89705627708,30.37411204474816,15.182296912319071,0.130323827788142,
24,score_educacao,raw_zero_ord,Linear,yeojohnson,729519.6793247886,313047.3109137086,45.136540481269535,24.2691077468903,-0.5522387241634117,
24,score_educacao,raw_zero_ord,KNeighbors,yeojohnson,399062.62088010967,253446.36103896104,31.357241436969247,21.609833205708316,0.5355204570864003,
24,score_educacao,raw_zero_ord,RandomForest,yeojohnson,328471.5453815624,194330.65282399076,24.074782729743063,14.824436539329533,0.6853121338084127,
24,score_educacao,raw_zero_ord,GradientBoosting,yeojohnson,341425.9685068104,198148.81446877416,24.350673263720548,16.39457758140791,0.6600010387829021,
24,score_educacao,raw_zero_ord,MLP,yeojohnson,731249.0426480719,518227.88073548157,55.424933344975734,55.426054603729604,-0.5596067679040715,
25,score_escola_privada,raw_zero_ord,DecisionTree,yeojohnson,546055.1916778956,256478.89705627708,30.37411204474816,15.182296912319071,0.130323827788142,
25,score_escola_privada,raw_zero_ord,Linear,yeojohnson,729519.6793247886,313047.3109137086,45.136540481269535,24.2691077468903,-0.5522387241634117,
25,score_escola_privada,raw_zero_ord,KNeighbors,yeojohnson,399062.62088010967,253446.36103896104,31.357241436969247,21.609833205708316,0.5355204570864003,
25,score_escola_privada,raw_zero_ord,RandomForest,yeojohnson,328471.5453815624,194330.65282399076,24.074782729743063,14.824436539329527,0.6853121338084127,
25,score_escola_privada,raw_zero_ord,GradientBoosting,yeojohnson,341425.9685068104,198148.81446877416,24.350673263720548,16.39457758140791,0.6600010387829021,
25,score_escola_privada,raw_zero_ord,MLP,yeojohnson,755428.790942467,538602.9672300066,56.42775913238688,58.431285395823274,-0.6644530734478045,
